candidate_id,rrf_score,skill_score,yoe,ai_years,job_hopping_index,github_score,education_tier,notice_period,heuristic_score,relevance
CAND_0002025,0.03278688524590164,0.2,5.9,5.83,35.0,96.9,1,30,0.9544245901639344,3
CAND_0003977,0.03225806451612903,0.4,4.6,4.58,27.5,58.5,1,45,0.9519193548387097,3
CAND_0000031,0.03149801587301587,0.0,6.0,5.83,17.5,32.6,2,60,0.7540583333333333,3
CAND_0002724,0.017305680629462864,0.0,9.5,5.33,37.67,-1.0,3,120,0.3574192932187201,3
CAND_0000249,0.016492771253450614,0.2,9.1,2.75,26.75,-1.0,3,30,0.49634819632246285,3
CAND_0001767,0.01642519811094213,0.2,8.3,0.0,33.0,-1.0,2,90,0.38692916032978475,3
CAND_0001610,0.016335227272727272,0.0,3.0,5.08,20.33,40.0,2,90,0.3130397727272728,3
CAND_0003918,0.016241830065359477,0.0,5.6,5.5,33.0,38.5,1,120,0.385578431372549,3
CAND_0000035,0.01607950872656755,0.4,4.3,0.0,25.5,-1.0,3,60,0.4996696832579185,3
CAND_0001600,0.015899283423730155,0.0,6.2,6.08,36.5,72.0,3,120,0.36788495189833326,3
CAND_0000180,0.015659645232815964,0.4,8.5,8.42,33.67,-1.0,3,90,0.43285254988913524,3
CAND_0003882,0.015245577409075926,0.0,4.5,0.0,26.5,55.4,3,60,0.42055712559059444,3
CAND_0002120,0.015243237088555949,0.2,6.5,6.42,38.5,50.4,1,45,0.545507978859675,3
CAND_0000273,0.015151515151515152,0.0,5.8,5.75,34.5,29.2,3,60,0.4053818181818182,3
CAND_0001328,0.01502694165737644,0.0,5.4,5.33,32.0,44.3,3,90,0.3138657748049052,3
CAND_0002706,0.014994649318000373,0.2,6.9,6.83,27.33,78.9,1,90,0.47278763567800786,3
CAND_0001940,0.014739180434425469,0.0,4.3,4.25,25.5,-1.0,2,90,0.2515227891229348,3
CAND_0003259,0.014510787434487636,0.2,7.7,5.25,30.33,-1.0,1,90,0.39072653612424035,3
CAND_0003599,0.014496791624451198,0.2,6.5,6.42,38.5,40.4,1,60,0.5198326241134752,3
CAND_0004673,0.014488264849611122,0.2,12.1,7.17,36.0,-1.0,3,150,0.36325356184183355,3
CAND_0004626,0.01445538365369589,0.0,2.0,0.5,12.0,21.5,1,90,0.2950630567276137,3
CAND_0004669,0.014380803338549818,0.0,2.6,2.58,31.0,-1.0,3,90,0.22699687010954614,2
CAND_0004628,0.014377590277892443,0.0,3.3,3.25,39.0,62.4,3,90,0.29732939583574125,3
CAND_0001845,0.014322916666666666,0.2,3.4,0.5,20.0,-1.0,3,60,0.39378124999999997,3
CAND_0002526,0.014285714285714285,0.0,5.4,5.33,21.33,68.9,2,45,0.4229,3
CAND_0002387,0.014238310708898945,0.4,4.1,1.25,24.0,-1.0,3,90,0.35900452488687784,3
CAND_0003871,0.014064589118584799,0.2,7.7,3.33,30.33,-1.0,3,30,0.4313563714902808,3
CAND_0004112,0.014040661642137658,0.0,6.5,6.42,25.67,52.1,2,120,0.31195389448489086,3
CAND_0002391,0.014028336698146867,0.2,5.9,5.83,35.0,-1.0,3,60,0.4125950706610842,3
CAND_0003820,0.014028181552628286,0.0,12.5,3.83,29.2,-1.0,3,90,0.29359181260519407,3
CAND_0000165,0.013954908968354829,0.2,6.8,6.67,40.0,61.5,1,120,0.4325530883354515,3
CAND_0000969,0.013739012846517918,0.0,5.5,5.42,32.5,-1.0,3,60,0.3425192697768763,3
CAND_0004389,0.01370232056927336,0.2,5.8,4.17,34.5,43.7,2,120,0.3494487319547406,3
CAND_0004397,0.013592117758784425,0.0,8.3,2.58,24.25,63.1,3,120,0.3315344729344729,3
CAND_0000422,0.013445830239289556,0.2,6.3,6.25,25.0,-1.0,3,90,0.30436243502508065,3
CAND_0000198,0.013293568224904056,0.4,6.3,2.83,37.0,-1.0,3,90,0.3611649327229851,3
CAND_0000375,0.013246187363834422,0.2,1.9,0.0,22.0,-1.0,2,60,0.3561699346405229,3
CAND_0000819,0.012994701603148372,0.2,3.6,2.08,21.5,-1.0,3,90,0.2678887336661159,3
CAND_0001056,0.012987012987012988,0.0,5.1,5.0,30.0,56.5,3,90,0.28022727272727266,3
CAND_0001808,0.01282051282051282,0.4,3.8,3.75,22.5,53.6,3,30,0.4808307692307692,3
CAND_0002770,0.012760620276257493,0.0,5.7,5.58,22.33,14.8,1,120,0.2897730258014073,3
CAND_0001841,0.01275113008538423,0.0,9.8,3.75,38.67,-1.0,3,120,0.26477373179306884,3
CAND_0001389,0.012658227848101266,0.2,3.1,3.08,37.0,-1.0,3,45,0.3558227848101266,3
CAND_0004761,0.012544802867383513,0.2,1.5,1.5,18.0,45.7,3,60,0.3841408602150538,3
CAND_0004534,0.012453308256928662,0.0,4.2,4.08,24.5,72.9,3,120,0.2764194733955019,3
CAND_0000189,0.0124522574616335,0.0,3.7,3.67,44.0,-1.0,2,30,0.29749740669430347,3
CAND_0000816,0.012384214276460682,0.0,1.8,0.0,21.0,-1.0,2,60,0.27706849980567433,3
CAND_0003278,0.012372924279150536,0.2,1.5,0.0,18.0,-1.0,3,90,0.23383140986216125,2
CAND_0003557,0.012345679012345678,0.2,6.8,6.75,40.5,22.5,1,90,0.3597592592592592,3
CAND_0003670,0.012248526554937276,0.2,4.5,3.58,17.33,-1.0,3,90,0.2612190576536828,3
CAND_0002610,0.012195121951219513,0.2,3.0,2.92,17.5,27.7,2,90,0.2737975609756097,3
CAND_0001131,0.012048192771084338,0.0,5.8,5.75,34.5,51.2,1,90,0.31221204819277104,3
CAND_0003756,0.012020063839489285,0.0,6.5,6.42,19.25,66.0,3,90,0.28342134062927493,3
CAND_0004505,0.011924730960122042,0.2,13.6,10.25,32.2,25.1,3,60,0.43551935016256293,3
CAND_0000633,0.011806310113083023,0.0,6.4,6.33,25.33,-1.0,1,60,0.36093251237474344,3
CAND_0000112,0.011764705882352941,0.2,3.8,3.75,45.0,79.4,1,45,0.4744588235294117,3
CAND_0002560,0.011599154058890516,0.0,3.9,3.83,46.0,-1.0,3,60,0.28158223523670084,3
CAND_0000650,0.011583271768863687,0.0,14.8,13.0,29.17,-1.0,3,120,0.24224870714613742,2
CAND_0001218,0.011494252873563218,0.2,6.4,6.25,18.75,-1.0,1,90,0.3143793103448276,3
CAND_0000310,0.011402918273779202,0.2,5.6,2.5,22.33,13.7,2,30,0.3691612837493632,3
CAND_0003439,0.011346622748855712,0.0,4.4,0.67,26.0,-1.0,3,90,0.18127907772596993,2
CAND_0003864,0.01132773130027763,0.0,9.9,5.25,23.2,-1.0,2,90,0.23588235730583015,2
CAND_0003534,0.01126394781742137,0.4,6.7,2.5,40.0,-1.0,3,120,0.32254290416584874,3
CAND_0003833,0.011235955056179775,0.0,4.0,2.0,24.0,57.9,3,90,0.23385505617977523,2
CAND_0001147,0.011222085063404781,0.2,11.8,10.5,28.0,-1.0,3,120,0.29466378633150037,3
CAND_0001136,0.011210150164618968,0.0,9.5,3.5,28.25,12.4,2,150,0.2428131534569983,2
CAND_0000665,0.011128742198243944,0.0,6.2,6.08,24.33,57.7,2,90,0.25340358616312286,3
CAND_0004658,0.011111111111111112,0.2,8.0,3.92,31.67,22.0,2,90,0.29533333333333334,3
CAND_0003692,0.011107038501646826,0.0,11.2,6.58,22.0,8.4,3,90,0.24164780853458337,2
CAND_0002761,0.011034494385811108,0.0,10.4,8.42,30.75,-1.0,2,60,0.33072438210203325,3
CAND_0001651,0.01098901098901099,0.0,6.5,6.42,25.67,-1.0,1,90,0.24476923076923077,2
CAND_0004121,0.010926092609260927,0.0,3.0,2.92,17.5,14.5,2,30,0.2739479447944794,3
CAND_0003875,0.010907704042715485,0.2,4.1,0.0,49.0,-1.0,3,150,0.22906178489702514,2
CAND_0003575,0.010869565217391304,0.2,3.7,3.67,22.0,17.9,1,45,0.3931608695652174,3
CAND_0001804,0.010851615947157348,0.0,4.3,0.0,16.67,-1.0,2,30,0.2698839348903043,3
CAND_0004114,0.010798656167232523,0.0,4.9,4.83,29.0,59.2,3,60,0.334971779511883,3
CAND_0001494,0.010752688172043012,0.2,6.4,6.33,38.0,53.4,2,90,0.30320645161290327,3
CAND_0003609,0.010734631690514043,0.2,6.1,6.0,24.0,64.6,3,60,0.4110272655007949,3
CAND_0001707,0.010638297872340425,0.0,5.6,5.5,33.0,-1.0,3,90,0.1784042553191489,2
CAND_0004500,0.010594055071575537,0.2,5.9,5.83,35.0,48.7,3,30,0.39017515650308626,3
CAND_0004962,0.010526315789473684,0.4,4.9,3.5,19.0,32.4,2,120,0.3224526315789473,3
CAND_0004167,0.010489606502457643,0.0,7.5,7.5,45.0,-1.0,3,30,0.2942817365516105,3
CAND_0000235,0.010489225630371909,0.0,10.4,10.25,30.75,22.5,3,30,0.3427737382378101,3
CAND_0001001,0.01043861982417013,0.0,6.7,6.58,26.33,-1.0,3,60,0.28521101630757273,3
CAND_0003511,0.010392464678178965,0.2,7.4,7.33,29.33,43.4,3,90,0.2956417582417582,3
CAND_0004020,0.010392390590410392,0.4,3.5,0.58,13.67,-1.0,3,30,0.3722402023986182,3
CAND_0000646,0.0103676690802107,0.4,4.2,3.58,25.0,-1.0,3,120,0.27872105068442465,3
CAND_0000480,0.010345817190414695,0.2,5.9,2.75,35.0,-1.0,3,90,0.23526216099870859,2
CAND_0001267,0.010309278350515464,0.0,6.1,6.0,24.0,59.6,1,60,0.3870948453608247,3
CAND_0002551,0.010255232261357836,0.2,2.9,2.83,17.0,-1.0,3,60,0.30335987748851456,3
CAND_0003290,0.01020408163265306,0.0,5.9,5.83,23.33,-1.0,3,120,0.17228571428571424,2
CAND_0000731,0.010111235643612085,0.0,13.6,10.17,32.2,-1.0,3,90,0.21133594851585377,2
CAND_0004477,0.010081053698074976,0.0,9.6,4.67,28.5,-1.0,3,30,0.3067021276595745,3
CAND_0001158,0.010055810737393193,0.2,6.9,3.5,27.33,20.3,3,90,0.26047202548525705,3
CAND_0003903,0.010034013605442177,0.0,1.5,1.5,18.0,-1.0,1,60,0.2747142857142857,3
CAND_0002506,0.009931305644687485,0.2,6.3,0.0,24.67,18.0,2,90,0.2495574185384372,2
CAND_0001672,0.009898280580368667,0.2,5.2,3.83,30.5,11.3,2,90,0.23116389218774194,2
CAND_0002730,0.009817241700568306,0.2,14.7,0.0,34.8,-1.0,2,60,0.3651620757119344,3
CAND_0004320,0.009788743751007902,0.2,12.5,12.42,37.25,7.5,2,90,0.2730636187711659,3
CAND_0000518,0.009780955402096905,0.0,1.7,1.67,10.0,-1.0,3,30,0.221400063444035,2
CAND_0001126,0.009778456837280368,0.2,4.9,4.83,29.0,77.6,3,60,0.3919475935828877,3
CAND_0004972,0.009708737864077669,0.2,6.0,5.92,35.5,31.5,1,90,0.305383495145631,3
CAND_0002631,0.009677372091660318,0.0,5.6,1.92,33.0,-1.0,2,90,0.15822481392486668,1
CAND_0004900,0.009622541201488569,0.2,5.4,5.33,32.0,-1.0,3,30,0.31507336523125995,3
CAND_0003506,0.009615384615384616,0.0,5.9,5.75,23.0,31.7,2,90,0.19262307692307692,2
CAND_0001071,0.009612972717748955,0.2,7.3,4.83,28.67,6.2,2,60,0.341072427072728,3
CAND_0001830,0.009597144907578022,0.0,8.5,2.0,33.67,-1.0,3,60,0.28554004305913844,3
CAND_0002588,0.00956308919506889,0.2,4.2,2.25,24.5,30.6,2,60,0.33342487309644664,3
CAND_0000859,0.009556763882023398,0.2,5.9,2.83,35.0,74.3,3,90,0.29399204152249137,3
CAND_0004995,0.00952521670606777,0.0,6.9,5.5,27.0,5.3,2,90,0.1743295508274232,2
CAND_0002361,0.009524206958096058,0.2,5.5,2.83,32.5,6.8,1,60,0.3718083461200172,3
CAND_0000782,0.009491183580252405,0.0,4.6,0.0,27.0,-1.0,3,90,0.1443148551853005,1
CAND_0000121,0.009423968218936218,0.0,3.7,1.33,21.5,-1.0,2,30,0.23390333259766058,2
CAND_0004047,0.009381353470810339,0.4,5.6,2.17,33.0,47.8,3,60,0.4208084228870171,3
CAND_0002801,0.009360806469480447,0.2,10.9,10.75,43.0,1.0,3,60,0.35757693585908934,3
CAND_0002103,0.009333053079002528,0.0,5.3,5.17,20.67,-1.0,3,120,0.14799411465905304,1
CAND_0004464,0.009317935050834074,0.0,7.0,0.0,27.67,-1.0,3,90,0.16467663606751556,2
CAND_0004728,0.009247144222454831,0.0,6.6,6.5,39.0,61.0,3,60,0.3211900286715515,3
CAND_0003352,0.00922327941826549,0.2,3.7,3.67,44.0,7.7,3,90,0.19838886778357526,2
CAND_0000139,0.009171515023733682,0.0,5.6,5.5,33.0,33.1,3,60,0.28170181549840734,3
CAND_0001961,0.00910885704828108,0.0,6.8,2.92,26.67,46.1,2,120,0.20538599801390275,2
CAND_0000932,0.009054352225399189,0.0,6.9,4.33,41.0,-1.0,3,90,0.15814139673338298,1
CAND_0004554,0.00892462127568689,0.2,12.6,7.08,37.25,17.1,3,150,0.26451704678942467,3
CAND_0002342,0.008850408850408852,0.2,5.0,2.58,29.5,10.2,3,150,0.20605858585858586,2
CAND_0004980,0.008818337013709645,0.0,1.4,0.0,16.0,-1.0,3,150,0.09818507728790252,1
CAND_0000958,0.008812542269791342,0.0,4.2,3.08,16.33,0.8,3,60,0.22786338766561817,2
CAND_0000797,0.008804144057422535,0.0,3.5,3.5,42.0,-1.0,2,120,0.11888702520587324,1
CAND_0004344,0.008774101699111757,0.0,2.3,0.0,27.0,-1.0,3,30,0.2062561356813469,2
CAND_0001414,0.008767129987680776,0.0,1.4,1.33,16.0,4.6,3,90,0.10270972974129625,1
CAND_0000367,0.008753678015973099,0.2,8.5,8.33,33.33,-1.0,3,150,0.22782723833543508,2
CAND_0001009,0.008704397281176307,0.2,5.6,5.5,33.0,-1.0,2,60,0.29779234290470247,3
CAND_0003706,0.008620689655172414,0.0,5.6,4.25,33.0,-1.0,3,30,0.23603448275862068,2
CAND_0004531,0.008574295860076313,0.0,2.9,0.0,17.0,-1.0,3,90,0.10806021306160254,1
CAND_0002657,0.00856586214114351,0.2,5.9,2.75,35.0,-1.0,3,60,0.2978831049640137,3
CAND_0000821,0.00853056187750504,0.2,6.9,0.0,41.0,14.6,3,150,0.22274179942760583,2
CAND_0003379,0.00848997644344022,0.4,11.2,6.0,33.0,-1.0,3,30,0.3972895053122446,3
CAND_0003881,0.008455333508963407,0.0,2.9,1.75,11.33,32.7,3,150,0.13926200368823152,1
CAND_0000452,0.008449374166452672,0.2,2.9,2.83,17.0,62.1,3,120,0.2285368574955061,2
CAND_0004717,0.00838036057743115,0.2,8.4,4.17,33.33,-1.0,3,60,0.3189875721260541,3
CAND_0001450,0.00837837837837838,0.2,9.6,9.42,37.67,-1.0,3,30,0.33094594594594595,3
CAND_0000066,0.008363562505576025,0.2,2.4,2.33,28.0,-1.0,3,90,0.15863481261709653,1
CAND_0002295,0.008362135176651306,0.4,6.1,6.0,24.0,38.6,1,60,0.4452048387096775,3
CAND_0000758,0.008360900242843758,0.0,2.5,2.5,30.0,-1.0,3,60,0.19957890509971893,2
CAND_0004965,0.008357600465928946,0.2,7.8,7.75,46.5,-1.0,1,150,0.2625096097845079,3
CAND_0001396,0.0083382949932341,0.0,4.8,0.0,28.5,-1.0,3,150,0.1221041948579161,1
CAND_0002662,0.008256733542295214,0.0,5.4,4.0,21.0,13.0,2,60,0.2403914043881995,2
CAND_0002590,0.008253164556962025,0.0,5.4,3.75,32.0,-1.0,3,90,0.1263164556962025,1
CAND_0003635,0.008227019534358395,0.0,4.1,4.0,16.0,-1.0,3,90,0.11276741022152628,1
CAND_0003067,0.008215778474399164,0.2,3.9,0.0,46.0,-1.0,3,30,0.27053134796238243,3
CAND_0003687,0.008191274631280226,0.2,1.5,0.0,18.0,46.8,3,90,0.19381676725688476,2
CAND_0004402,0.008150337837837838,0.0,6.0,5.92,35.5,-1.0,1,60,0.2801570945945946,3
CAND_0000531,0.008110459507766456,0.2,5.4,5.33,32.0,-1.0,3,150,0.18331964966309558,2
CAND_0000671,0.00810462007391061,0.2,5.2,3.08,31.0,14.0,3,60,0.2961970215521228,3
CAND_0001619,0.008065728665484932,0.0,7.8,7.75,23.25,-1.0,3,90,0.14638030197518356,1
CAND_0002623,0.008064755130769801,0.0,7.9,7.83,31.33,-1.0,2,30,0.2473598577461658,2
CAND_0000593,0.008009736386146033,0.0,6.2,3.0,37.0,-1.0,3,60,0.2292044641090667,2
CAND_0004388,0.007985317126007942,0.0,3.8,1.08,22.5,-1.0,3,30,0.20469165964616678,2
CAND_0001947,0.007978983382209188,0.2,2.3,0.0,27.0,33.4,3,30,0.28395865102639295,3
CAND_0004614,0.007971150048845379,0.0,2.5,0.0,30.0,26.2,3,90,0.11859415102575294,1
CAND_0002220,0.007942936489569213,0.2,5.8,5.67,34.0,-1.0,3,120,0.18380166628095343,2
CAND_0000552,0.007925542122433314,0.0,4.0,0.0,48.0,-1.0,3,60,0.20543638457109958,2
CAND_0001541,0.007908103980611534,0.2,11.8,8.08,23.33,4.2,2,120,0.2302701835928422,2
CAND_0004601,0.007851308299738792,0.0,12.1,1.33,28.4,49.1,3,150,0.2139774742945146,2
CAND_0001380,0.007834848829910736,0.0,4.0,3.92,23.5,44.1,2,60,0.24863182542812545,2
CAND_0003337,0.007819432120674357,0.0,6.3,4.75,24.67,-1.0,2,60,0.22620807453416147,2
CAND_0002346,0.007818924401074503,0.2,1.1,1.08,13.0,-1.0,3,90,0.13419741242256455,1
CAND_0002508,0.007793801365937852,0.2,4.3,3.58,25.5,-1.0,3,30,0.26566982868469485,3
CAND_0003571,0.00777666999002991,0.6,3.6,3.58,43.0,-1.0,3,150,0.2783100697906281,3
CAND_0004733,0.007763423017660306,0.0,5.6,4.17,33.0,28.7,3,90,0.1477318833708664,1
CAND_0002478,0.0077061469265367315,0.0,3.6,2.33,21.0,-1.0,3,60,0.19682908545727135,2
CAND_0000074,0.007688113413304253,0.0,1.9,1.83,22.0,-1.0,3,60,0.1794503816793893,2
CAND_0002210,0.00763699961134862,0.0,1.7,1.67,20.0,-1.0,3,150,0.076376991838321,0
CAND_0004197,0.007634727973026246,0.2,9.3,5.58,27.75,-1.0,3,150,0.21232928743355114,2
CAND_0000390,0.007548088186951397,0.2,6.6,1.92,26.0,8.6,3,120,0.19310985192597932,2
CAND_0003879,0.0075421730756458786,0.0,8.0,4.58,23.5,21.2,3,120,0.15958563458856342,1
CAND_0000008,0.007538715840968287,0.0,3.6,3.58,43.0,-1.0,2,90,0.09331303266033403,1
CAND_0001294,0.007530058399175541,0.2,1.9,0.0,22.0,-1.0,1,60,0.28613122638268634,3
CAND_0002488,0.007514880952380952,0.2,7.4,0.0,29.33,-1.0,3,90,0.19081249999999997,2
CAND_0003515,0.00749470062584799,0.0,5.6,3.5,22.0,-1.0,3,90,0.11238871314280777,1
CAND_0004800,0.007494588744588745,0.2,12.1,4.83,28.4,28.7,3,90,0.24608636363636363,2
CAND_0000421,0.007470564029572142,0.0,4.5,1.5,27.0,-1.0,3,120,0.10088184462101499,1
CAND_0001789,0.007434782608695652,0.0,6.5,0.0,38.5,-1.0,3,120,0.12013043478260868,1
CAND_0000683,0.007409360716427789,0.2,6.2,6.17,37.0,-1.0,2,120,0.17659657504498358,2
CAND_0004619,0.007394678920338263,0.2,12.2,5.75,36.25,-1.0,2,90,0.21428825732710352,2
CAND_0000301,0.007357704294246964,0.0,1.9,0.0,22.0,-1.0,3,120,0.07251179017918621,0
CAND_0004769,0.007350051798663952,0.2,4.8,4.75,28.5,-1.0,3,30,0.261351087771943,3
CAND_0004458,0.007346943858141722,0.0,2.8,1.33,16.0,9.7,2,150,0.09198582102097616,1
CAND_0003117,0.007299684231300572,0.0,9.5,9.33,28.0,-1.0,3,90,0.147293368857312,1
CAND_0000344,0.007297514033680834,0.2,2.5,0.0,15.0,39.6,3,150,0.17784779470729747,2
CAND_0001586,0.007287666707956563,0.2,9.1,0.0,35.67,-1.0,2,120,0.2030410008670878,2
CAND_0002424,0.007259865185991837,0.0,2.9,2.83,34.0,-1.0,3,150,0.08045716890582857,0
CAND_0003634,0.007250195160031225,0.2,8.3,2.5,33.0,-1.0,3,60,0.29425409836065575,3
CAND_0002541,0.007236225637181409,0.4,5.8,5.75,34.5,-1.0,3,120,0.22896073838080958,2
CAND_0004641,0.007207410204255631,0.0,2.5,0.0,30.0,-1.0,2,90,0.07535561428936821,0
CAND_0002092,0.007201395650762739,0.2,2.2,0.0,26.0,26.5,3,90,0.1597293086660175,1
CAND_0000832,0.0071810467454750575,0.0,3.0,0.0,18.0,-1.0,3,150,0.0798019816549762,0
CAND_0001150,0.007175606079638236,0.0,7.4,2.25,29.0,-1.0,3,90,0.12368772767240294,1
CAND_0000568,0.007157343801112202,0.0,11.5,11.33,45.33,8.0,3,60,0.2583042198233563,3
CAND_0003908,0.007137729463644754,0.0,4.1,2.33,16.0,-1.0,3,120,0.08989231873653983,1
CAND_0001443,0.007109663935975577,0.2,8.7,2.33,34.33,-1.0,1,30,0.34530294265548706,3
CAND_0004087,0.007099002958630479,0.0,7.8,7.75,31.0,-1.0,3,120,0.12607906213124007,1
CAND_0001224,0.0070921985815602835,0.2,5.3,5.17,31.0,49.5,2,60,0.31143617021276593,3
CAND_0001962,0.007071875492928125,0.0,8.6,8.5,51.0,-1.0,1,90,0.1835093853514906,2
CAND_0002607,0.007068042776857605,0.0,9.8,3.08,29.0,2.9,3,30,0.24932889831400973,2
CAND_0004346,0.00706172778450912,0.2,13.8,11.0,41.0,1.4,3,30,0.3096962834746915,3
CAND_0002314,0.007052171678231817,0.0,2.9,2.83,34.0,-1.0,3,90,0.07609560524286815,0
CAND_0000485,0.007016792731078446,0.4,4.5,4.5,54.0,-1.0,3,120,0.21135264735264733,2
CAND_0003895,0.0070077245686180475,0.0,8.4,6.17,19.8,-1.0,3,60,0.23016221594097896,2
CAND_0002140,0.0070001344025805295,0.2,5.8,0.0,34.5,-1.0,3,60,0.2640028224541911,3
CAND_0000212,0.006966279001811701,0.0,13.0,9.67,31.0,-1.0,3,30,0.2452918590380457,2
CAND_0004183,0.006956021274906724,0.2,2.1,2.08,25.0,-1.0,1,150,0.17607644677304116,2
CAND_0000211,0.006877298767844262,0.2,5.0,2.08,29.5,10.0,3,60,0.2644232741247295,3
CAND_0002285,0.006860530773574252,0.0,6.5,4.25,25.67,34.2,3,30,0.2432711462450593,2
CAND_0002651,0.0068324111822947,0.0,2.2,0.0,26.0,-1.0,3,90,0.06448063482818867,0
CAND_0004098,0.006821298670323773,0.0,4.2,0.67,25.0,-1.0,3,60,0.18424727207679922,2
CAND_0000312,0.006816961889425658,0.0,11.5,7.33,34.0,-1.0,3,120,0.1421561996779388,1
CAND_0001465,0.006791748957647575,0.0,14.4,14.33,43.0,9.2,3,150,0.15182672811059908,1
CAND_0003688,0.006783355847890492,0.4,3.4,3.33,20.0,-1.0,3,150,0.19545047280570035,2
CAND_0002311,0.00675477955520874,0.2,7.3,7.17,43.0,-1.0,2,90,0.1738503706593835,2
CAND_0000874,0.0067228945116733895,0.0,6.3,3.75,25.0,-1.0,3,120,0.10318078474514117,1
CAND_0001113,0.006691832532601236,0.0,4.2,2.25,24.5,-1.0,2,120,0.08152848318462594,0
CAND_0004285,0.006689248624732496,0.4,3.4,0.0,40.0,46.8,2,120,0.24127422111938238,2
CAND_0004643,0.006628644452858766,0.2,4.6,4.5,27.0,45.7,2,60,0.29090153351003406,3
CAND_0003319,0.006605455218107826,0.0,5.3,0.0,31.0,50.7,3,90,0.14241455958026433,1
CAND_0001406,0.0065911883447428475,0.4,5.0,0.0,29.5,-1.0,3,150,0.20741495523959977,2
CAND_0004449,0.00656758669497523,0.0,5.7,2.83,33.5,-1.0,3,120,0.09391932059447983,1
CAND_0000166,0.006537262552495373,0.2,4.8,0.0,28.5,-1.0,2,120,0.14428251360240282,1
CAND_0002830,0.006534410471418345,0.0,9.2,9.17,36.67,-1.0,2,120,0.12822261989978526,1
CAND_0004613,0.006519950637597697,0.2,5.5,5.42,21.67,31.4,3,120,0.1833189633895516,2
CAND_0003258,0.0065105574520010505,0.0,4.6,0.0,27.0,-1.0,2,90,0.08172170649202207,0
CAND_0001999,0.0065083979328165375,0.0,4.2,2.92,16.33,-1.0,3,60,0.1776763565891473,2
CAND_0004749,0.006440499419867704,0.2,7.8,5.58,18.4,-1.0,3,120,0.17225048781722177,2
CAND_0003467,0.00641025641025641,0.0,2.8,2.67,16.0,61.4,3,120,0.12401538461538458,1
CAND_0001034,0.006407135435750461,0.2,1.3,1.25,15.0,-1.0,2,90,0.10654984415075969,1
CAND_0000322,0.006406107720441598,0.0,12.0,4.5,36.0,-1.0,1,30,0.28352826212927357,3
CAND_0001363,0.006402093944538766,0.0,13.7,5.08,32.6,-1.0,3,90,0.1334439728353141,1
CAND_0000259,0.00639678299835063,0.4,6.7,0.0,39.5,24.6,3,60,0.34593244296536324,3
CAND_0002601,0.006379462412549987,0.0,3.9,2.67,23.0,-1.0,3,30,0.17196871066354974,2
CAND_0002107,0.006369141974555948,0.0,7.7,0.0,30.33,8.6,1,150,0.1693519814656749,2
CAND_0002190,0.0063651983755076535,0.2,13.5,8.42,31.8,-1.0,2,30,0.2926691658856607,3
CAND_0002112,0.006349144330702508,0.2,5.7,5.58,33.5,-1.0,1,90,0.19933203094475263,2
CAND_0000987,0.006342309341023342,0.0,4.7,0.83,27.5,-1.0,3,90,0.07918849616149018,0
CAND_0000576,0.006337683288681473,0.2,6.2,3.08,24.67,-1.0,3,90,0.1540913490623109,1
CAND_0003408,0.0063347901302012195,0.2,8.5,5.17,33.33,9.2,2,120,0.18723059273422557,2
CAND_0004875,0.006333910512183493,0.2,8.8,5.0,34.67,-1.0,3,90,0.18001212075585335,2
CAND_0004123,0.006305180742961852,0.4,4.2,4.17,25.0,-1.0,3,30,0.29340879560219885,3
CAND_0002270,0.00629225353675697,0.0,3.4,3.33,20.0,54.3,3,90,0.12043732427189635,1
CAND_0000704,0.006289308176100629,0.0,3.3,3.25,19.5,48.3,2,90,0.11337547169811321,1
CAND_0003234,0.0062866205480946145,0.2,12.8,6.17,30.2,-1.0,3,60,0.29101903150998687,3
CAND_0004570,0.006240165473833816,0.0,7.8,7.67,30.67,-1.0,3,90,0.10804347495051012,1
CAND_0001542,0.0062286890064667845,0.0,4.9,0.75,29.0,-1.0,2,120,0.0788024691358025,0
CAND_0001198,0.006223610616825057,0.0,2.6,2.58,31.0,16.2,2,120,0.0728958229533262,0
CAND_0000389,0.00622312941619934,0.2,5.4,3.33,21.33,-1.0,3,120,0.1436857177401861,1
CAND_0003310,0.006211180124223602,0.2,1.3,0.0,15.0,-1.0,2,30,0.20243478260869566,2
CAND_0000967,0.0061879867705110425,0.2,5.1,3.83,30.0,-1.0,3,120,0.13994772218073187,1
CAND_0004252,0.0061746925987501275,0.0,8.0,7.83,31.33,-1.0,2,30,0.20866854457375267,2
CAND_0001773,0.006172332942555685,0.2,1.1,1.08,13.0,-1.0,3,30,0.19961899179366938,2
CAND_0001403,0.006153344863022283,0.0,1.8,0.0,21.0,-1.0,3,120,0.04622024212346795,0
CAND_0002845,0.006139158807521619,0.2,14.2,7.17,27.83,-1.0,2,120,0.18792233495795393,2
CAND_0000399,0.00608287074868269,0.0,12.9,6.42,30.6,-1.0,3,150,0.12674028572233648,1
CAND_0004455,0.006076693124420163,0.0,7.5,7.42,29.67,-1.0,3,60,0.20161055561282343,2
CAND_0004006,0.006068509379767658,0.0,1.2,1.17,14.0,-1.0,3,30,0.13843869697512082,1
CAND_0001842,0.0060429427649344655,0.0,6.4,0.0,38.0,-1.0,3,90,0.08990179806362375,1
CAND_0002032,0.006036562037360481,0.0,2.6,2.58,31.0,-1.0,3,30,0.15176780278457008,1
CAND_0003476,0.006004342763634075,0.0,3.1,0.0,37.0,31.5,3,120,0.08859119803631557,1
CAND_0000921,0.005981575803307552,0.2,7.1,7.0,28.0,-1.0,3,60,0.2556130918694586,3
CAND_0000508,0.005977998794454491,0.2,4.6,4.5,27.0,-1.0,3,90,0.1305379746835443,1
CAND_0001921,0.005972506410186269,0.0,5.3,0.0,21.0,-1.0,2,90,0.07742263461391163,0
CAND_0001637,0.0059656655401336255,0.0,7.6,0.0,30.0,4.1,3,60,0.2053789763428061,2
CAND_0002094,0.005912628870048469,0.0,14.0,8.75,33.2,-1.0,1,120,0.1731652062710178,2
CAND_0002464,0.0059079289396963995,0.2,3.9,2.75,23.0,-1.0,3,90,0.12206650773362437,1
CAND_0004393,0.005893451720310765,0.2,7.3,7.17,28.67,-1.0,2,90,0.15576248612652607,1
CAND_0002336,0.005890480941654066,0.0,8.7,5.17,34.67,-1.0,2,30,0.2097000997747354,2
CAND_0001493,0.0058823529411764705,0.0,6.2,3.75,36.5,14.7,2,120,0.10022941176470584,1
CAND_0000090,0.005865795529257067,0.2,1.7,1.67,20.0,-1.0,3,90,0.09918170611439839,1
CAND_0004773,0.005853922696811751,0.2,2.9,2.83,34.0,47.0,3,90,0.15893237663304674,1
CAND_0003664,0.00583764300266416,0.4,1.3,1.25,15.0,-1.0,3,60,0.2545905030559473,3
CAND_0003604,0.005827525316709697,0.2,15.0,7.42,35.6,43.5,3,90,0.22587803165090356,2
CAND_0001238,0.005804686254715478,0.2,9.1,8.92,26.75,-1.0,3,30,0.27189841134902504,3
CAND_0003743,0.005802222791978329,0.6,5.5,1.33,21.67,16.5,3,120,0.27334667863154494,3
CAND_0001537,0.005789390858028278,0.2,6.3,2.17,37.5,-1.0,3,60,0.24357720801859384,2
CAND_0004620,0.005789267995416277,0.0,5.1,0.0,30.0,3.1,3,30,0.1756746279037418,2
CAND_0004636,0.005785689996216312,0.0,9.4,3.33,27.75,-1.0,3,120,0.11449948992054251,1
CAND_0001974,0.005766055699427585,0.2,10.5,6.08,24.8,-1.0,3,60,0.2800871696879793,3
CAND_0002809,0.005737155309697426,0.0,2.6,0.0,31.0,-1.0,3,90,0.04548026150364595,0
CAND_0001256,0.005730333146696529,0.4,7.5,5.75,17.6,-1.0,3,60,0.3143369960806271,3
CAND_0001782,0.005693904812996126,0.2,9.5,9.33,37.33,-1.0,3,150,0.17357200107291862,2
CAND_0001319,0.005637440161249684,0.4,2.7,0.83,15.5,-1.0,3,90,0.16438624338624339,2
CAND_0000356,0.0056055696194104495,0.0,1.6,1.58,19.0,31.4,2,90,0.06511696200761946,0
CAND_0002697,0.0055925012564135524,0.0,9.1,0.0,36.0,-1.0,3,30,0.20744252638468458,2
CAND_0001382,0.005582491333259312,0.2,3.5,2.25,20.5,-1.0,3,90,0.11123231799844552,1
CAND_0000803,0.005575152016057619,0.2,6.7,6.67,40.0,-1.0,3,120,0.14307819233721,1
CAND_0000780,0.005564695743656896,0.2,5.2,5.08,20.33,-1.0,3,60,0.2278586106167948,2
CAND_0002153,0.005564423381979695,0.0,5.3,5.25,31.5,-1.0,3,150,0.06885289102157358,0
CAND_0004985,0.0055511612444689,0.2,6.3,6.25,25.0,-1.0,3,90,0.13857438613384687,1
CAND_0003501,0.0055496291780961085,0.2,3.8,0.0,22.5,2.2,2,120,0.11674221274001828,1
CAND_0000839,0.005549362817461513,0.2,10.9,8.75,32.5,-1.0,1,60,0.32553661916669174,3
CAND_0003291,0.005537927791585827,0.0,2.3,2.25,27.0,30.8,1,60,0.22009648362330236,2
CAND_0004520,0.0055248618784530384,0.2,7.0,3.17,41.5,41.0,3,120,0.18702209944751377,2
CAND_0001460,0.00550611221932382,0.0,4.7,4.67,56.0,-1.0,3,60,0.16162835660580022,1
CAND_0004374,0.005491811317054036,0.2,6.2,6.08,24.33,-1.0,3,60,0.23632803765813476,2
CAND_0002121,0.005473380481746722,0.2,5.7,5.58,33.5,-1.0,3,120,0.13094099011668114,1
CAND_0001896,0.00546861854282349,0.0,2.7,0.0,32.0,37.6,3,60,0.1794409893992933,2
CAND_0002565,0.005446217090028538,0.0,13.1,5.08,25.83,-1.0,1,60,0.2633705588905993,3
CAND_0000736,0.005412022217442463,0.2,11.6,9.5,34.25,-1.0,3,30,0.2726524665662917,3
CAND_0002414,0.0054087165050568245,0.0,5.4,0.0,32.0,59.5,3,60,0.22708304660619333,2
CAND_0003171,0.005405405405405406,0.2,3.4,3.33,40.0,51.2,1,120,0.2087135135135135,2
CAND_0004363,0.005400339487360977,0.2,3.0,0.0,36.0,-1.0,3,90,0.10240712923458051,1
CAND_0000037,0.005379560452810589,0.2,14.3,13.0,34.0,-1.0,3,30,0.2719707695090223,3
CAND_0004075,0.005368814192343604,0.0,8.5,4.92,33.67,-1.0,3,60,0.1967450980392157,2
CAND_0000155,0.005357913596462628,0.0,3.2,3.17,38.0,44.0,2,60,0.18851618552571522,2
CAND_0004883,0.005357200765314395,0.4,2.7,0.0,32.0,-1.0,3,90,0.15850121607160225,1
CAND_0004946,0.005349081899331365,0.0,2.3,0.0,27.0,8.4,3,120,0.04373071988595864,0
CAND_0002544,0.005340682586171628,0.0,3.9,3.83,23.0,-1.0,2,90,0.05015433430960417,0
CAND_0001419,0.005337844927080055,0.2,1.8,1.75,21.0,19.2,3,150,0.10929474346868115,1
CAND_0000477,0.0053256529298255665,0.2,3.3,0.0,39.0,-1.0,2,120,0.10383871152633689,1
CAND_0001645,0.005310767845586787,0.0,12.3,12.17,29.2,-1.0,3,90,0.11052612475732251,1
CAND_0004051,0.005297245319305391,0.2,12.6,7.33,24.83,36.8,3,120,0.2080421517054132,2
CAND_0001085,0.005291005291005291,0.0,5.5,5.42,16.25,68.9,2,60,0.23501111111111112,2
CAND_0004862,0.005257893377702086,0.0,1.6,0.0,19.0,31.4,3,120,0.05781576093174379,0
CAND_0002058,0.005231202453100044,0.0,13.2,4.0,26.0,-1.0,3,90,0.10885525151510092,1
CAND_0003119,0.005224617856522494,0.0,5.2,5.17,31.0,-1.0,2,150,0.06071697498697237,0
CAND_0002995,0.005222479978550529,0.0,7.9,7.08,23.25,-1.0,2,60,0.1876720795495611,2
CAND_0000262,0.005211737956515561,0.2,4.9,2.67,19.33,27.2,3,120,0.14564649708682678,1
CAND_0003079,0.005207565708671088,0.0,11.8,11.67,46.67,42.3,3,60,0.25165887988209285,3
CAND_0002665,0.0051813471502590676,0.2,6.5,3.0,25.33,43.8,3,90,0.1776082901554404,2
CAND_0002179,0.0051750535301661555,0.0,6.3,3.58,37.5,54.4,3,90,0.12607612413348926,1
CAND_0003434,0.005173551823835834,0.0,10.2,0.0,40.67,-1.0,2,90,0.10764458830055251,1
CAND_0004913,0.005129027087674307,0.2,7.0,3.92,27.67,-1.0,3,90,0.13670956884116045,1
CAND_0001036,0.005128205128205128,0.2,7.7,5.08,30.67,-1.0,3,60,0.2436923076923077,2
CAND_0004524,0.0051228695836495345,0.0,2.5,2.5,30.0,-1.0,3,90,0.03158026125664021,0
CAND_0004788,0.005120837017388741,0.2,13.5,6.42,26.5,34.0,3,60,0.3015375773651636,3
CAND_0003226,0.005116359593971534,0.0,5.8,1.83,34.0,-1.0,3,120,0.0644435514734022,0
CAND_0001022,0.0051036656788604065,0.0,8.7,0.0,34.33,-1.0,3,30,0.19317697925606853,2
CAND_0001095,0.0050985122013964025,0.4,10.5,10.25,30.75,-1.0,3,90,0.2260687562293244,2
CAND_0004026,0.005069049221793852,0.2,5.4,3.17,21.33,11.0,2,30,0.23145003365767092,2
CAND_0004687,0.005067245966462447,0.4,3.1,0.0,18.0,-1.0,3,30,0.25641216529571137,3
CAND_0003889,0.005064960123488552,0.0,2.7,2.67,32.0,42.7,3,60,0.1760641625932596,2
CAND_0003840,0.005055739528299502,0.0,10.6,6.33,24.8,-1.0,3,90,0.10517053009428953,1
CAND_0002102,0.0050419853051431995,0.0,6.2,4.17,24.67,-1.0,1,90,0.11688169140800717,1
CAND_0000562,0.005041660944009522,0.2,9.3,4.25,27.5,-1.0,3,90,0.15787487982419998,1
CAND_0002674,0.005028268976302177,0.0,5.9,0.0,23.33,-1.0,2,90,0.0635936485023457,0
CAND_0002441,0.004997640865181653,0.2,10.2,8.0,24.2,41.5,2,120,0.20645045816881466,2
CAND_0002077,0.004994666626224022,0.0,8.6,4.5,34.0,-1.0,2,120,0.08988799915070445,1
CAND_0002572,0.004989339019189765,0.0,1.6,1.58,19.0,19.0,3,90,0.03977611940298506,0
CAND_0003447,0.004985855728429986,0.0,9.0,7.33,26.75,-1.0,2,150,0.0937029702970297,1
CAND_0001723,0.0049834545907844335,0.0,1.0,0.0,12.0,-1.0,3,60,0.1136525464064731,1
CAND_0003958,0.004971348923648753,0.2,8.9,2.08,35.0,21.2,3,90,0.17459832739662381,2
CAND_0003985,0.0049688092788856275,0.2,2.5,1.25,14.5,-1.0,3,60,0.18834499485659817,2
CAND_0002557,0.004960636455102739,0.2,7.7,4.25,45.5,-1.0,3,90,0.1401733655571575,1
CAND_0001459,0.004960467862048688,0.2,7.7,2.83,30.33,-1.0,2,120,0.14016982510302242,1
CAND_0001862,0.0049532448273241995,0.2,2.6,2.58,31.0,35.6,3,90,0.12561814137380814,1
CAND_0001204,0.004953206949686868,0.0,1.5,1.5,18.0,19.5,3,90,0.038517345943424236,0
CAND_0004063,0.004950247319899148,0.0,6.1,0.0,36.0,-1.0,3,90,0.06395519371788208,0
CAND_0001923,0.0049432188654640295,0.4,4.3,4.25,25.5,11.9,1,90,0.2287075961747446,2
CAND_0001373,0.0049389495664436175,0.4,3.1,0.0,37.0,-1.0,2,120,0.15371794089531596,1
CAND_0001772,0.0049272913238760175,0.0,5.8,3.75,22.67,-1.0,3,60,0.16047311780139634,1
CAND_0000738,0.0049261083743842365,0.0,3.4,3.33,20.0,-1.0,3,30,0.13644827586206898,1
CAND_0003694,0.004912795576130424,0.2,3.2,1.58,19.0,-1.0,3,60,0.1941687070987389,2
CAND_0000624,0.004912350578718521,0.2,5.7,5.67,22.67,-1.0,3,90,0.11915936215308892,1
CAND_0004743,0.004911368785819006,0.2,12.1,3.0,28.6,-1.0,1,120,0.21213874450219908,2
CAND_0003612,0.004891636908295508,0.2,2.5,2.42,14.5,-1.0,3,30,0.18672437507420564,2
CAND_0000938,0.00488637921793002,0.0,6.6,1.67,26.0,37.1,3,90,0.1057139635765304,1
CAND_0000682,0.004878048780487805,0.0,2.6,1.33,15.0,-1.0,3,120,0.0274390243902439,0
CAND_0001758,0.004868347667831039,0.2,2.4,2.33,28.0,7.3,2,30,0.19353530102445182,2
CAND_0003239,0.0048543689320388345,0.2,3.5,0.0,42.0,48.7,3,90,0.14564174757281553,1
CAND_0002923,0.004821208926374978,0.2,1.3,1.25,15.0,-1.0,3,60,0.17324538745387452,2
CAND_0001144,0.004813546423135464,0.4,9.4,0.0,37.33,-1.0,3,60,0.3140844748858448,3
CAND_0000040,0.004812905311007778,0.2,1.6,1.58,19.0,-1.0,3,90,0.07607101153116333,0
CAND_0002177,0.004804086321645922,0.0,5.0,2.0,30.0,-1.0,2,90,0.04988581275456436,0
CAND_0001311,0.004794636295396756,0.0,2.0,2.0,24.0,62.1,3,90,0.08278736220333188,0
CAND_0001673,0.00478712732233859,0.2,3.7,3.67,22.0,-1.0,3,120,0.09652967376911037,1
CAND_0000120,0.004785009413340409,0.4,5.7,2.33,22.33,-1.0,1,60,0.32648519768014855,3
CAND_0001108,0.004774535809018567,0.0,5.7,2.67,34.0,24.7,2,120,0.08196525198938989,0
CAND_0001529,0.004767903008354901,0.2,4.7,2.08,28.0,-1.0,3,90,0.10612596317545289,1
CAND_0000220,0.00476581149833923,0.2,10.9,4.75,25.8,-1.0,3,60,0.2590820414651238,3
CAND_0002056,0.004765110941086457,0.0,9.2,0.0,36.33,-1.0,3,30,0.1910673297628156,2
CAND_0002477,0.004740182525795858,0.2,10.8,5.5,32.0,48.3,2,90,0.20784383304171303,2
CAND_0003317,0.004704555447229072,0.0,12.0,11.92,47.67,31.8,3,120,0.1305956643918105,1
CAND_0004088,0.004702380952380952,0.4,4.4,4.33,26.0,-1.0,3,60,0.26175,3
CAND_0000388,0.00469496383240071,0.0,6.0,4.08,23.33,-1.0,3,90,0.05759424048041489,0
CAND_0002813,0.004688042007032913,0.0,3.7,0.0,44.0,-1.0,3,90,0.03444888214769118,0
CAND_0002711,0.004681254780554124,0.2,2.2,2.17,26.0,-1.0,3,120,0.07930635039163658,0
CAND_0004288,0.00467844162085849,0.0,4.9,1.0,29.0,-1.0,3,30,0.14624727403802829,1
CAND_0002781,0.004672897196261682,0.0,7.5,3.33,29.67,-1.0,1,120,0.12213084112149528,1
CAND_0002836,0.004671923971287029,0.2,6.2,4.0,37.0,-1.0,2,60,0.2191104033970276,2
CAND_0001088,0.004664725941114695,0.2,8.1,7.08,32.33,-1.0,2,60,0.23795924476340857,2
CAND_0002763,0.004657703156934615,0.0,4.0,4.0,48.0,37.3,3,30,0.17511176629562689,2
CAND_0000802,0.004631826890963104,0.2,5.6,3.08,21.67,-1.0,3,30,0.21226836471022517,2
CAND_0002876,0.004627704395977194,0.0,5.7,4.08,22.33,62.3,2,90,0.11648179231552105,1
CAND_0001776,0.004608294930875576,0.2,5.1,2.75,30.0,-1.0,3,90,0.10677419354838708,1
CAND_0004001,0.0045906454771409205,0.0,7.6,7.5,30.0,-1.0,3,120,0.07140355501995932,0
CAND_0004198,0.004585602569473537,0.2,5.9,1.67,35.0,41.5,2,150,0.15679765395894427,1
CAND_0002848,0.004583450008703352,0.2,3.2,3.17,38.0,38.8,3,150,0.1270524501827704,1
CAND_0003954,0.004581370665075721,0.2,4.3,4.25,25.5,42.9,3,90,0.14210878396659013,1
CAND_0004535,0.004574025312154931,0.0,4.9,1.17,19.33,37.0,3,30,0.18205453155525356,2
CAND_0000208,0.004571509622571843,0.4,4.2,4.17,25.0,-1.0,3,30,0.2570017020740087,3
CAND_0003560,0.0045663584510132115,0.2,12.8,10.83,30.2,-1.0,3,90,0.15489352747127746,1
CAND_0002983,0.004555927943024717,0.2,12.9,12.75,30.6,35.8,3,90,0.191474486803519,2
CAND_0001820,0.004555716479992446,0.4,8.7,4.58,34.67,-1.0,3,90,0.20167004607984138,2
CAND_0003732,0.00454473850031506,0.2,3.9,3.83,23.0,-1.0,3,60,0.19343950850661626,2
CAND_0003761,0.004542473818858302,0.0,4.8,3.25,28.5,35.0,3,150,0.07839195019602435,0
CAND_0002748,0.0045383330459408365,0.0,13.9,2.25,41.0,-1.0,3,60,0.19430499396475756,2
CAND_0002110,0.004533450704225352,0.0,6.9,3.0,27.33,-1.0,3,90,0.0632024647887324,0
CAND_0002638,0.0045251790699291665,0.0,13.3,8.0,26.0,-1.0,3,60,0.1940287604685125,2
CAND_0004220,0.004499316026166051,0.4,7.5,7.42,29.67,-1.0,3,120,0.18848563654948705,2
CAND_0000097,0.004486163397397795,0.2,5.8,4.17,34.5,-1.0,3,30,0.2112094313453537,2
CAND_0002409,0.004483918798015734,0.2,5.1,5.08,30.5,39.4,3,90,0.14456229475833038,1
CAND_0002244,0.004475643685370129,0.0,3.5,1.83,20.5,-1.0,3,60,0.12798851739277273,1
CAND_0003596,0.004467870207691459,0.0,12.2,1.42,36.0,34.2,2,60,0.22802527436152065,2
CAND_0000883,0.004448670325447577,0.0,14.9,10.5,22.12,-1.0,3,120,0.0924220768343991,1
CAND_0001347,0.004444593591880414,0.0,8.6,8.42,25.25,-1.0,3,90,0.07833646542948866,0
CAND_0000252,0.004441335603162028,0.0,3.0,0.0,17.5,25.0,3,150,0.04826804766640258,0
CAND_0002955,0.004436729699215079,0.4,13.6,3.83,32.4,-1.0,3,90,0.21217132368351663,2
CAND_0003045,0.0044295749293336295,0.2,11.3,9.92,26.8,-1.0,3,90,0.15202107351600622,1
CAND_0003620,0.004409220818291215,0.2,4.2,4.17,25.0,-1.0,3,60,0.1935936371841155,2
CAND_0002127,0.004394381500661567,0.2,10.5,3.67,41.67,1.2,2,30,0.2534820115138929,3
CAND_0001302,0.0043859649122807015,0.2,5.8,5.67,22.67,30.5,2,45,0.24060526315789474,2
CAND_0001423,0.004366735391774516,0.4,4.2,4.08,24.5,66.6,3,120,0.22030144322726478,2
CAND_0004799,0.004343970794932506,0.0,14.1,13.83,23.71,-1.0,3,30,0.19022338669358263,2
CAND_0004499,0.004342263094762096,0.6,3.1,3.08,37.0,-1.0,3,60,0.301187524990004,3
CAND_0002569,0.004339431612158885,0.2,6.6,2.67,39.0,46.1,3,120,0.16322806385533659,2
CAND_0003492,0.004336153699344742,0.4,3.2,0.0,18.5,-1.0,2,150,0.14205922768623958,1
CAND_0004360,0.004330887016399384,0.2,4.3,0.0,25.0,-1.0,3,90,0.09294862734438705,1
CAND_0001595,0.004323704267451992,0.0,3.7,3.67,22.0,-1.0,3,120,0.026797789616491846,0
CAND_0001388,0.0043154274484113984,0.6,9.8,5.92,38.67,3.7,2,60,0.37232397641663934,3
CAND_0004567,0.004295950577365516,0.0,8.4,3.0,24.75,6.1,3,60,0.18031496212467585,2
CAND_0002423,0.0042829943593302375,0.2,3.5,3.5,42.0,-1.0,3,120,0.08394288154593496,1
CAND_0002154,0.004274250606768944,0.2,12.1,5.25,28.6,-1.0,3,90,0.14875926274214782,1
CAND_0000539,0.004273504273504274,0.2,2.9,0.0,34.0,54.6,3,120,0.13334358974358976,1
CAND_0000933,0.004269972451790634,0.0,7.5,7.42,44.5,-1.0,3,90,0.06366942148760332,0
CAND_0002881,0.004265523751211796,0.2,11.1,6.58,32.75,-1.0,3,150,0.1485759987754477,1
CAND_0002371,0.004264447297722363,0.0,4.5,4.5,27.0,66.9,2,90,0.1014533932521696,1
CAND_0001023,0.004263243759042078,0.2,6.2,0.0,24.0,-1.0,2,150,0.11052811893988362,1
CAND_0000763,0.0042452330508474575,0.0,2.4,2.33,28.0,48.9,3,150,0.062049894067796596,0
CAND_0000985,0.004227649444542409,0.2,5.6,1.83,33.0,-1.0,3,150,0.10378063833539056,1
CAND_0000530,0.004226059941520467,0.2,5.9,0.0,35.0,-1.0,3,150,0.10674725877192981,1
CAND_0001032,0.004222377440440532,0.2,7.7,7.67,30.67,-1.0,2,30,0.2246699262492512,2
CAND_0001930,0.004222024325278392,0.0,6.9,6.75,27.0,76.3,3,120,0.13396251083084626,1
CAND_0003715,0.0042095041298984325,0.0,9.9,7.42,29.25,-1.0,3,60,0.1863995867278671,2
CAND_0000875,0.0041939646615048645,0.0,3.5,1.58,20.5,-1.0,3,150,0.022073257891602152,0
CAND_0004053,0.004188503678073568,0.4,5.8,3.25,34.5,5.5,3,150,0.1714585772395449,2
CAND_0003967,0.0041841004184100415,0.2,2.3,2.25,27.0,28.4,3,90,0.09926610878661088,1
CAND_0002113,0.004182163074487311,0.2,13.2,4.92,31.2,-1.0,1,90,0.19682542456423355,2
CAND_0002696,0.004148182441114617,0.2,12.2,8.67,36.0,-1.0,3,60,0.24611183126340697,2
CAND_0001313,0.004147400532809114,0.2,3.1,0.0,18.0,9.9,2,90,0.08799541118899137,1
CAND_0003002,0.004147167762728403,0.0,2.6,0.0,15.0,6.6,3,90,0.019690523017296457,0
CAND_0003089,0.004139394164969613,0.0,7.8,1.33,22.75,-1.0,3,120,0.06392727746436186,0
CAND_0000727,0.004135642875074082,0.2,5.2,5.17,31.0,-1.0,3,90,0.09784850037655571,1
CAND_0003766,0.004132231404958678,0.0,2.4,0.0,28.0,70.6,3,30,0.18137685950413224,2
CAND_0002752,0.004125374569181522,0.0,4.6,0.75,27.0,-1.0,3,90,0.03163286595281192,0
CAND_0004333,0.0041121321823076205,0.2,7.9,3.83,31.0,16.0,1,120,0.19135477582846003,2
CAND_0003212,0.004107953188440411,0.0,4.3,2.75,25.5,-1.0,3,150,0.02826701695724862,0
CAND_0001511,0.0041064740502942745,0.0,14.4,6.67,42.5,7.4,2,90,0.09363595505617975,1
CAND_0001787,0.004102422386659067,0.2,14.9,11.33,29.17,41.4,3,30,0.28755087011984043,3
CAND_0001853,0.004098925798756188,0.0,12.5,10.58,29.6,20.8,2,30,0.20687744177387996,2
CAND_0004231,0.004084980517371039,0.0,5.4,5.33,32.0,20.6,3,30,0.16038459086479182,1
CAND_0000505,0.004065871199738476,0.2,9.2,2.42,27.0,-1.0,2,60,0.236383295194508,2
CAND_0004807,0.004049520132699917,0.0,9.7,5.25,38.33,-1.0,3,60,0.18103992278669823,2
CAND_0002917,0.004048873020694239,0.0,3.0,2.0,18.0,5.5,3,90,0.02052633343457902,0
CAND_0001928,0.004044576395163719,0.2,5.9,2.67,23.33,-1.0,2,90,0.10293610429843808,1
CAND_0000847,0.004015268426284897,0.2,14.5,12.25,28.5,5.7,3,120,0.15002063695198284,1
CAND_0003284,0.004003716470204406,0.2,2.6,2.58,31.0,-1.0,3,30,0.1690780458742925,2
CAND_0001006,0.004,0.0,4.7,1.5,28.0,56.0,3,90,0.087,1
CAND_0000313,0.003993641300420764,0.2,7.0,0.0,41.5,-1.0,3,120,0.11286646730883604,1
CAND_0003497,0.003986076704004084,0.0,5.4,5.33,32.0,-1.0,2,120,0.03670761078408577,0
CAND_0002579,0.003985853227232538,0.2,6.1,4.33,36.0,-1.0,2,60,0.20370291777188326,2
CAND_0004978,0.003982808722619717,0.0,9.7,9.58,28.75,-1.0,3,90,0.07963898317501403,0
CAND_0003494,0.003966087133787641,0.2,3.5,3.42,20.5,-1.0,3,120,0.07728782980954046,0
CAND_0004207,0.003962591733415037,0.4,9.2,3.17,27.25,21.7,3,60,0.3169144264017158,3
CAND_0003465,0.003956175141019185,0.2,4.3,2.5,25.5,-1.0,2,150,0.08507967796140284,1
CAND_0000699,0.003953994827820879,0.4,4.7,4.67,28.0,-1.0,3,90,0.14903389138423842,1
CAND_0004523,0.003948512608950636,0.0,8.9,0.0,35.33,-1.0,3,150,0.07091876478796336,0
CAND_0004298,0.003941992512156095,0.0,4.4,0.0,26.0,-1.0,3,30,0.125781842755278,1
CAND_0000203,0.003931610167216899,0.2,4.0,1.17,15.33,-1.0,3,30,0.18156381351155487,2
CAND_0004159,0.00393068469991547,0.0,5.3,2.25,31.5,-1.0,3,90,0.034544378698224854,0
CAND_0002691,0.003921165803818446,0.0,6.7,1.25,19.75,22.0,3,30,0.17134448188018733,2
CAND_0000215,0.0039001842347677327,0.0,7.9,5.92,31.0,-1.0,3,150,0.05990386893012237,0
CAND_0001271,0.0038910505836575876,0.0,2.3,2.25,27.0,18.0,3,60,0.12271206225680935,1
CAND_0000021,0.003884478126628975,0.2,14.5,9.17,28.67,6.4,3,60,0.24797404065920847,2
CAND_0002052,0.0038723822862478325,0.2,6.5,3.75,25.67,-1.0,3,30,0.20532002801120447,2
CAND_0002005,0.003870013466675497,0.2,11.3,9.42,26.6,18.3,3,90,0.15957028280018545,1
CAND_0001035,0.0038641750062129872,0.2,4.9,2.17,19.33,25.1,2,90,0.11524767513047271,1
CAND_0002743,0.0038641626515233006,0.0,5.7,5.58,33.5,-1.0,1,120,0.08714741568198933,1
CAND_0004349,0.003861003861003861,0.0,4.8,4.75,28.5,-1.0,2,90,0.028081081081081066,0
CAND_0001044,0.0038589759611974478,0.4,6.5,5.75,25.67,-1.0,3,90,0.16503849518514638,2
CAND_0001765,0.003847353644587709,0.4,5.3,4.33,31.0,-1.0,3,90,0.15279442653634187,1
CAND_0003510,0.0038461538461538464,0.0,10.4,9.58,30.75,-1.0,3,30,0.1797692307692308,2
CAND_0003395,0.00384519970230712,0.4,5.7,4.17,34.0,-1.0,3,120,0.1567491937484495,1
CAND_0001544,0.003840137160252102,0.0,10.5,6.17,31.25,10.6,3,90,0.09124288036529413,1
CAND_0004379,0.0038313004578338517,0.0,15.0,9.33,35.6,44.7,3,30,0.22515730961451091,2
CAND_0000695,0.003830845771144279,0.0,4.9,3.25,19.33,-1.0,2,30,0.12844776119402984,1
CAND_0003868,0.0038282348804500703,0.4,1.0,0.0,12.0,35.8,2,30,0.24619293248945145,2
CAND_0002292,0.003822765142382598,0.0,4.6,1.75,27.0,50.6,3,150,0.07687806799003455,0
CAND_0003183,0.003815932758204712,0.2,12.6,8.08,37.25,-1.0,3,150,0.13913458792229894,1
CAND_0003374,0.0038147983889868426,0.2,8.3,7.5,33.0,-1.0,3,120,0.12211076616872371,1
CAND_0003988,0.003806946006749156,0.2,4.0,2.33,23.5,-1.0,3,90,0.07894586614173227,0
CAND_0003201,0.0037925911927896147,0.2,1.6,0.0,19.0,-1.0,3,150,0.05464441504858189,0
CAND_0002839,0.0037802689381763637,0.0,3.8,3.67,22.0,-1.0,3,90,0.016385647701703615,0
CAND_0003222,0.0037787586944890315,0.0,12.3,12.17,29.2,-1.0,2,30,0.17835393258426968,2
CAND_0002800,0.0037735849056603774,0.2,8.2,6.33,32.33,-1.0,3,90,0.12024528301886789,1
CAND_0002751,0.0037707524825139832,0.0,2.7,2.67,32.0,15.7,3,90,0.02188580213279366,0
CAND_0002685,0.0037695932896903016,0.0,9.7,6.67,38.67,27.5,3,150,0.1036614590834963,1
CAND_0002312,0.0037529545802370465,0.0,5.5,1.08,32.5,-1.0,3,150,0.03281204618497796,0
CAND_0000770,0.0037467966318872415,0.0,8.9,8.83,26.5,-1.0,3,90,0.06668272926963206,0
CAND_0000541,0.0037465802735781135,0.0,11.6,4.17,27.6,-1.0,3,60,0.17767818574514038,2
CAND_0002325,0.003743333320271017,0.0,6.3,2.58,25.0,21.6,3,90,0.06320999972569133,0
CAND_0001703,0.0037431835566412515,0.2,4.2,4.08,24.5,16.3,1,150,0.14690685468946627,1
CAND_0001497,0.003742687642244511,0.0,2.9,2.83,34.0,24.8,3,90,0.03239644048713472,0
CAND_0000915,0.0037421921733928744,0.2,9.3,9.25,37.0,26.1,2,30,0.25768603564125037,3
CAND_0001200,0.0037378203160963633,0.2,8.2,1.83,32.0,-1.0,3,150,0.11949422663802362,1
CAND_0002243,0.003733262554006101,0.0,7.6,2.0,30.33,3.9,1,150,0.1082985136341281,1
CAND_0002525,0.003732149015234774,0.0,7.7,6.83,22.75,-1.0,3,60,0.15437512931993025,1
CAND_0000084,0.0037277825192890404,0.4,10.6,5.83,20.67,-1.0,3,90,0.19728343290506986,2
CAND_0001433,0.0037253194082689186,0.4,9.7,8.08,22.6,49.5,3,60,0.34473170757364724,3
CAND_0001109,0.003719640466628419,0.0,10.3,4.08,24.0,25.5,3,60,0.2036124497991968,2
CAND_0003644,0.0037040429017716316,0.2,1.6,0.0,19.0,43.8,3,90,0.09758490093720426,1
CAND_0004084,0.003701986624316913,0.0,4.8,4.75,28.5,25.2,3,90,0.050941719110655176,0
CAND_0003383,0.0037008281573498963,0.4,7.1,2.42,28.0,-1.0,3,120,0.1677173913043478,2
CAND_0002915,0.0036922184406891325,0.4,2.4,2.33,28.0,-1.0,2,60,0.22053658725447176,2
CAND_0000083,0.0036900369003690036,0.0,6.7,6.58,26.33,39.0,3,90,0.08349077490774909,1
CAND_0002126,0.0036884709804792426,0.4,2.0,2.0,24.0,-1.0,3,90,0.11645789059006406,1
CAND_0003527,0.003668403945656069,0.2,4.5,1.33,26.5,10.6,3,90,0.09263648285877743,1
CAND_0003461,0.003667838531300239,0.0,8.6,0.0,34.0,0.6,2,60,0.16362460915730498,2
CAND_0004267,0.0036606642879290635,0.2,7.2,3.08,43.0,-1.0,3,60,0.20787395004651033,2
CAND_0002950,0.003655293741816758,0.0,10.3,5.25,30.5,-1.0,3,60,0.17576116857815194,2
CAND_0004005,0.0036496350364963502,0.2,10.9,6.58,43.33,-1.0,3,60,0.23564233576642335,2
CAND_0001837,0.003639119201108389,0.0,5.0,4.92,19.67,-1.0,3,60,0.12542150322327617,1
CAND_0002738,0.0036379299465284657,0.0,9.9,5.08,23.4,-1.0,3,150,0.07439652887709777,0
CAND_0003163,0.003625211927794954,0.2,2.6,2.58,31.0,25.7,2,120,0.087829450483694,1
CAND_0003348,0.003620803159973667,0.0,3.3,3.25,39.0,-1.0,3,120,0.00803686635944699,0
CAND_0002277,0.003618364720115346,0.2,4.2,4.08,24.5,29.4,3,90,0.10738565912242229,1
CAND_0004113,0.0036182696732627705,0.0,5.6,0.0,22.0,-1.0,3,90,0.030983663138518164,0
CAND_0004940,0.0036101083032490976,0.2,7.6,7.5,30.0,34.8,1,120,0.196612274368231,2
CAND_0002793,0.003604214420261898,0.0,5.5,5.42,32.5,82.3,1,30,0.26298850282549985,3
CAND_0002825,0.003595093754405752,0.2,13.7,11.83,32.4,-1.0,3,150,0.13449696884252077,1
CAND_0001535,0.0035734705546026303,0.0,2.8,0.0,33.0,-1.0,3,90,0.0020428816466552258,0
CAND_0004886,0.0035710902718575355,0.2,8.3,4.58,32.67,-1.0,3,90,0.11699289570900825,1
CAND_0003921,0.00356771519784436,0.0,1.8,1.75,21.0,37.9,3,150,0.030822019154731567,0
CAND_0002563,0.0035628046721009835,0.0,9.1,7.83,36.0,-1.0,3,60,0.16481889811412065,2
CAND_0002395,0.003562441832408397,0.2,9.1,1.0,26.75,61.5,3,90,0.18731127848057635,2
CAND_0000291,0.003554312112453371,0.0,12.9,10.5,30.6,-1.0,3,60,0.1736405543615208,2
CAND_0003178,0.0035527569464221045,0.2,6.0,0.0,35.5,50.8,2,120,0.1454078958748642,1
CAND_0000862,0.0035505430242272346,0.4,11.1,11.0,33.0,-1.0,3,150,0.1935614035087719,2
CAND_0000755,0.0035413737894407996,0.2,5.2,0.0,30.5,-1.0,3,60,0.18536884957825678,2
CAND_0003427,0.0035389765662362507,0.0,7.4,7.33,29.33,-1.0,3,60,0.14731850789096126,1
CAND_0003175,0.0035335689045936395,0.0,4.7,4.58,27.5,-1.0,3,90,0.020204946996466425,0
CAND_0001771,0.0035215868561697386,0.2,7.1,3.0,42.5,27.5,2,60,0.2324533239795645,2
CAND_0004832,0.0035212774694924802,0.0,7.0,4.58,27.33,-1.0,3,120,0.04294682685934206,0
CAND_0004820,0.0035079173105780647,0.2,12.5,7.92,24.5,23.2,3,120,0.15686626352213937,1
CAND_0004236,0.0035046863320108102,0.2,4.8,1.92,18.67,-1.0,3,90,0.080598412972227,0
CAND_0000196,0.003497732426303855,0.0,4.2,4.17,50.0,-1.0,2,90,0.014452380952380939,0
CAND_0004008,0.0034965034965034965,0.0,7.1,5.5,27.67,8.7,2,120,0.053126573426573426,0
CAND_0001614,0.0034861022175526725,0.2,4.0,4.0,48.0,-1.0,3,120,0.07220814656860611,0
CAND_0004193,0.0034703433348425784,0.0,2.2,1.33,12.5,-1.0,3,90,-0.006122789968305856,0
CAND_0003231,0.0034701032654868317,0.2,5.9,0.0,35.0,59.5,2,90,0.15137216857522348,1
CAND_0000971,0.0034663865546218486,0.0,4.3,0.0,25.0,37.8,3,90,0.05359411764705882,0
CAND_0004494,0.0034605560467629434,0.0,3.1,3.0,18.0,-1.0,3,150,0.002671676982021795,0
CAND_0003368,0.0034602076124567475,0.2,3.3,3.25,19.5,12.0,3,60,0.1776643598615917,2
CAND_0002356,0.0034600351244053265,0.4,11.8,11.58,27.8,-1.0,3,90,0.19166073761251187,2
CAND_0003573,0.0034556808228080587,0.0,4.9,0.0,29.0,-1.0,3,120,0.020569297278969223,0
CAND_0003625,0.003445673709825406,0.0,7.0,6.92,27.67,-1.0,3,120,0.04135914790633352,0
CAND_0002666,0.003440080316348065,0.2,3.3,1.75,19.5,-1.0,3,30,0.16424168664330938,2
CAND_0002246,0.0034245618446879997,0.2,8.2,0.75,24.25,46.1,3,90,0.16001579873844798,1
CAND_0000547,0.0034204545454545455,0.0,4.6,4.5,27.0,-1.0,2,30,0.11682954545454545,1
CAND_0002184,0.003417169383956404,0.0,8.0,0.0,47.5,-1.0,3,120,0.050760557063084466,0
CAND_0000906,0.003414486820248662,0.2,3.0,0.0,17.5,-1.0,2,90,0.0607042232252219,0
CAND_0003615,0.003404900082906887,0.0,4.5,4.42,26.5,-1.0,3,90,0.015502901741044614,0
CAND_0004306,0.003400259483345537,0.2,6.9,6.83,41.0,-1.0,3,90,0.09940544915025626,1
CAND_0002543,0.0033996383836639426,0.0,2.2,0.0,26.0,-1.0,3,90,-0.0076075939430572115,0
CAND_0003324,0.0033939406964831964,0.2,10.8,9.33,32.0,26.2,3,90,0.15747275462614715,1
CAND_0001209,0.003380746237889095,0.2,14.7,13.33,29.0,40.9,3,60,0.271895670995671,3
CAND_0004104,0.0033783783783783786,0.0,6.6,1.5,26.0,8.6,3,60,0.14554594594594594,1
CAND_0003057,0.003372874054500254,0.0,7.8,7.67,30.67,-1.0,2,90,0.047830355144505315,0
CAND_0004911,0.003368080291157214,0.0,13.9,11.33,27.33,-1.0,1,30,0.2197296861143015,2
CAND_0003071,0.0033607238058533944,0.4,7.6,1.0,22.5,-1.0,3,60,0.2655751999229213,3
CAND_0002040,0.0033578842082018106,0.0,3.6,0.0,43.0,28.6,3,120,0.03511556837223803,0
CAND_0000178,0.003357179769754251,0.2,8.3,8.17,24.5,-1.0,3,120,0.11250077516483928,1
CAND_0003935,0.00335447430773281,0.0,6.6,5.33,26.0,-1.0,3,60,0.135443960462389,1
CAND_0001028,0.0033442533442533447,0.0,3.8,0.0,45.0,43.1,3,60,0.15132932022932022,1
CAND_0002433,0.003342545185724228,0.4,2.5,2.5,30.0,-1.0,3,120,0.11419344890020877,1
CAND_0003029,0.0033402159418419583,0.0,6.8,3.17,40.5,33.6,3,90,0.07174453477868112,0
CAND_0001192,0.0033397098676869125,0.2,9.4,9.33,37.33,-1.0,3,120,0.12313390722142514,1
CAND_0001375,0.003336940836940837,0.0,5.5,3.5,33.0,-1.0,2,120,0.024075757575757556,0
CAND_0000454,0.0033333333333333335,0.4,5.8,5.67,17.0,-1.0,2,120,0.147,1
CAND_0002802,0.003326491547704158,0.2,14.1,10.92,33.4,-1.0,1,30,0.2788563225017873,3
CAND_0003503,0.003316186140486408,0.0,7.5,5.33,29.67,-1.0,3,120,0.04363990895021455,0
CAND_0000098,0.0033160919750757365,0.0,1.7,1.67,20.0,-1.0,2,30,0.08563793147659046,1
CAND_0002980,0.0033112582781456954,0.2,3.4,2.08,20.0,-1.0,3,150,0.06253642384105959,0
CAND_0002512,0.0033046161759033047,0.0,9.9,0.0,29.25,62.8,3,120,0.13119693969396942,1
CAND_0001980,0.003301526317993384,0.2,8.7,8.58,25.75,41.5,2,150,0.15783205267786107,1
CAND_0003643,0.003300786967677498,0.2,6.7,5.08,26.33,-1.0,3,90,0.09531652632122745,1
CAND_0000234,0.0032953904983806202,0.0,1.4,1.33,16.0,-1.0,3,150,-0.017796799534006993,0
CAND_0001949,0.003290919392331602,0.2,5.3,3.25,15.5,27.8,3,120,0.10990930723896361,1
CAND_0000845,0.0032904129098395903,0.0,12.5,3.0,29.4,-1.0,3,90,0.0680986711066314,0
CAND_0000405,0.0032898536858480304,0.0,2.7,2.67,32.0,-1.0,1,60,0.14508692740280865,1
CAND_0003397,0.0032789081177727886,0.2,8.0,3.33,31.33,7.9,3,90,0.11675707047322853,1
CAND_0000815,0.0032739289678536693,0.0,2.5,0.0,30.0,-1.0,3,150,-0.0072474916750729645,0
CAND_0004330,0.003272522302797741,0.6,13.8,4.08,32.6,27.5,3,60,0.3762229683587526,3
CAND_0001027,0.003262405791708691,0.0,9.1,1.17,36.0,-1.0,3,150,0.058510521625882495,0
CAND_0004188,0.003261570714400903,0.2,2.9,0.0,34.0,34.0,3,90,0.09149298500241895,1
CAND_0003042,0.003256897532393664,0.2,4.8,0.0,28.5,4.0,3,90,0.0803948481802669,0
CAND_0000627,0.003256783167590777,0.2,7.0,2.83,16.4,-1.0,3,90,0.09739244651940632,1
CAND_0003727,0.003252364891720324,0.0,4.1,2.17,15.67,17.5,3,30,0.1267996627261268,1
CAND_0003856,0.00325044312376186,0.0,3.3,0.0,39.0,-1.0,3,120,0.00025930559899904615,0
CAND_0001632,0.003246753246753247,0.0,1.4,0.0,16.0,-1.0,3,60,0.08118181818181817,0
CAND_0001760,0.0032464256369810402,0.2,7.9,6.75,31.33,-1.0,3,30,0.20617493837660184,2
CAND_0002260,0.003235772532304042,0.2,1.9,1.83,22.0,11.8,3,90,0.058751223178384854,0
CAND_0001395,0.0032246664899726126,0.4,3.3,0.0,39.0,-1.0,2,60,0.21971799628942487,2
CAND_0004089,0.003218814314797977,0.0,6.3,3.83,24.67,-1.0,3,120,0.029595100610757513,0
CAND_0002031,0.0032165103635409345,0.0,14.8,12.08,29.33,-1.0,3,120,0.06654671763435963,0
CAND_0004443,0.003194888178913738,0.0,2.0,2.0,24.0,-1.0,2,120,-0.013907348242811507,0
CAND_0001457,0.003193254853115049,0.2,13.9,5.17,33.2,2.9,2,60,0.22995835191541603,2
CAND_0002818,0.0031901974836757445,0.4,9.4,4.92,27.75,-1.0,2,90,0.17999414715719061,2
CAND_0002545,0.003187786285672719,0.0,7.1,7.0,28.0,38.9,3,60,0.17684351199912707,2
CAND_0001714,0.0031875370495288323,0.2,5.4,5.33,32.0,7.8,3,120,0.08873827804010548,1
CAND_0000884,0.0031797320885715965,0.0,6.0,0.0,23.67,19.8,3,150,0.046574373860003515,0
CAND_0001942,0.0031738483351386577,0.0,9.7,2.25,22.6,-1.0,2,90,0.06265081503791178,0
CAND_0002779,0.003171570344900636,0.4,14.4,13.5,34.0,-1.0,3,120,0.1856029772429134,2
CAND_0001314,0.003171176377228573,0.0,6.9,6.75,27.0,33.9,2,30,0.16949470392180005,2
CAND_0002953,0.0031700948123235513,0.0,15.0,14.75,29.5,-1.0,3,120,0.06557199105879455,0
CAND_0000487,0.0031697679681108462,0.0,2.7,0.0,32.0,-1.0,3,30,0.09256512733032776,1
CAND_0001563,0.0031661989728384602,0.0,7.7,0.0,46.0,-1.0,2,120,0.042490178429607645,0
CAND_0001247,0.003163102090855977,0.2,6.4,0.0,25.33,-1.0,2,120,0.08942514390797549,1
CAND_0003937,0.003161068148379777,0.0,11.5,5.92,27.2,32.7,3,60,0.19908243111597534,2
CAND_0000828,0.0031607194490832807,0.0,10.1,7.75,23.8,23.8,2,30,0.19017510843074886,2
CAND_0004695,0.0031505684087843712,0.0,12.7,10.25,29.8,42.7,3,120,0.1088619365844718,1
CAND_0002870,0.0031428062678062678,0.0,11.2,2.17,33.25,-1.0,3,60,0.16499893162393162,2
CAND_0001426,0.0031420208951173654,0.2,4.2,4.17,50.0,7.0,3,90,0.07498243879746469,0
CAND_0002432,0.003134796238244514,0.4,2.7,2.67,16.0,-1.0,3,30,0.21183072100313477,2
CAND_0002792,0.0031286654697785755,0.8,4.5,4.42,17.67,-1.0,3,90,0.24970197486535003,2
CAND_0004128,0.0031279871932188555,0.4,9.0,5.75,26.5,-1.0,3,60,0.2746877310575959,3
CAND_0000609,0.003125167515411418,0.2,6.8,5.5,26.67,-1.0,3,90,0.09262851782363976,1
CAND_0004196,0.003118944836650199,0.2,7.2,7.0,28.0,-1.0,3,60,0.19649784156965416,2
CAND_0000989,0.00311528947111361,0.2,11.1,1.08,26.2,-1.0,3,60,0.2244210788933858,2
CAND_0000498,0.0031093542994303854,0.2,10.7,3.5,31.5,43.7,3,60,0.2689964402880381,3
CAND_0004473,0.0031084682550480596,0.6,4.2,2.25,24.5,47.0,2,30,0.3342778333560092,3
CAND_0001206,0.003106267493116069,0.4,8.8,1.58,34.67,50.0,3,30,0.32323161735543743,3
CAND_0003802,0.003100293436790417,0.2,5.7,1.83,16.75,-1.0,2,60,0.18110616217259873,2
CAND_0002123,0.003096379617677792,0.0,9.9,5.5,29.25,-1.0,3,150,0.06302397197123363,0
CAND_0000775,0.0030959752321981426,0.0,3.3,3.17,19.0,-1.0,2,60,0.09701547987616099,1
CAND_0001644,0.0030913647000792607,0.0,8.7,7.33,34.33,-1.0,3,60,0.1509186587016645,1
CAND_0000722,0.00309039073065536,0.0,13.1,11.58,30.8,27.6,3,90,0.09249820534376257,1
CAND_0001469,0.003083721833721834,0.0,9.7,2.67,22.8,28.5,3,90,0.09025815850815849,1
CAND_0000739,0.0030828611898016996,0.0,11.1,8.0,21.83,10.4,2,30,0.1751400849858357,2
CAND_0000336,0.0030788241011694877,0.0,4.9,4.75,19.0,9.2,3,60,0.12285530612455924,1
CAND_0003151,0.0030769883711060184,0.4,1.3,0.0,15.0,46.3,3,30,0.24391675579322641,2
CAND_0000010,0.003076923076923077,0.2,4.6,4.58,55.0,33.7,3,120,0.10431538461538462,1
CAND_0001481,0.0030762551868267225,0.0,12.6,12.42,37.25,-1.0,3,60,0.1636013589233612,2
CAND_0000352,0.0030724530168150348,0.0,4.7,3.25,27.5,-1.0,3,90,0.010521513353115713,0
CAND_0002672,0.0030715025645708244,0.0,6.0,1.58,23.67,-1.0,1,90,0.0735015538559873,0
CAND_0000256,0.003069554768225374,0.0,2.3,2.25,27.0,-1.0,3,120,-0.013539349867267153,0
CAND_0001405,0.0030581039755351682,0.0,3.5,3.42,20.5,63.3,2,90,0.06252018348623853,0
CAND_0002667,0.003054940614238527,0.2,5.7,2.17,34.0,52.1,3,60,0.23325375289900907,2
CAND_0003023,0.003048559849471703,0.0,2.9,1.75,17.0,36.1,2,60,0.12911975683890575,1
CAND_0002978,0.0030483903329926046,0.2,3.7,3.58,21.5,-1.0,3,30,0.1600161969928447,1
CAND_0001508,0.0030439149091573085,0.2,9.2,6.25,27.25,-1.0,2,60,0.21492221309230347,2
CAND_0000192,0.0030381080045959402,0.2,5.1,5.0,30.0,17.5,2,60,0.19230026809651474,2
CAND_0000927,0.0030334336492536195,0.0,11.4,1.17,34.0,-1.0,3,60,0.162702106634326,1
CAND_0003972,0.003033122122285195,0.2,1.5,0.0,18.0,-1.0,2,60,0.1376955645679891,1
CAND_0000333,0.0030313937576980847,0.0,7.4,0.0,29.0,-1.0,3,120,0.0366592689116598,0
CAND_0001874,0.0030232593241060783,0.0,14.7,12.08,35.0,34.1,2,60,0.19758844580622764,2
CAND_0002920,0.0030211480362537764,0.2,2.7,2.67,16.0,-1.0,2,60,0.1494441087613293,1
CAND_0003333,0.003019494884737284,0.2,8.6,3.67,25.5,-1.0,2,90,0.10840939257948295,1
CAND_0001840,0.003012474980383192,0.2,5.5,5.42,32.5,-1.0,2,90,0.07726197458804701,0
CAND_0001242,0.003007115632653653,0.0,9.5,5.0,28.0,-1.0,3,150,0.057149428285726694,0
CAND_0001864,0.003006961530521421,0.2,5.1,0.0,30.0,-1.0,3,90,0.07314619214094983,0
CAND_0002037,0.003003003003003003,0.0,5.5,5.42,32.5,29.5,1,60,0.19756306306306304,2
CAND_0002994,0.002996531912009746,0.0,5.6,3.83,22.0,-1.0,3,90,0.017927170152204644,0
CAND_0004654,0.002992738498237244,0.4,9.1,0.0,27.0,-1.0,2,120,0.1728475084629821,2
CAND_0003074,0.0029841832432938825,0.2,3.8,1.08,22.5,-1.0,2,90,0.05966784810917153,0
CAND_0004903,0.00298226216967816,0.0,13.6,10.17,32.2,18.4,2,60,0.18102750556324135,2
CAND_0003938,0.0029722692766171025,0.0,4.5,4.42,17.67,-1.0,2,90,0.0064176548089591445,0
CAND_0000538,0.002971451793152494,0.2,5.0,1.58,29.5,3.1,3,150,0.07550048765620235,0
CAND_0004659,0.0029714363070258566,0.2,9.6,9.42,28.25,43.2,3,30,0.26160016244754297,3
CAND_0002776,0.0029685024878564996,0.4,8.8,4.33,34.67,-1.0,3,60,0.2693385522449865,3
CAND_0003106,0.002965475578196305,0.2,4.5,0.0,27.0,-1.0,3,60,0.1662749871421224,2
CAND_0000361,0.0029610324945506935,0.2,10.2,10.08,40.33,49.8,3,60,0.2719816823855646,3
CAND_0000930,0.0029521404521404525,0.0,9.0,1.83,35.33,33.5,3,120,0.08549494949494948,1
CAND_0003752,0.002948201224063293,0.0,4.5,0.0,26.5,-1.0,3,90,0.005912225705329149,0
CAND_0001725,0.00294263783709694,0.2,2.5,2.42,14.5,12.5,2,90,0.05929539457903574,0
CAND_0002462,0.0029411764705882353,0.0,6.3,3.33,24.67,29.9,3,120,0.05466470588235292,0
CAND_0003770,0.002933482976594488,0.4,8.4,4.92,24.75,22.9,1,150,0.23850314250848423,2
CAND_0004548,0.0029229323308270676,0.0,11.0,8.67,25.8,-1.0,3,120,0.060381578947368425,0
CAND_0003824,0.0029208396951699365,0.0,14.7,6.5,29.0,10.2,2,90,0.07153763359856866,0
CAND_0003717,0.002913673730305295,0.2,7.9,4.08,31.33,7.1,3,30,0.20728714833641118,2
CAND_0003676,0.002912170992097111,0.2,13.8,8.5,32.8,-1.0,3,120,0.12015559083403932,1
CAND_0004579,0.002911848005664385,0.0,7.7,7.58,22.75,64.1,2,90,0.10224880811895207,1
CAND_0002034,0.0029099886676380122,0.0,2.3,1.33,13.0,-1.0,3,90,-0.01689023797960175,0
CAND_0001639,0.002902723220043011,0.0,3.3,2.08,19.5,-1.0,1,60,0.14295718762090326,1
CAND_0002212,0.0029025858030161653,0.2,10.8,7.0,25.6,7.2,2,120,0.12815430186333948,1
CAND_0004944,0.0028975601673501515,0.2,4.4,0.0,52.0,-1.0,3,90,0.06384876351435317,0
CAND_0004805,0.0028968389265013883,0.0,4.9,4.17,29.0,-1.0,2,150,0.008833617456529136,0
CAND_0002463,0.0028948792041061364,0.0,7.6,4.25,45.0,-1.0,3,120,0.03579246328622884,0
CAND_0000263,0.0028902642078476957,0.2,5.4,1.25,21.0,51.4,2,60,0.2260955483648016,2
CAND_0003391,0.0028872888496513736,0.0,8.0,3.08,31.33,-1.0,3,90,0.03963306584267884,0
CAND_0000330,0.0028842731053702855,0.0,12.0,2.5,35.5,-1.0,2,60,0.159569735212776,1
CAND_0004471,0.00288234139893216,0.0,14.0,12.42,23.57,-1.0,2,90,0.05952916937757535,0
CAND_0000417,0.0028816876903001304,0.0,7.8,0.0,30.67,-1.0,2,150,0.03751544149630273,0
CAND_0003420,0.0028735632183908046,0.0,7.3,6.5,28.67,-1.0,2,30,0.1323448275862069,1
CAND_0000534,0.002873233113483465,0.0,4.7,0.67,18.33,13.2,3,90,0.020537895383152774,0
CAND_0004262,0.00287266949032736,0.0,6.7,0.0,26.0,-1.0,3,90,0.026326059296874565,0
CAND_0004186,0.002871414731783099,0.2,7.2,4.83,28.33,17.8,3,90,0.11009970936744509,1
CAND_0004014,0.0028713107046703986,0.0,9.3,2.25,27.5,-1.0,3,90,0.052297524798078365,0
CAND_0002889,0.002863920954803365,0.0,6.8,4.0,26.67,-1.0,3,90,0.027142340050870656,0
CAND_0002736,0.002863583372057948,0.2,5.0,1.17,19.67,-1.0,2,90,0.06913525081321689,0
CAND_0003100,0.002863382623298198,0.0,5.5,5.5,33.0,47.1,1,90,0.11223103508926216,1
CAND_0003748,0.0028630226217216947,0.4,10.0,0.0,29.5,25.4,3,90,0.20552347505615556,2
CAND_0003386,0.0028618267356244056,0.0,7.4,3.0,44.0,-1.0,3,90,0.03309836144811251,0
CAND_0000623,0.002859775479703089,0.2,5.1,0.67,30.0,-1.0,3,90,0.07005528507376485,0
CAND_0002945,0.0028582198179594328,0.0,3.8,0.0,45.0,33.4,3,60,0.13142261617714807,1
CAND_0001251,0.002856297393114495,0.2,4.2,4.17,50.0,-1.0,3,90,0.06098224525540438,0
CAND_0001066,0.0028551747750097823,0.2,1.6,0.0,19.0,-1.0,3,120,0.03495867027520541,0
CAND_0003673,0.0028551663016414975,0.2,2.9,2.83,34.0,-1.0,3,90,0.04795849233447144,0
CAND_0002554,0.002853823276358488,0.0,5.1,3.58,30.5,-1.0,3,150,0.009930288803528226,0
CAND_0003412,0.0028497121650448553,0.0,5.6,5.5,22.0,-1.0,3,60,0.11484395546594195,1
CAND_0003660,0.002849002849002849,0.2,13.3,10.08,31.4,-1.0,2,60,0.2188290598290598,2
CAND_0002026,0.0028474167377071044,0.4,3.7,3.67,44.0,-1.0,3,90,0.11579575149184917,1
CAND_0004097,0.0028446043966405495,0.2,1.5,1.5,18.0,-1.0,2,120,0.033736692329451506,0
CAND_0003004,0.0028429213924234275,0.0,6.1,3.92,24.0,-1.0,3,30,0.11970134924089197,1
CAND_0002921,0.0028356940736999894,0.0,6.1,6.0,36.0,28.4,3,90,0.04894957554769977,0
CAND_0003272,0.0028346240056967608,0.2,13.1,9.83,39.0,-1.0,2,120,0.11852710411963197,1
CAND_0004482,0.0028323455264754028,0.0,13.8,4.83,27.17,-1.0,3,60,0.15847925605598345,1
CAND_0003773,0.002830797221303341,0.4,13.6,6.42,32.4,-1.0,3,30,0.27844674164737016,3
CAND_0001576,0.0028307417006047143,0.0,2.0,0.0,24.0,-1.0,2,90,-0.021554424287301005,0
CAND_0002080,0.002830377117289869,0.0,4.9,0.0,29.0,-1.0,3,90,0.00743791946308725,0
CAND_0002492,0.0028294763081616317,0.2,3.7,1.75,21.5,-1.0,3,90,0.05541900247139425,0
CAND_0001667,0.002828677373941813,0.0,9.4,0.0,37.0,-1.0,2,120,0.05240222485277807,0
CAND_0003741,0.0028160762978812317,0.2,11.7,7.83,34.5,30.6,3,150,0.14973760225550584,1
CAND_0004157,0.002812597686777118,0.0,3.4,0.0,20.0,-1.0,3,90,-0.00793544857768054,0
CAND_0002534,0.002812499719199309,0.2,2.2,2.17,13.0,4.9,3,60,0.14596249410318546,1
CAND_0002916,0.0028113765930440886,0.0,1.3,1.25,15.0,46.2,3,30,0.11823890845392586,1
CAND_0003086,0.0028103260914066606,0.0,1.0,1.0,12.0,-1.0,2,90,-0.03198315208046014,0
CAND_0003989,0.002806370131402334,0.0,9.3,9.17,36.67,-1.0,3,90,0.05093377275944902,0
CAND_0003876,0.002802430949531374,0.0,4.6,2.25,27.0,6.8,1,150,0.061651049940158825,0
CAND_0003078,0.0027981904058694607,0.0,2.1,0.0,25.0,-1.0,3,150,-0.021238001476741333,0
CAND_0003726,0.002794195828251556,0.2,4.5,0.0,26.5,0.9,2,90,0.06457811239328268,0
CAND_0000379,0.00278728173666824,0.2,1.9,1.83,22.0,-1.0,3,60,0.13653291647003302,1
CAND_0003123,0.002778952390246018,0.0,4.9,3.83,29.0,-1.0,3,90,0.006358000195166372,0
CAND_0000354,0.002777777777777778,0.0,6.3,3.83,24.67,51.6,3,60,0.17293333333333333,2
CAND_0004887,0.002774145196197643,0.0,2.6,0.0,15.5,-1.0,2,60,0.0832570491201505,1
CAND_0004361,0.002771004288557785,0.2,9.3,7.33,27.25,-1.0,3,120,0.11019109005971348,1
CAND_0003791,0.002770083102493075,0.2,6.6,6.5,26.0,57.8,1,45,0.2919717451523546,3
CAND_0000244,0.0027697029881736932,0.0,1.3,1.25,15.0,11.9,3,60,0.08306376275164756,0
CAND_0000778,0.0027691997851772288,0.0,4.3,4.25,25.5,49.1,3,90,0.050253195488721786,0
CAND_0000410,0.0027667845979201973,0.0,10.1,5.5,24.0,-1.0,3,30,0.15710247655632414,1
CAND_0000548,0.002758782106077258,0.0,6.9,0.83,27.0,-1.0,3,90,0.025934424227622405,0
CAND_0000842,0.002758389526400883,0.0,3.2,0.0,38.0,-1.0,2,30,0.08892618005441855,1
CAND_0004152,0.0027566346575885066,0.2,1.6,1.58,19.0,-1.0,3,120,0.03288932780935863,0
CAND_0001608,0.00275530839231547,0.0,4.1,4.08,49.0,60.6,2,60,0.1594614762386249,1
CAND_0003841,0.0027548209366391185,0.0,5.0,4.92,29.5,26.7,1,30,0.1845512396694215,2
CAND_0002937,0.002754589790521089,0.4,11.0,5.5,26.0,-1.0,2,120,0.17684638560094287,2
CAND_0002009,0.002753443008452116,0.4,1.6,1.58,19.0,6.6,2,30,0.20042230317749443,2
CAND_0000444,0.0027521121618802585,0.2,14.3,11.0,33.8,-1.0,2,120,0.11679435539948543,1
CAND_0002468,0.0027432034851655627,0.0,8.1,0.0,32.33,2.6,3,60,0.1412072731884768,1
CAND_0004756,0.002742261274398682,0.2,3.0,3.0,36.0,-1.0,3,120,0.046587486762372315,0
CAND_0001871,0.002740154573976296,0.4,14.7,9.67,34.8,-1.0,2,60,0.2765432460535022,3
CAND_0000978,0.002739609357256416,0.0,4.3,4.25,51.0,38.6,3,120,0.039131796502384714,0
CAND_0002527,0.002737364557482833,0.0,8.7,6.5,25.75,27.3,3,60,0.17178465570713947,2
CAND_0000545,0.0027351929888058736,0.4,6.1,1.92,24.0,40.3,3,90,0.17873905276492333,2
CAND_0004217,0.0027329268666319434,0.2,5.7,0.0,34.0,0.4,3,120,0.0747914641992708,0
CAND_0000664,0.002732412990063056,0.0,7.4,7.33,29.33,33.6,3,30,0.16498067279132417,2
CAND_0004216,0.0027308711914878162,0.0,9.6,7.5,22.8,-1.0,3,90,0.052348295021244134,0
CAND_0004105,0.002725224236571412,0.0,5.2,0.0,30.5,-1.0,1,120,0.058229708967999644,0
CAND_0004739,0.0027247956403269754,0.0,3.0,2.92,17.5,30.7,2,90,0.017920708446866482,0
CAND_0004307,0.002723906310345089,0.2,8.7,7.25,25.75,9.9,3,120,0.11410203251724685,1
CAND_0004803,0.002722767880929968,0.0,7.5,0.67,22.25,-1.0,2,90,0.031178125499529308,0
CAND_0002029,0.0027204847036736784,0.2,5.8,0.0,22.67,35.1,3,30,0.21023017877714723,2
CAND_0000201,0.0027188067837674136,0.0,14.1,9.58,33.4,42.1,3,60,0.19919494245911568,2
CAND_0003505,0.0027140731836872035,0.0,2.8,2.25,16.5,-1.0,1,30,0.13399553685743126,1
CAND_0001122,0.0027116314718397335,0.0,4.9,4.83,29.0,48.6,3,150,0.0545442609086344,0
CAND_0002393,0.0027100271002710027,0.0,11.8,9.25,23.17,-1.0,2,90,0.05591056910569106,0
CAND_0000920,0.0027034400963770167,0.2,9.7,0.0,38.33,-1.0,3,150,0.11277224202391731,1
CAND_0003805,0.0027011054546881284,0.0,14.2,8.25,28.0,38.3,3,90,0.0950232145484507,1
CAND_0001341,0.002699385170218775,0.4,3.3,0.0,39.0,-1.0,3,90,0.10868708857459425,1
CAND_0003189,0.002697802197802198,0.2,7.9,7.75,23.25,-1.0,3,90,0.09465384615384614,1
CAND_0002403,0.002695192021667997,0.0,4.4,4.33,52.0,63.4,2,120,0.06399903245502794,0
CAND_0000160,0.0026915275393977218,0.2,7.0,6.92,41.5,-1.0,1,120,0.13552207832735216,1
CAND_0000032,0.0026907619467077737,0.2,8.1,2.25,31.67,-1.0,3,150,0.09650600088086322,1
CAND_0004140,0.002687762874236616,0.2,2.5,1.25,14.5,31.3,3,60,0.17274302035896894,2
CAND_0003195,0.002681389578163772,0.2,14.1,10.08,20.88,40.5,3,120,0.15680918114143924,1
CAND_0004848,0.0026709330677107826,0.0,5.7,5.58,33.5,-1.0,2,45,0.11208959442192643,1
CAND_0000110,0.002669250699269461,0.0,9.8,0.67,23.2,64.0,3,150,0.11805426468465868,1
CAND_0004446,0.0026688159171828663,0.0,13.4,0.0,31.6,-1.0,3,60,0.15504513426084018,1
CAND_0001495,0.0026682609217051475,0.0,9.3,2.17,36.67,-1.0,2,150,0.048033479355808095,0
CAND_0001252,0.002668243676121683,0.2,3.4,0.0,40.0,-1.0,2,90,0.049033117198555326,0
CAND_0004722,0.002666748322650009,0.2,2.9,2.83,34.0,-1.0,2,30,0.14400171477565019,1
CAND_0003218,0.0026662968979042035,0.2,3.0,1.83,17.5,8.2,3,60,0.15419223485598826,1
CAND_0001482,0.0026652162931489996,0.4,5.5,3.17,32.5,-1.0,1,90,0.17996954215612895,2
CAND_0002487,0.002664821517280534,0.0,4.5,0.0,26.5,-1.0,3,150,-3.874813710880165e-05,0
CAND_0001994,0.0026624105028459056,0.0,7.5,1.83,29.33,53.8,3,120,0.08471062055976397,1
CAND_0003096,0.002661769341659258,0.0,1.8,0.0,21.0,-1.0,3,90,-0.027102843825155584,0
CAND_0000332,0.002660062584309875,0.0,5.4,2.67,21.0,0.8,3,120,0.010661314270507372,0
CAND_0001229,0.002658013059167192,0.2,3.5,0.0,20.5,-1.0,3,150,0.049818274242511035,0
CAND_0003400,0.0026539898557682274,0.0,1.5,1.5,18.0,45.2,3,150,0.015933786971132763,0
CAND_0000522,0.002653301886792453,0.0,9.2,0.0,36.0,-1.0,3,150,0.04671933962264149,0
CAND_0001152,0.0026462371309887377,0.4,7.0,6.83,27.33,-1.0,3,60,0.2445709797507635,2
CAND_0002451,0.002644126479270572,0.0,12.6,11.33,29.8,30.2,2,90,0.08572665606468202,1
CAND_0001816,0.002639993893026175,0.0,9.4,7.83,22.0,-1.0,2,120,0.04843987175354966,0
CAND_0003472,0.0026360713233500943,0.4,7.5,0.0,45.0,-1.0,3,60,0.249357497790352,2
CAND_0000494,0.0026358656886261316,0.0,3.4,0.0,40.0,40.0,3,90,0.029353179461148765,0
CAND_0002604,0.002634096628605894,0.0,6.8,4.75,27.0,6.5,2,90,0.029816029200723765,0
CAND_0004512,0.0026340952874553784,0.0,11.7,8.17,27.6,-1.0,3,60,0.15431600103656296,1
CAND_0004569,0.0026293481025177314,0.0,15.0,7.5,29.67,-1.0,3,90,0.05421631015287234,0
CAND_0004713,0.0026284134116833736,0.4,7.7,0.0,30.33,63.1,3,60,0.31529668164535085,3
CAND_0004430,0.0026272366697898614,0.2,9.5,5.0,37.33,-1.0,2,90,0.10917197006558707,1
CAND_0004421,0.0026252567431704777,0.2,12.4,9.75,29.4,5.7,3,120,0.12083039160658005,1
CAND_0000223,0.002624504428442167,0.0,6.1,0.0,24.0,-1.0,2,30,0.11511459299728549,1
CAND_0003832,0.0026214527601982245,0.2,5.1,0.0,30.0,-1.0,2,30,0.1650505079641627,2
CAND_0001903,0.002620702298218422,0.2,2.5,0.0,30.0,-1.0,3,90,0.03903474826258685,0
CAND_0001869,0.002617801047120419,0.2,3.9,3.83,23.0,14.0,3,120,0.06797382198952881,0
CAND_0003347,0.0026111149645865607,0.0,5.9,2.58,35.0,-1.0,2,120,0.01283341425631776,0
CAND_0001694,0.0026095049165472733,0.0,11.8,10.08,28.0,26.8,3,150,0.08159960324749274,0
CAND_0002090,0.002609312458833663,0.4,9.6,3.25,38.0,5.1,3,30,0.2758955616355069,3
CAND_0002221,0.0026014408836826045,0.0,1.9,0.0,22.0,-1.0,2,90,-0.02736974144266531,0
CAND_0001513,0.002600797643709748,0.0,3.9,0.0,46.0,-1.0,3,60,0.0926167505179047,1
CAND_0004017,0.0025904995514567904,0.4,5.1,5.0,20.0,47.3,3,150,0.17270049058059259,2
CAND_0000791,0.0025898186289372866,0.0,4.0,2.75,23.5,15.3,1,90,0.05968619120768301,0
CAND_0003704,0.002589138894279382,0.2,6.7,2.33,26.33,45.9,3,60,0.22727191677986702,2
CAND_0003720,0.002586880274463556,0.2,3.2,2.58,19.0,-1.0,2,120,0.04532448576373466,0
CAND_0001851,0.002580551661313316,0.0,7.3,7.17,28.67,-1.0,3,150,0.02619158488757964,0
CAND_0001901,0.002580087973725511,0.0,5.5,0.0,21.67,48.9,3,120,0.05808184744823572,0
CAND_0004117,0.002580066804204735,0.2,4.4,4.33,26.0,-1.0,3,90,0.057181402888299426,0
CAND_0002231,0.0025798799021424868,0.0,3.2,0.0,19.0,-1.0,2,120,-0.01482252205500778,0
CAND_0002791,0.002579216825792168,0.2,8.1,0.0,32.0,-1.0,3,90,0.09416355334163554,1
CAND_0004516,0.0025759773834765467,0.2,4.7,0.0,28.0,58.7,3,30,0.21979552505300745,2
CAND_0002671,0.0025730579131662754,0.0,13.6,7.75,26.83,-1.0,3,30,0.1530342161764918,1
CAND_0004545,0.002567154283323076,0.0,11.7,5.33,27.8,-1.0,3,60,0.1529102399497846,1
CAND_0001522,0.0025650695795545984,0.2,4.6,0.0,27.0,2.4,2,90,0.062266461170646575,0
CAND_0003216,0.0025615192037613727,0.2,5.6,2.08,33.5,-1.0,1,90,0.11879190327898878,1
CAND_0002254,0.0025608375778155066,0.2,4.8,2.33,28.0,-1.0,3,60,0.16077758913412565,1
CAND_0000737,0.002560129682856408,0.0,4.6,0.0,55.0,27.5,2,60,0.12726272333998456,1
CAND_0004211,0.002558852081058124,0.0,3.6,0.0,21.5,38.0,2,90,0.0277358937022206,0
CAND_0000631,0.0025484995887974397,0.2,8.5,7.08,20.0,-1.0,2,150,0.09751849136474625,1
CAND_0002963,0.002545249615275985,0.0,13.9,5.92,33.0,10.6,2,150,0.0640502419207957,0
CAND_0002308,0.0025428551563952484,0.2,6.8,2.0,26.67,-1.0,3,30,0.18039995828430022,2
CAND_0004457,0.0025427254214894575,0.0,5.9,4.5,35.0,-1.0,3,90,0.01139723385127861,0
CAND_0004541,0.0025380710659898475,0.2,4.9,4.83,29.0,32.9,2,60,0.19519949238578677,2
CAND_0002894,0.002536162314388121,0.2,1.7,0.0,10.0,-1.0,3,90,0.02925940860215051,0
CAND_0002523,0.0025331439393939392,0.2,9.7,9.67,38.67,-1.0,3,60,0.20919602272727272,2
CAND_0000581,0.002531645569620253,0.0,13.9,10.25,41.5,-1.0,2,150,0.05216455696202532,0
CAND_0000795,0.0025258718669617752,0.2,3.2,3.17,38.0,34.9,3,150,0.07994330920619727,0
CAND_0004041,0.0025226646741372603,0.2,4.6,0.0,27.0,-1.0,3,60,0.15797595815688248,1
CAND_0003091,0.002519424859324307,0.2,3.5,0.0,20.5,25.2,3,60,0.17310792204581044,2
CAND_0002344,0.0025159586449828926,0.2,4.7,4.67,28.0,82.0,1,120,0.19183513154464074,2
CAND_0001581,0.002512562814070352,0.0,6.9,1.67,27.33,57.7,3,30,0.1794638190954774,2
CAND_0003672,0.0025089427662957076,0.2,3.5,0.0,20.5,-1.0,2,60,0.14668779809220986,1
CAND_0001498,0.0025078431444721322,0.2,6.4,2.67,38.0,9.2,3,90,0.08586470603391474,1
CAND_0003558,0.0025074207155132014,0.0,5.0,1.08,19.67,26.5,2,30,0.12915583502577724,1
CAND_0000087,0.002499710346425675,0.2,2.5,0.0,30.0,34.0,3,120,0.07149391727493917,0
CAND_0004656,0.0024964229730880445,0.4,9.7,9.58,28.75,19.0,2,90,0.18842488243484892,2
CAND_0003626,0.0024915686459288195,0.6,12.7,6.58,37.5,-1.0,3,120,0.2313229415645052,2
CAND_0004134,0.00249132677457753,0.0,14.3,7.83,28.17,-1.0,3,90,0.05131786226612814,0
CAND_0000229,0.0024878785776503323,0.0,2.2,2.17,26.0,-1.0,3,60,0.07324545013065697,0
CAND_0003701,0.0024844389910554498,0.0,4.3,2.83,25.0,36.7,2,60,0.13187321881216443,1
CAND_0004130,0.0024803581341799916,0.0,13.3,13.08,26.17,-1.0,2,150,0.05108752081777981,0
CAND_0001587,0.00247973393085487,0.2,5.3,1.08,21.0,-1.0,2,120,0.06407441254795226,0
CAND_0004177,0.002479282302058979,0.2,3.4,0.0,20.0,24.9,2,150,0.07096492834323856,0
CAND_0004587,0.002477217768173578,0.2,6.9,0.0,27.33,38.7,3,30,0.21972157313164514,2
CAND_0001384,0.002468719709903908,0.0,9.8,0.0,29.0,49.0,3,120,0.09884311390798209,1
CAND_0000705,0.00246384322369313,0.0,3.6,3.58,21.5,75.1,2,60,0.16284070769755574,1
CAND_0003611,0.002458459143337155,0.0,1.4,1.33,16.0,59.6,3,90,0.025227642010080237,0
CAND_0003332,0.0024580165111635164,0.0,6.4,6.33,25.33,17.1,3,30,0.13271834673443383,1
CAND_0001189,0.0024567713635047714,0.2,1.1,0.0,13.0,17.9,3,30,0.14049219863360018,1
CAND_0001967,0.0024538696562176727,0.2,7.5,3.5,29.67,55.7,2,90,0.14223126278057113,1
CAND_0003680,0.002452162875174782,0.0,8.0,7.92,31.67,16.6,3,90,0.04809542037867043,0
CAND_0003389,0.0024521090440228406,0.2,7.6,2.33,29.67,11.5,3,30,0.19899428992447965,2
CAND_0002887,0.002451416703753152,0.2,6.2,0.83,24.33,-1.0,3,90,0.07247975077881619,0
CAND_0003207,0.0024510318424222433,0.0,2.5,2.5,30.0,-1.0,3,60,0.0754716686908671,0
CAND_0004490,0.0024489273581832565,0.0,5.9,2.58,35.0,10.5,2,150,0.020927474521848385,0
CAND_0002283,0.002448071680790224,0.0,7.4,6.42,21.75,-1.0,3,30,0.12440950529659472,1
CAND_0002006,0.0024387856172114345,0.2,8.5,2.08,33.67,50.5,3,120,0.14671449796144012,1
CAND_0002219,0.0024385530003175147,0.0,5.9,5.83,35.0,-1.0,3,60,0.10920961300666782,1
CAND_0004707,0.0024284278047441944,0.0,6.9,6.0,27.0,-1.0,2,60,0.1189969838996281,1
CAND_0000666,0.0024271844660194173,0.0,6.5,6.42,25.67,49.3,3,60,0.16527087378640776,2
CAND_0004826,0.0024253768118550362,0.2,5.4,5.33,21.33,20.6,3,150,0.08553291304895574,1
CAND_0002640,0.0024247915278308163,0.0,8.3,5.92,32.67,-1.0,3,90,0.032920622084447154,0
CAND_0002704,0.0024185216492908805,0.0,7.8,7.67,23.0,-1.0,3,60,0.12778895463510848,1
CAND_0003143,0.002417484899665073,0.0,4.0,2.0,24.0,-1.0,3,120,-0.01023281710703347,0
CAND_0004321,0.0024172740897169523,0.2,7.2,3.67,21.25,46.5,3,90,0.129262755884056,1
CAND_0003129,0.0024167733674775927,0.0,5.1,2.08,30.5,34.6,3,90,0.036352240717029444,0
CAND_0004316,0.0024154589371980675,0.0,3.5,3.42,20.5,54.3,3,90,0.04002463768115941,0
CAND_0000091,0.0024116253910704366,0.2,3.6,0.0,43.0,55.2,3,120,0.10184413321247915,1
CAND_0000757,0.002410792341521685,0.2,6.6,6.5,39.0,-1.0,2,90,0.07562663917195536,0
CAND_0003616,0.002409819270629921,0.2,8.5,3.5,25.0,-1.0,3,60,0.19460620468322834,2
CAND_0000108,0.0024066313657971393,0.0,3.6,0.0,21.0,25.6,3,60,0.11213925868173992,1
CAND_0000250,0.002405776953969725,0.0,3.7,3.67,44.0,-1.0,3,120,-0.01347868396663579,0
CAND_0002619,0.0024047344110854504,0.0,6.1,4.0,36.5,63.8,3,120,0.07529942263279446,0
CAND_0000182,0.002395536844148365,0.0,5.5,3.08,21.67,-1.0,3,60,0.10430627372711566,1
CAND_0001594,0.0023938211194270012,0.2,7.5,7.33,22.0,42.7,3,120,0.127970243507967,1
CAND_0000245,0.002389175291393558,0.2,1.9,0.0,22.0,-1.0,3,90,0.028172681119264714,0
CAND_0001278,0.00238760905005564,0.4,1.8,1.75,21.0,-1.0,3,90,0.08713979005116843,1
CAND_0004988,0.0023862324025987827,0.2,5.5,0.0,21.67,13.4,3,120,0.07851088045457441,0
CAND_0003581,0.0023858775329865644,0.0,3.4,3.33,40.0,-1.0,3,90,-0.016896571807282157,0
CAND_0004365,0.0023857672492657326,0.0,4.0,1.08,23.5,-1.0,3,60,0.08910111223458039,1
CAND_0000014,0.002385706939870988,0.2,8.4,5.58,33.33,-1.0,3,90,0.09309984573729074,1
CAND_0001121,0.0023851724701113553,0.0,3.3,3.25,39.0,43.9,2,30,0.12698862187233845,1
CAND_0001402,0.002384668194242421,0.0,1.5,0.0,18.0,-1.0,2,60,0.06407803207909084,0
CAND_0004225,0.002383273345330934,0.2,1.9,1.83,22.0,40.8,3,30,0.1698487402519496,2
CAND_0002310,0.0023785913423815964,0.0,10.8,3.25,31.75,33.9,3,60,0.18385041819001352,2
CAND_0003962,0.0023778084587776863,0.2,13.0,9.67,25.67,-1.0,3,120,0.10893397763433141,1
CAND_0000691,0.0023743643579966986,0.2,3.1,0.0,37.0,62.1,3,30,0.20296165151793066,2
CAND_0001754,0.002373331878224994,0.0,1.3,0.0,15.0,18.6,3,120,-0.018560030557275134,0
CAND_0003955,0.0023704451329260943,0.0,7.7,0.0,23.0,43.4,3,60,0.17017934779144797,2
CAND_0004920,0.002369668246445498,0.2,4.2,2.0,25.0,-1.0,3,60,0.15076303317535547,1
CAND_0001515,0.0023694518200478316,0.0,7.7,4.58,30.33,-1.0,3,60,0.12575848822100447,1
CAND_0004536,0.002369220661903589,0.2,2.3,2.25,27.0,45.2,2,120,0.07795363389997537,0
CAND_0003384,0.0023612848627566413,0.0,5.7,5.58,22.33,-1.0,3,60,0.10558698211788947,1
CAND_0004277,0.0023599237820578845,0.0,8.5,0.0,33.33,47.0,3,90,0.08155839942321555,0
CAND_0001175,0.002357122567986576,0.0,1.5,1.5,18.0,-1.0,3,30,0.06349957392771809,0
CAND_0000526,0.002357007739551331,0.4,5.8,5.67,22.67,-1.0,3,90,0.12649716253057794,1
CAND_0002486,0.0023557465858113067,0.2,4.1,4.08,24.5,17.9,3,120,0.06837067830203741,0
CAND_0001052,0.002355576049008629,0.0,11.5,4.0,34.0,-1.0,3,60,0.1484670970291812,1
CAND_0002949,0.0023527062018813783,0.0,6.4,3.67,25.33,-1.0,3,120,0.012406830239508948,0
CAND_0004422,0.0023512523512523513,0.2,1.4,0.0,16.0,8.5,2,120,0.03187629937629935,0
CAND_0004291,0.0023488820765324844,0.0,9.5,3.42,28.0,29.8,2,90,0.07412652360718217,0
CAND_0003541,0.0023486820644352483,0.2,3.4,0.0,40.0,-1.0,2,90,0.04232232335314021,0
CAND_0004843,0.002347417840375587,0.0,14.3,8.25,28.17,-1.0,3,60,0.14829577464788732,1
CAND_0003767,0.0023467221359798774,0.0,2.6,0.0,15.5,-1.0,2,120,-0.02571883514442258,0
CAND_0002408,0.002346517835476826,0.4,5.5,3.17,21.67,40.7,3,120,0.16497687454501334,2
CAND_0002605,0.002345297725640826,0.0,2.5,0.0,30.0,17.1,3,120,-0.008648747761542647,0
CAND_0000977,0.0023437959207664727,0.2,1.7,0.0,20.0,-1.0,3,150,0.025219714336095905,0
CAND_0002746,0.002342437273944123,0.0,11.6,6.5,27.8,-1.0,3,60,0.14819118275282658,1
CAND_0002680,0.0023402814357739482,0.0,4.9,4.83,29.0,-1.0,3,30,0.0971459101512529,1
CAND_0004638,0.002339706073611653,0.0,4.6,1.42,27.0,-1.0,1,60,0.1441338275458447,1
CAND_0002969,0.002336448598130841,0.2,6.9,6.83,27.33,-1.0,3,60,0.17706542056074764,2
CAND_0001946,0.002336414710974161,0.0,2.0,2.0,24.0,40.3,3,60,0.10936470893045737,1
CAND_0003669,0.002336107654632816,0.2,6.9,1.5,27.33,38.9,3,150,0.11695826074728913,1
CAND_0003448,0.0023347358697632637,0.2,9.9,7.5,23.4,39.1,3,120,0.14712945326502852,1
CAND_0000917,0.002331804549828275,0.0,5.8,2.08,22.67,24.1,3,120,0.031067895546393776,0
CAND_0000900,0.002330295206206416,0.4,1.8,0.0,21.0,36.7,1,90,0.17363619933033472,2
CAND_0003362,0.0023245941810158565,0.0,3.7,0.0,44.0,-1.0,3,90,-0.015183522198667004,0
CAND_0000015,0.0023243328830634185,0.0,5.4,2.0,21.33,-1.0,3,90,0.0018109905443317864,0
CAND_0001878,0.002323135826057334,0.2,6.4,0.0,25.33,-1.0,1,90,0.12178585234720399,1
CAND_0000302,0.002321591204787926,0.2,7.4,4.92,29.0,-1.0,3,90,0.08175341530054644,0
CAND_0001922,0.0023203481060880085,0.2,2.4,2.33,28.0,28.6,3,150,0.06132731022784818,0
CAND_0002941,0.0023200538209884104,0.2,6.8,2.83,40.0,-1.0,3,60,0.1757211302407566,2
CAND_0004555,0.002316101406533575,0.2,5.0,4.92,19.67,-1.0,1,90,0.10763812953720506,1
CAND_0002305,0.002315919062507099,0.0,6.4,6.33,38.0,-1.0,3,120,0.011634300312649073,0
CAND_0001638,0.0023148148148148147,0.0,7.9,6.08,18.6,-1.0,3,90,0.026611111111111113,0
CAND_0001755,0.0023111802477967878,0.0,14.6,14.42,43.25,-1.0,3,30,0.14753478520373253,1
CAND_0001226,0.002310150674281533,0.2,8.6,3.08,25.5,7.3,3,120,0.10181316415991218,1
CAND_0002161,0.0023039792687489166,0.0,11.7,3.58,46.33,-1.0,3,120,0.047383564643727255,0
CAND_0000899,0.002301139166387993,0.0,4.1,1.75,24.0,-1.0,3,30,0.08832392249414783,1
CAND_0004184,0.0022968732527678805,0.0,4.2,4.08,24.5,-1.0,3,60,0.0892343383081255,1
CAND_0004831,0.002296093908115766,0.0,3.6,3.5,21.0,-1.0,3,30,0.08321797207043108,1
CAND_0000101,0.0022947810841266415,0.2,7.0,6.92,41.5,-1.0,1,120,0.12719040276665947,1
CAND_0003910,0.0022930681485814567,0.0,8.4,0.0,33.0,37.3,3,60,0.16945443112021058,2
CAND_0003028,0.002292461195509344,0.2,5.8,0.0,22.67,-1.0,2,150,0.0651416851056962,0
CAND_0003730,0.0022903721693299404,0.0,9.0,0.0,35.67,-1.0,3,90,0.037097815555928754,0
CAND_0004561,0.0022889447749902883,0.2,6.6,0.0,26.0,-1.0,3,150,0.07306784027479604,0
CAND_0001729,0.002288329519450801,0.0,5.5,5.33,21.33,7.0,1,120,0.060054919908466814,0
CAND_0002578,0.0022856620718462823,0.4,6.4,1.67,25.0,-1.0,2,90,0.1309989035087719,1
CAND_0004796,0.002283693318176077,0.0,7.0,3.33,27.67,-1.0,3,150,0.016957559681697612,0
CAND_0000133,0.0022792127151579347,0.2,11.7,6.08,27.6,-1.0,3,120,0.10686346701831662,1
CAND_0002973,0.002279108868432443,0.0,8.1,2.83,32.0,-1.0,3,60,0.1278612862370813,1
CAND_0001617,0.0022753040610183468,0.4,8.3,4.58,32.67,-1.0,2,150,0.14978138528138527,1
CAND_0000943,0.002273347953821327,0.0,5.3,0.0,31.0,-1.0,3,120,-0.0002596929697521455,0
CAND_0000790,0.0022727272727272726,0.2,7.9,0.75,23.5,12.5,3,120,0.09922727272727275,1
CAND_0001643,0.002270251816689155,0.0,13.7,12.5,32.6,-1.0,3,30,0.14667528815047226,1
CAND_0003198,0.0022689222874931734,0.4,3.9,1.08,23.0,-1.0,1,120,0.15564736803735665,1
CAND_0000981,0.0022675736961451248,0.2,6.4,6.33,38.0,70.3,2,120,0.1419190476190476,1
CAND_0000740,0.0022660372713357523,0.4,3.2,3.17,19.0,40.2,3,90,0.1397867826980508,1
CAND_0004245,0.002264301192370713,0.0,14.1,9.42,27.83,-1.0,3,30,0.146550325039785,1
CAND_0003561,0.002263738664918606,0.0,4.5,4.5,54.0,-1.0,3,150,-0.008461488036709292,0
CAND_0003653,0.0022621398789930717,0.0,6.8,4.33,40.0,-1.0,3,90,0.014504937458854505,0
CAND_0003316,0.0022605284133704814,0.0,5.1,5.0,30.0,-1.0,3,120,-0.0025289033192198995,0
CAND_0002419,0.002258871276377974,0.0,13.8,8.5,27.17,-1.0,3,120,0.04643629680393746,0
CAND_0000469,0.0022586701568540687,0.0,1.9,1.83,22.0,-1.0,3,120,-0.03456792670606457,0
CAND_0000618,0.002256321370309951,0.4,8.3,0.0,32.67,-1.0,3,90,0.14938274877650895,1
CAND_0000895,0.002255590801735298,0.4,5.1,1.42,30.0,-1.0,3,30,0.21736740683644123,2
CAND_0001445,0.002255460588793922,0.2,4.2,4.17,50.0,-1.0,2,90,0.048364672364672345,0
CAND_0000104,0.002254588590317553,0.2,8.1,0.5,32.0,9.5,1,90,0.14784636039666862,1
CAND_0004139,0.002251217863316747,0.0,13.6,13.33,26.67,-1.0,3,30,0.1462755751296517,1
CAND_0001096,0.002250390154989814,0.2,6.3,3.67,37.5,36.2,3,120,0.10645819325478609,1
CAND_0004412,0.0022503461864784016,0.0,2.4,1.0,14.0,-1.0,3,120,-0.029742730083953575,0
CAND_0002144,0.0022498570324962627,0.0,3.0,0.0,36.0,-1.0,2,60,0.07624699768242152,0
CAND_0004048,0.0022484535172492765,0.0,9.5,4.17,28.25,20.3,3,90,0.0625175238622348,0
CAND_0001337,0.0022471910112359553,0.0,4.6,2.17,27.0,59.0,3,90,0.05219101123595504,0
CAND_0004553,0.0022451902605194907,0.0,8.1,2.75,32.0,-1.0,3,120,0.027148995470909293,0
CAND_0004232,0.0022431349510285284,0.2,4.0,4.0,48.0,-1.0,3,120,0.04610583397159909,0
CAND_0000712,0.002241969388131055,0.0,2.5,2.5,30.0,-1.0,2,30,0.07108135715075216,0
CAND_0001344,0.0022409567120206353,0.2,5.3,5.25,31.5,-1.0,3,60,0.15906009095243334,1
CAND_0003276,0.002240670537613769,0.0,14.5,14.25,28.5,18.2,3,90,0.06525408128988916,0
CAND_0003689,0.0022372764871200126,0.2,6.4,0.0,38.0,-1.0,3,90,0.06998280622952024,0
CAND_0003569,0.0022371563309925777,0.0,12.2,10.33,28.8,-1.0,3,30,0.14598028295084414,1
CAND_0002104,0.0022369843089714058,0.2,4.6,2.42,27.0,0.8,3,30,0.15377667048839952,1
CAND_0000044,0.002229074475096507,0.2,5.7,0.0,34.0,6.5,3,90,0.07031056397702665,0
CAND_0004241,0.002228907155347508,0.2,10.9,3.75,43.33,-1.0,3,150,0.10580705026229767,1
CAND_0002755,0.0022278222298908537,0.0,1.8,0.0,21.0,19.7,3,90,-0.015515733172292073,0
CAND_0004746,0.0022272531666884953,0.0,6.9,1.75,27.33,-1.0,2,120,0.014772316500458404,0
CAND_0002122,0.0022258229575302744,0.2,5.3,2.25,31.5,41.9,2,90,0.10164228210813575,1
CAND_0002764,0.002225589767178477,0.0,3.1,3.0,18.0,-1.0,2,60,0.07673738511074803,0
CAND_0001118,0.002225093310364628,0.2,3.4,0.0,40.0,-1.0,3,60,0.13972695951765718,1
CAND_0000852,0.002224391150771519,0.2,4.8,3.25,19.0,20.6,3,60,0.1753122141662019,2
CAND_0003996,0.002221572995410778,0.0,2.4,2.33,28.0,-1.0,3,120,-0.030346967096373675,0
CAND_0000767,0.0022182311512949733,0.0,3.3,3.25,39.0,-1.0,2,90,-0.021417145822805572,0
CAND_0002229,0.002212931995540691,0.4,4.2,3.67,16.67,-1.0,3,60,0.2074715719063545,2
CAND_0001530,0.0022123893805309734,0.2,5.4,0.67,21.33,70.1,3,120,0.13056017699115044,1
CAND_0001838,0.002211160302391773,0.2,13.1,7.0,31.0,37.8,3,60,0.24423436635022722,2
CAND_0003334,0.0022099509790414738,0.0,2.0,2.0,24.0,28.4,3,60,0.09480897055987093,1
CAND_0003356,0.0022096928982725528,0.4,3.0,1.83,17.5,-1.0,3,150,0.0954035508637236,1
CAND_0002309,0.002207516235612653,0.0,11.4,7.08,27.0,32.8,2,60,0.17915784094786572,2
CAND_0000697,0.0022067316586320595,0.0,3.0,3.0,36.0,-1.0,2,30,0.07534136483127324,0
CAND_0002737,0.0022052399490266814,0.0,2.5,2.42,14.5,-1.0,3,90,-0.029689961070439697,0
CAND_0004509,0.00220459492140266,0.0,2.8,2.67,16.0,-1.0,3,30,0.07329649334945586,0
CAND_0003548,0.0022030807811003043,0.0,8.3,0.0,49.5,54.2,3,150,0.08346469640310639,1
CAND_0002365,0.002201126862035092,0.2,4.9,1.75,19.0,27.8,2,30,0.1830236641027369,2
CAND_0000274,0.002198694162979877,0.0,3.0,0.0,36.0,-1.0,3,120,-0.024827422577422598,0
CAND_0004737,0.002190115812406834,0.2,5.9,3.5,35.0,-1.0,2,60,0.1639924320605435,2
CAND_0001258,0.0021898391463608855,0.0,5.9,2.75,23.33,23.2,3,30,0.1281866220735786,1
CAND_0002191,0.0021890861091155463,0.2,2.5,0.0,30.0,38.1,3,150,0.06907080829142645,0
CAND_0002819,0.0021887962338352014,0.0,3.9,0.0,46.0,-1.0,1,60,0.13396472091053924,1
CAND_0002574,0.0021881163708086784,0.0,6.4,1.83,38.0,-1.0,3,30,0.10895044378698224,1
CAND_0004666,0.0021880993299957657,0.2,6.3,1.08,25.0,40.2,3,60,0.20915008592991108,2
CAND_0002042,0.0021869125008493963,0.0,6.9,3.67,41.0,-1.0,2,90,0.01392516251783732,0
CAND_0002306,0.0021868866584754823,0.4,8.9,8.83,26.5,-1.0,3,90,0.15392461982798514,1
CAND_0001458,0.0021860696151735043,0.0,6.4,2.67,38.0,-1.0,3,90,0.008907461918643583,0
CAND_0001162,0.0021805010800363804,0.0,11.4,6.5,27.0,-1.0,3,60,0.14479052268076398,1
CAND_0003636,0.002180166252724416,0.0,8.0,6.83,31.67,-1.0,3,90,0.02478349130721272,0
CAND_0000457,0.0021799760144194016,0.2,2.4,0.0,14.0,50.0,1,150,0.1297794963028074,1
CAND_0003130,0.002178649237472767,0.0,5.4,5.33,32.0,-1.0,3,60,0.0987516339869281,1
CAND_0003331,0.002176857300532212,0.0,3.3,0.0,39.0,-1.0,3,120,-0.022285996688823556,0
CAND_0003285,0.002173045678291243,0.0,9.4,6.5,27.5,-1.0,3,60,0.1386339592441161,1
CAND_0003589,0.002166273381877842,0.0,7.6,1.5,30.33,8.7,3,120,0.03019174101943467,0
CAND_0003724,0.0021611157204377545,0.0,7.6,6.42,30.0,55.7,1,30,0.22708343012919285,2
CAND_0004023,0.002159536950789436,0.4,6.4,3.67,25.33,-1.0,2,120,0.12835027596657814,1
CAND_0001691,0.0021594555929319876,0.2,10.9,0.67,26.0,-1.0,3,60,0.20434856745157173,2
CAND_0001100,0.002158334598207099,0.4,1.5,0.0,18.0,-1.0,3,90,0.07932502656234905,0
CAND_0002595,0.002155811106816132,0.2,2.9,2.83,17.0,45.1,3,30,0.17937203324313877,2
CAND_0004122,0.002153511910301614,0.0,5.3,2.83,20.67,40.0,3,90,0.03822375011633389,0
CAND_0000062,0.0021494219865882992,0.0,4.3,4.25,51.0,45.9,3,90,0.03403786171835427,0
CAND_0001435,0.002147328790111927,0.4,1.4,0.0,16.0,41.8,3,90,0.12089390459235047,1
CAND_0003633,0.002147203173322576,0.0,1.4,0.0,16.0,-1.0,3,90,-0.041908733360225915,0
CAND_0000113,0.0021454062713383523,0.0,1.8,0.0,21.0,-1.0,3,60,0.0620535316981054,0
CAND_0003147,0.002145341335892971,0.2,8.0,7.75,23.25,47.1,2,120,0.1321521680537524,1
CAND_0000980,0.002145293568661783,0.0,7.8,0.0,30.67,-1.0,3,120,0.022051164941897433,0
CAND_0001059,0.002142204133072326,0.4,1.5,0.0,18.0,-1.0,3,30,0.17898628679451883,2
CAND_0000350,0.002141543213147516,0.0,4.8,0.0,28.5,-1.0,3,90,-0.008027592523902172,0
CAND_0002491,0.0021413276231263384,0.0,3.9,3.17,23.0,-1.0,2,90,-0.017032119914346902,0
CAND_0002778,0.002138445441220619,0.2,5.9,4.33,23.33,11.4,2,90,0.07530735426563298,0
CAND_0001762,0.0021369248175454737,0.0,2.7,2.67,32.0,-1.0,2,30,0.07087542116845494,0
CAND_0003315,0.0021327292301255656,0.0,6.3,0.0,37.5,-1.0,2,150,0.006787313832636865,0
CAND_0001237,0.0021321160042964554,0.0,2.0,0.0,24.0,46.2,3,30,0.11097443609022557,1
CAND_0004622,0.0021292955089145037,0.0,13.3,7.5,31.6,-1.0,2,60,0.14371520568720458,1
CAND_0001819,0.0021231422505307855,0.0,4.4,4.33,26.0,72.4,1,60,0.21098598726114648,2
CAND_0003531,0.002122749763950226,0.0,3.0,3.0,36.0,70.6,2,120,0.045177745042954714,0
CAND_0004414,0.0021219473101358045,0.0,8.6,3.58,34.0,-1.0,3,30,0.12956089351285188,1
CAND_0001745,0.0021212032510806037,0.0,4.4,4.33,52.0,-1.0,3,90,-0.012454731727307322,0
CAND_0004147,0.002120910627554186,0.2,7.9,1.25,23.0,-1.0,3,90,0.0825391231786379,0
CAND_0001186,0.0021200874928284565,0.0,4.9,1.17,29.0,-1.0,2,90,-0.007478162650602416,0
CAND_0000564,0.002119801964282844,0.0,6.5,0.0,38.5,-1.0,3,150,0.008515841249939704,0
CAND_0002426,0.00211864406779661,0.2,3.3,3.25,39.0,-1.0,2,60,0.1364915254237288,1
CAND_0000353,0.0021181519241950018,0.0,3.7,2.67,22.0,49.1,3,60,0.13058119040809504,1
CAND_0002357,0.002115888511016152,0.4,6.9,2.58,41.0,-1.0,3,90,0.1324336587313392,1
CAND_0000326,0.002113669923380826,0.0,2.8,0.0,33.0,0.8,2,60,0.07318706839099734,0
CAND_0001546,0.002110965145775963,0.4,5.8,0.0,34.5,26.6,3,90,0.14893026806129522,1
CAND_0000191,0.0021102721285017486,0.2,5.0,2.17,14.75,-1.0,3,90,0.053315714698536715,0
CAND_0003084,0.002109460879040969,0.0,1.4,1.33,16.0,-1.0,3,120,-0.04270132154013967,0
CAND_0004835,0.0021091488708967466,0.0,3.5,0.0,20.5,-1.0,2,90,-0.021707873711168335,0
CAND_0000343,0.002105263157894737,0.0,6.4,6.33,25.33,46.3,3,90,0.05451052631578948,0
CAND_0001330,0.00210182293277259,0.2,9.4,3.75,27.75,-1.0,3,120,0.09713828158822438,1
CAND_0002049,0.002100950680182783,0.2,9.5,6.17,37.33,45.3,3,120,0.14441996428383844,1
CAND_0004171,0.0020990236957802843,0.2,6.8,4.08,40.5,-1.0,2,120,0.07107949761138596,0
CAND_0001068,0.0020984652813931587,0.2,2.1,0.0,25.0,61.7,3,90,0.08676777090925633,1
CAND_0001046,0.0020964360587002098,0.0,3.1,3.08,37.0,-1.0,2,90,-0.0259748427672956,0
CAND_0004793,0.0020962226318221003,0.4,4.2,0.0,50.0,16.6,1,90,0.1726206752682641,2
CAND_0004256,0.0020953237881880136,0.0,1.1,1.08,13.0,-1.0,3,60,0.05400179955194829,0
CAND_0001785,0.0020947586082891304,0.2,3.2,3.17,38.0,57.8,3,90,0.09378993077407172,1
CAND_0001090,0.00209457511465012,0.0,7.8,1.5,23.0,33.3,3,90,0.05528607740765251,0
CAND_0002862,0.0020936932979852647,0.4,5.4,4.17,32.0,-1.0,3,60,0.21696755925769057,2
CAND_0002377,0.002093609874453921,0.2,1.5,1.5,18.0,-1.0,3,60,0.11796580736353234,1
CAND_0001925,0.002091498419527795,0.2,6.3,1.67,24.67,29.5,1,90,0.1464214668100837,1
CAND_0003266,0.0020893894439802468,0.4,8.3,4.42,24.5,55.4,3,60,0.3022771783235852,3
CAND_0002489,0.002087760200135138,0.0,7.5,2.0,29.67,-1.0,3,60,0.1178429642028379,1
CAND_0000003,0.002085861471411775,0.0,1.1,1.08,13.0,-1.0,3,150,-0.04619690910035273,0
CAND_0004870,0.002084626032170302,0.2,4.5,0.0,27.0,-1.0,2,90,0.04777714667557634,0
CAND_0003739,0.002084459532510217,0.4,4.3,3.08,25.5,35.4,2,90,0.14217365018271452,1
CAND_0001040,0.002084319698773958,0.0,8.5,4.5,34.0,14.7,3,30,0.14347071367425313,1
CAND_0004732,0.002080936003342869,0.0,1.3,0.0,15.0,-1.0,3,120,-0.04430034392979976,0
CAND_0003394,0.0020805086022477326,0.0,9.4,8.08,37.33,-1.0,3,150,0.03669068064720238,0
CAND_0004544,0.0020793231226274586,0.2,3.8,3.75,45.0,42.7,3,90,0.08436578557517663,1
CAND_0002382,0.002078155885271852,0.0,8.9,7.25,26.25,-1.0,3,60,0.1316412735907089,1
CAND_0003025,0.002076551157312812,0.4,4.7,4.67,28.0,-1.0,3,120,0.10960757430356902,1
CAND_0003742,0.0020763033895728833,0.2,7.5,0.0,22.0,40.6,2,30,0.21920237118103056,2
CAND_0002469,0.0020675214928257005,0.4,6.8,0.0,20.0,46.6,3,90,0.1780179513493397,2
CAND_0000506,0.002065675472482009,0.2,7.9,4.17,31.33,-1.0,3,90,0.08137918492212218,0
CAND_0003325,0.0020636855385114568,0.0,9.7,5.92,38.33,-1.0,3,90,0.039337396308740585,0
CAND_0001205,0.002060535446208046,0.2,7.3,1.67,17.0,10.6,2,30,0.18687124437036895,2
CAND_0003835,0.002060210554627814,0.2,4.4,0.0,52.0,-1.0,3,60,0.1462644216471841,1
CAND_0004693,0.0020566117607724393,0.2,5.4,0.0,21.0,-1.0,3,90,0.0561888469762212,0
CAND_0004919,0.0020539481579690106,0.2,8.5,5.67,33.67,-1.0,3,30,0.18713291131734922,2
CAND_0003126,0.0020513637982609734,0.0,5.3,5.25,31.5,-1.0,3,150,-0.0049213602365195674,0
CAND_0002807,0.0020482218330169586,0.0,1.3,1.25,15.0,-1.0,3,90,-0.04498734150664388,0
CAND_0000654,0.0020460363409544264,0.2,4.4,0.0,52.0,-1.0,3,120,0.045966763160042945,0
CAND_0000507,0.0020460000082334,0.2,1.2,0.0,14.0,9.4,1,120,0.07436600017290138,0
CAND_0004488,0.002039543670444958,0.0,7.0,6.83,27.33,-1.0,2,60,0.11183041707934412,1
CAND_0002470,0.002039049614594904,0.2,4.9,0.0,29.0,-1.0,1,60,0.200820041906493,2
CAND_0003971,0.00203655270453885,0.0,1.4,1.33,16.0,-1.0,3,60,0.055767606795315845,0
CAND_0003157,0.0020325926980961874,0.2,3.7,1.33,21.5,11.9,2,90,0.051584446660019934,0
CAND_0004745,0.0020311051601606756,0.0,3.5,0.0,42.0,-1.0,3,60,0.07665320836337419,0
CAND_0002207,0.0020299226139294927,0.2,13.5,0.0,40.5,-1.0,3,90,0.10162837489251933,1
CAND_0003446,0.002029151039013824,0.0,2.4,0.0,28.0,-1.0,3,90,-0.034387828180709706,0
CAND_0003777,0.0020274149207456086,0.2,5.9,5.83,35.0,-1.0,3,90,0.060575713335657755,0
CAND_0003217,0.0020263487412694077,0.0,2.5,2.0,15.0,-1.0,2,120,-0.033446676433342454,0
CAND_0003076,0.0020248738603168984,0.2,3.6,0.0,21.0,-1.0,3,90,0.03752235106665486,0
CAND_0004612,0.0020244834932490407,0.0,3.6,3.58,21.5,-1.0,3,90,-0.02248584664177014,0
CAND_0000024,0.0020211931779476155,0.4,7.5,7.42,44.5,46.3,3,60,0.2837450567368999,3
CAND_0000305,0.002015714617246295,0.0,4.7,4.67,28.0,18.8,3,150,0.008130006962172184,0
CAND_0000994,0.0020144189350543356,0.0,11.9,8.0,47.0,37.1,3,120,0.07940279763614105,0
CAND_0002132,0.0020131534474988736,0.0,6.4,2.0,38.0,-1.0,3,60,0.10527622239747633,1
CAND_0003154,0.0020058652766719253,0.0,1.1,0.0,13.0,-1.0,3,150,-0.04787682918988957,0
CAND_0003247,0.0020056336019396706,0.0,4.0,2.83,23.5,-1.0,1,120,0.031118305640733063,0
CAND_0003722,0.002005005238039809,0.2,3.5,2.33,20.5,-1.0,3,60,0.136105109998836,1
CAND_0003857,0.002004957633770321,0.0,8.1,4.17,48.0,-1.0,3,60,0.12210411030917673,1
CAND_0002180,0.0020037739239823884,0.0,9.4,1.83,37.0,33.2,3,120,0.06927925240363017,0
CAND_0003498,0.002001969852689277,0.0,3.5,0.0,21.0,-1.0,3,90,-0.023958633093525195,0
CAND_0004607,0.0020014533179206245,0.0,3.7,1.67,22.0,-1.0,3,90,-0.021969480323666885,0
CAND_0003403,0.0019992140681795853,0.0,5.8,5.75,34.5,23.0,3,120,0.022983495431771292,0
CAND_0001609,0.0019940476190476192,0.0,6.9,0.0,27.33,-1.0,1,90,0.059874999999999984,0
CAND_0001475,0.0019880715705765406,0.2,5.8,5.75,23.0,59.4,3,60,0.21914950298210734,2
CAND_0000043,0.001987087434182107,0.2,8.3,6.25,24.75,-1.0,3,120,0.08372883611782425,1
CAND_0004156,0.0019819442261686483,0.0,8.3,4.58,32.67,52.6,3,150,0.07722082874954161,0
CAND_0001114,0.0019814740111893225,0.0,5.6,5.5,33.0,-1.0,1,60,0.14661095423497578,1
CAND_0002797,0.00198119285758115,0.0,4.9,0.0,29.0,-1.0,2,60,0.08960505000920414,1
CAND_0002558,0.0019802688696914446,0.0,4.8,4.75,28.5,3.5,2,60,0.09308564626352034,1
CAND_0001092,0.0019793623567208474,0.0,2.4,0.0,28.0,-1.0,3,90,-0.03543339050886221,0
CAND_0000197,0.001978846669278189,0.0,7.2,3.83,42.5,31.2,2,150,0.04475578005484199,0
CAND_0003831,0.0019782573323797736,0.2,5.7,2.33,22.33,-1.0,2,90,0.05754340397997523,0
CAND_0002552,0.0019772813241480496,0.2,2.6,2.58,31.0,-1.0,3,90,0.02652290780710903,0
CAND_0000970,0.001976284584980237,0.0,3.0,2.92,17.5,41.4,3,60,0.11290197628458498,1
CAND_0000162,0.0019746625486158774,0.2,13.8,8.25,41.0,-1.0,3,120,0.10046791352093343,1
CAND_0003891,0.0019744211643922347,0.0,7.5,5.75,22.0,52.9,3,150,0.06936284445223692,0
CAND_0002956,0.0019739812974854496,0.0,11.5,4.0,27.2,-1.0,3,150,0.040453607247194434,0
CAND_0003009,0.001973360623224967,0.4,8.5,3.58,33.67,49.5,3,60,0.2959405730877243,3
CAND_0003980,0.001971547376361381,0.2,1.9,0.0,22.0,-1.0,3,30,0.119402494903589,1
CAND_0002989,0.001969653834393024,0.4,6.1,1.67,36.0,-1.0,3,60,0.2213627305222535,2
CAND_0004863,0.001969444686766318,0.0,8.4,7.33,25.0,55.2,3,90,0.08055833842209267,0
CAND_0003064,0.0019690402476780187,0.2,9.8,3.17,29.25,-1.0,3,60,0.19834984520123838,2
CAND_0000200,0.001968503937007874,0.0,4.3,4.25,25.5,-1.0,3,90,-0.01666141732283466,0
CAND_0002072,0.0019667834690896917,0.4,3.1,3.08,37.0,-1.0,3,60,0.19130245285088351,2
CAND_0001682,0.0019662097496218086,0.2,4.4,4.33,26.0,-1.0,2,120,0.044290404742057976,0
CAND_0001821,0.0019611986981698296,0.0,2.1,0.0,12.5,-1.0,3,120,-0.03881482733843358,0
CAND_0003828,0.001959829717856981,0.2,5.4,0.0,32.0,46.2,3,60,0.2013564240749966,2
CAND_0001397,0.0019584758986125207,0.0,2.4,0.0,28.0,-1.0,3,90,-0.035872006129137074,0
CAND_0004135,0.0019569471624266144,0.2,6.1,6.0,36.0,32.0,2,60,0.1940958904109589,2
CAND_0002479,0.0019550416855784623,0.0,8.5,0.0,33.67,40.4,3,60,0.1664558753971477,2
CAND_0001514,0.001954243430445698,0.0,14.6,3.0,34.6,-1.0,2,150,0.04003911203935964,0
CAND_0001665,0.001951908393574238,0.0,5.0,3.08,29.5,-1.0,3,120,-0.010009923734941,0
CAND_0000489,0.0019499527856468367,0.0,3.9,2.83,23.0,-1.0,3,90,-0.02105099150141644,0
CAND_0003751,0.0019496162857119204,0.0,6.6,3.5,39.5,-1.0,3,150,0.005941941999950323,0
CAND_0004492,0.0019483856973777896,0.0,1.4,0.0,16.0,-1.0,3,60,0.053916099644933574,0
CAND_0003039,0.0019476668616364465,0.4,7.4,7.25,29.0,-1.0,2,60,0.23390100409436537,2
CAND_0004233,0.001945437760988599,0.0,9.0,7.17,35.67,46.4,3,30,0.17725419298076056,2
CAND_0002413,0.00194541854861733,0.6,8.6,2.5,34.0,17.2,3,90,0.22405378952096386,2
CAND_0003942,0.0019431509239869209,0.0,6.6,0.0,39.0,-1.0,3,90,0.005806169403725331,0
CAND_0003537,0.0019425385934819896,0.2,7.7,3.33,30.33,-1.0,3,90,0.07679331046312177,0
CAND_0001872,0.0019392046073376315,0.2,7.6,3.33,45.0,-1.0,3,30,0.17572329675409026,2
CAND_0000814,0.0019347815298719588,0.2,4.8,2.92,18.67,-1.0,3,90,0.047630412127311145,0
CAND_0000929,0.0019344560764679108,0.2,4.0,4.0,48.0,-1.0,3,30,0.13962357760582614,1
CAND_0004191,0.0019339701692642867,0.0,13.5,9.67,40.0,-1.0,3,30,0.13961337355455003,1
CAND_0004529,0.0019324803091968494,0.2,4.4,2.17,26.0,-1.0,2,30,0.14358208649313384,1
CAND_0001483,0.001931715499984868,0.2,7.8,0.0,30.67,23.1,2,90,0.10166602549968223,1
CAND_0000331,0.0019305019305019305,0.0,5.5,0.0,32.5,59.1,3,30,0.15464054054054055,1
CAND_0000075,0.00192976350059099,0.2,5.2,2.58,15.25,27.8,2,30,0.1803250335124108,2
CAND_0004338,0.0019288787520154475,0.2,13.4,5.75,32.0,-1.0,2,90,0.0995064537923244,1
CAND_0004275,0.0019286235852500914,0.4,6.5,2.67,38.5,62.9,3,150,0.18840109529025192,2
CAND_0002883,0.0019275194343290748,0.0,7.6,0.75,30.0,44.4,3,90,0.06087790812091057,0
CAND_0000275,0.0019262082599296212,0.0,7.8,0.0,31.0,-1.0,3,90,0.017450373458522045,0
CAND_0002327,0.0019249531358409597,0.0,6.5,3.58,38.5,-1.0,3,60,0.10442401585266015,1
CAND_0002230,0.0019241473558461349,0.0,1.4,1.33,16.0,-1.0,3,120,-0.04659290552723118,0
CAND_0003736,0.0019240974562034284,0.2,9.2,2.33,21.6,-1.0,3,60,0.191406046580272,2
CAND_0001526,0.0019235995149770515,0.2,7.6,1.5,30.0,-1.0,3,90,0.07539558981451808,0
CAND_0003373,0.0019227725905997784,0.2,8.0,6.83,23.75,54.5,3,90,0.1348782244025953,1
CAND_0000311,0.0019214890551983417,0.4,6.2,1.33,24.33,24.3,3,90,0.14665127015916515,1
CAND_0000551,0.0019201591093519026,0.0,2.7,0.67,16.0,-1.0,3,30,0.06632334129638995,0
CAND_0001813,0.0019200704472507068,0.2,3.4,0.0,40.0,-1.0,2,90,0.03332147939226485,0
CAND_0000870,0.0019177238565374118,0.2,7.4,3.67,29.33,-1.0,3,150,0.07327220098728565,0
CAND_0004131,0.0019157088122605363,0.0,6.8,6.67,26.67,56.0,2,120,0.06422988505747126,0
CAND_0002745,0.0019126439167257612,0.2,5.2,0.0,31.0,-1.0,3,90,0.051165522251240964,0
CAND_0003116,0.0019090119652583634,0.0,9.5,7.5,28.5,-1.0,3,150,0.03408925127042561,0
CAND_0000540,0.0019083969465648854,0.2,5.9,0.0,35.0,-1.0,3,150,0.058076335877862595,0
CAND_0002739,0.0019080131687776714,0.0,3.7,3.67,44.0,56.0,3,60,0.13306827654433112,1
CAND_0002360,0.0019037509192630243,0.0,8.9,1.67,20.8,36.8,1,150,0.1157787693045235,1
CAND_0001087,0.0019031808968750638,0.0,2.1,0.0,25.0,-1.0,3,150,-0.04003320116562367,0
CAND_0000056,0.0019027481705010015,0.2,1.3,0.0,15.0,-1.0,1,60,0.16195771158052102,1
CAND_0002412,0.0019010296026409912,0.2,5.9,0.0,35.0,-1.0,2,90,0.0579216216554608,0
CAND_0004992,0.0019007421430948706,0.2,8.5,4.83,33.67,8.9,3,90,0.09381558500499226,1
CAND_0004322,0.001900317593480345,0.2,8.3,1.5,24.75,49.6,2,90,0.13250666946308726,1
CAND_0001814,0.0018999763524595078,0.2,1.7,1.67,20.0,33.9,3,90,0.050799503401649654,0
CAND_0001578,0.0018994353030180218,0.2,3.9,0.0,23.0,35.2,3,150,0.07408814136337846,0
CAND_0003940,0.0018988995935435612,0.0,4.2,0.0,25.0,-1.0,1,120,0.030876891464414774,0
CAND_0004487,0.001893939393939394,0.0,3.9,1.0,23.0,-1.0,3,120,-0.022227272727272734,0
CAND_0003576,0.0018936741363211951,0.0,5.0,0.0,19.67,-1.0,3,90,-0.011232843137254908,0
CAND_0000300,0.0018931425139505644,0.4,8.5,4.0,33.67,-1.0,3,60,0.24375599279296184,2
CAND_0002733,0.0018929027549717207,0.2,1.4,1.33,16.0,-1.0,3,30,0.11275095785440613,1
CAND_0000553,0.0018914633559072335,0.2,9.3,0.0,27.5,-1.0,3,120,0.09172073047405191,1
CAND_0000136,0.0018906403034227078,0.4,6.5,3.5,39.0,-1.0,3,90,0.12370344637187686,1
CAND_0002065,0.0018872792121266769,0.2,9.1,9.0,36.0,38.0,1,150,0.1786328634546602,2
CAND_0003353,0.0018864266832710143,0.0,5.5,0.58,16.25,2.1,3,90,-0.003285039651308705,0
CAND_0002239,0.0018859149012782812,0.0,4.0,0.0,23.5,-1.0,3,90,-0.021395787073156092,0
CAND_0000068,0.0018852541810363487,0.2,1.5,0.0,18.0,20.2,3,30,0.13479033780176333,1
CAND_0003707,0.0018851816019779305,0.0,9.3,6.42,27.5,-1.0,3,120,0.03158881364153654,0
CAND_0001933,0.0018848270440251574,0.4,4.3,1.67,25.5,52.4,3,60,0.2549813679245283,3
CAND_0004771,0.0018847831091633913,0.0,12.3,8.08,36.5,-1.0,2,150,0.03858044529243121,0
CAND_0002186,0.0018834756403817176,0.2,3.8,0.0,45.0,-1.0,3,60,0.13655298844801605,1
CAND_0000805,0.0018832391713747645,0.4,5.0,0.0,29.5,-1.0,3,120,0.10854802259887006,1
CAND_0004168,0.0018809744064138146,0.0,6.1,3.75,36.0,7.4,2,60,0.10790046253469011,1
CAND_0001509,0.001879128110554152,0.2,4.1,1.33,24.0,-1.0,3,60,0.1394616903216372,1
CAND_0002330,0.0018789265625749345,0.0,8.9,0.0,35.33,-1.0,2,90,0.027457457814073633,0
CAND_0004918,0.001878084875236311,0.0,3.7,3.67,22.0,-1.0,3,150,-0.024560217620037475,0
CAND_0001521,0.0018777692639624752,0.2,14.4,14.25,34.2,-1.0,3,90,0.09843315454321197,1
CAND_0002648,0.0018766899264536763,0.0,14.8,14.67,35.2,-1.0,3,60,0.1384104884555272,1
CAND_0004043,0.001875196865383883,0.2,2.9,2.83,17.0,-1.0,3,90,0.027379134173061537,0
CAND_0002106,0.001871534706828597,0.0,9.9,4.33,39.0,-1.0,3,30,0.13730222884340054,1
CAND_0002171,0.0018713146879623074,0.0,8.5,6.5,25.0,-1.0,3,30,0.12329760844720845,1
CAND_0001263,0.0018703017196993101,0.2,5.0,1.08,29.5,-1.0,3,150,0.04827633611368551,0
CAND_0001778,0.0018693109324290766,0.0,5.5,0.0,33.0,-1.0,2,90,-0.006744470418989401,0
CAND_0003390,0.0018688216309623643,0.0,9.1,6.92,26.75,-1.0,3,90,0.02924525425020963,0
CAND_0004176,0.0018683325620124256,0.0,2.3,0.0,27.0,-1.0,3,150,-0.038765016197739074,0
CAND_0001620,0.0018665048179951744,0.2,7.5,3.08,22.25,-1.0,2,90,0.07319660117789864,0
CAND_0003010,0.0018658739820943309,0.2,9.0,0.0,21.0,-1.0,1,30,0.23818335362398096,2
CAND_0002992,0.0018658657660508894,0.0,9.9,8.58,29.25,-1.0,3,150,0.03718318108706867,0
CAND_0000834,0.001864376762063403,0.0,1.9,0.0,22.0,60.8,3,30,0.11895191200333147,1
CAND_0003077,0.0018635247583147422,0.4,10.9,6.5,32.25,-1.0,3,60,0.2581340199246096,3
CAND_0003063,0.001863358002935992,0.0,3.5,1.75,20.5,44.9,3,150,0.019030518061655816,0
CAND_0001881,0.001863151380598183,0.0,10.9,10.75,32.25,-1.0,3,60,0.13812617899256185,1
CAND_0002583,0.0018607442977190878,0.0,11.4,7.0,22.5,41.7,3,150,0.08077563025210086,0
CAND_0001387,0.0018596113773310967,0.0,3.3,3.25,39.0,26.6,3,120,-0.0013481610760469748,0
CAND_0004564,0.001859073783177984,0.0,3.4,0.0,40.0,-1.0,3,120,-0.02795945055326235,0
CAND_0000059,0.0018587719552349777,0.0,1.5,0.0,18.0,-1.0,3,90,-0.04696578894006548,0
CAND_0001547,0.0018587360594795538,0.2,5.7,0.0,34.0,19.3,2,90,0.07533345724907062,0
CAND_0003656,0.0018556715214901325,0.2,6.1,4.17,24.0,58.4,2,90,0.11836910195129277,1
CAND_0001800,0.0018542128322658327,0.4,1.1,1.08,13.0,-1.0,3,90,0.06893846947758248,0
CAND_0001295,0.0018508325773714269,0.4,7.6,3.58,30.0,-1.0,3,90,0.13386748412479996,1
CAND_0001998,0.0018473748003057931,0.0,13.7,10.42,40.75,-1.0,2,60,0.13779487080642167,1
CAND_0003787,0.0018462915509148386,0.2,6.7,1.67,26.33,-1.0,3,60,0.16477212256921162,2
CAND_0001674,0.0018458146310733128,0.2,4.6,0.0,27.0,-1.0,2,90,0.04376210725253957,0
CAND_0004637,0.0018427190885586873,0.2,1.2,1.17,14.0,26.8,3,120,0.03749710085973243,0
CAND_0002911,0.0018418258530439654,0.2,4.9,3.08,29.0,18.7,3,150,0.06637834291392328,0
CAND_0000372,0.0018403009380276781,0.2,1.4,1.33,16.0,53.9,3,150,0.06654631969858124,0
CAND_0002354,0.001838917639030342,0.0,8.7,8.5,34.0,8.9,3,90,0.03451727041963715,0
CAND_0002740,0.0018361702972697837,0.0,2.1,1.5,12.5,-1.0,1,90,0.008559576242665456,0
CAND_0002484,0.0018353432518899765,0.2,1.3,0.0,15.0,42.7,3,120,0.05424220828968951,0
CAND_0002652,0.001834862385321101,0.0,5.7,5.67,34.0,-1.0,3,60,0.09453211009174312,1
CAND_0001264,0.0018334152987414844,0.2,3.2,0.0,19.0,-1.0,2,60,0.12950172127357118,1
CAND_0000867,0.0018333333333333335,0.2,12.7,8.17,30.0,-1.0,3,90,0.0975,1
CAND_0000027,0.001832579185520362,0.2,3.9,0.0,23.0,38.6,1,90,0.12608416289592758,1
CAND_0001852,0.0018322281554442692,0.2,7.3,0.0,43.0,-1.0,3,90,0.07047679126432962,0
CAND_0000684,0.001829594017094017,0.0,5.1,0.83,30.0,-1.0,3,30,0.08842147435897435,1
CAND_0002358,0.0018283192625297888,0.0,2.9,2.83,17.0,-1.0,3,90,-0.03360529548687444,0
CAND_0001635,0.0018269514179898249,0.0,7.3,7.25,43.5,-1.0,2,150,0.010365979777786305,0
CAND_0002954,0.0018263684644429503,0.2,2.2,2.17,26.0,9.4,3,120,0.02975373775330195,0
CAND_0004696,0.0018259204930707038,0.0,3.8,3.67,22.0,21.7,3,90,-0.0019556696455152317,0
CAND_0004367,0.0018257043191138094,0.2,8.1,6.33,32.0,-1.0,2,150,0.07833979070139,0
CAND_0003899,0.001825651527828074,0.0,5.3,2.33,31.0,-1.0,3,30,0.09033868208438955,1
CAND_0000877,0.0018247440749371954,0.0,5.2,0.0,30.5,-1.0,3,120,-0.01068037442631889,0
CAND_0001571,0.0018215927292986977,0.2,5.8,4.17,34.5,15.0,3,90,0.07125344731527264,0
CAND_0004649,0.0018191992646489719,0.2,4.8,4.08,28.5,-1.0,3,90,0.045203184557628395,0
CAND_0003769,0.0018168984170132349,0.2,9.5,0.0,22.4,52.6,3,60,0.24575486675727795,2
CAND_0003649,0.0018158353815524095,0.2,7.1,0.0,28.0,-1.0,2,120,0.0681325430126006,0
CAND_0001750,0.0018131729342300527,0.0,3.8,0.0,45.0,-1.0,3,60,0.0750766316188311,0
CAND_0003513,0.0018109416667240234,0.0,3.8,0.0,45.0,34.4,3,90,0.010429775001204483,0
CAND_0000468,0.0018103109012199922,0.0,5.0,0.0,29.5,28.8,3,90,0.016816528925619842,0
CAND_0002821,0.0018098328889912703,0.0,3.1,3.08,37.0,34.4,3,90,0.003406490668816667,0
CAND_0000364,0.0018078693189680574,0.0,8.6,2.0,34.0,-1.0,3,60,0.1229652556983292,1
CAND_0004218,0.0018062033034788507,0.2,13.7,6.58,23.14,-1.0,3,60,0.19693026937305586,2
CAND_0002497,0.00180281414891538,0.4,3.5,3.42,20.5,-1.0,3,120,0.09185909712722296,1
CAND_0002814,0.0018019588708076625,0.0,11.3,10.08,33.5,-1.0,3,30,0.13684113628696093,1
CAND_0000604,0.0018011028291169055,0.0,5.4,0.0,32.0,62.4,3,90,0.05422315941145503,0
CAND_0000719,0.0018002343641383145,0.2,8.8,3.75,34.67,-1.0,2,90,0.08480492164690459,1
CAND_0003844,0.0017994507674968649,0.2,9.8,6.42,29.0,42.9,2,150,0.13868846611743416,1
CAND_0000173,0.0017977157733295094,0.2,7.9,0.0,31.0,-1.0,3,90,0.07575203123991966,0
CAND_0004011,0.001797167079142752,0.0,8.6,6.83,20.4,-1.0,2,30,0.12274050866199779,1
CAND_0004873,0.0017969613788413428,0.0,9.5,4.33,37.67,21.7,2,90,0.05443618895566818,0
CAND_0004325,0.001796124720480791,0.0,2.2,0.0,26.0,20.3,3,60,0.08001861913009661,0
CAND_0004107,0.0017915403772273595,0.2,6.7,3.58,26.33,30.2,3,90,0.09482234792177455,1
CAND_0004265,0.001790864247960195,0.2,10.4,4.17,31.0,-1.0,3,150,0.0966081492071641,1
CAND_0001291,0.0017905613729750289,0.0,5.9,0.0,35.0,54.2,3,30,0.1508017888324756,1
CAND_0002125,0.0017889087656529517,0.2,2.3,2.25,27.0,-1.0,2,60,0.11956708407871197,1
CAND_0004150,0.0017873545056939898,0.4,4.7,0.0,56.0,-1.0,1,90,0.15353444461957375,1
CAND_0000945,0.0017869547122136467,0.0,9.1,4.58,27.0,-1.0,2,150,0.027526048956486554,0
CAND_0001030,0.001786929884275017,0.0,2.2,2.17,26.0,46.2,3,30,0.10572552756977537,1
CAND_0000096,0.0017861134546188736,0.0,3.2,1.75,18.5,-1.0,2,90,-0.03149161745300366,0
CAND_0003836,0.0017844844069942506,0.0,6.2,1.33,36.5,-1.0,3,60,0.09847417254687926,1
CAND_0002599,0.001783472133247918,0.4,7.9,0.58,31.0,-1.0,2,60,0.2354529147982063,2
CAND_0004721,0.0017825311942959,0.0,6.9,4.08,41.0,29.5,2,150,0.03593315508021391,0
CAND_0004164,0.0017802824510192118,0.0,1.3,0.0,15.0,-1.0,3,90,-0.05061406852859657,0
CAND_0001011,0.001780272014330857,0.0,6.2,0.0,24.33,-1.0,3,90,-0.0016142876990520028,0
CAND_0004173,0.0017794314222535524,0.0,8.7,0.0,25.5,8.5,2,120,0.03286805986732458,0
CAND_0001477,0.0017787518179342664,0.2,3.5,2.08,20.5,-1.0,3,120,0.031353788176619574,0
CAND_0001846,0.0017773801747559947,0.0,8.4,0.0,33.0,50.2,2,90,0.07152498366987589,0
CAND_0000048,0.0017773191577756964,0.0,9.7,2.92,28.5,-1.0,2,120,0.0333237023132896,0
CAND_0001343,0.0017756887322104712,0.2,8.0,0.0,31.67,14.9,3,150,0.09218946337641987,1
CAND_0004031,0.0017742299291958474,0.0,6.6,5.58,25.67,-1.0,2,90,0.0022588285131127928,0
CAND_0004742,0.0017719776591404697,0.4,5.3,0.0,31.5,-1.0,1,150,0.15921153084194986,1
CAND_0002521,0.0017719229561078552,0.0,2.5,1.33,14.5,44.3,2,120,0.006510382078264959,0
CAND_0001697,0.001771560466360571,0.0,8.3,1.58,33.0,63.1,3,90,0.08330276979357201,1
CAND_0000866,0.0017700878596589942,0.2,5.6,0.75,22.0,-1.0,3,90,0.05217184505283887,0
CAND_0002722,0.001768664531913554,0.0,4.9,0.0,29.0,-1.0,2,90,-0.01485804482981537,0
CAND_0004328,0.0017676262217623823,0.0,3.4,3.33,20.0,23.9,3,90,-0.004979849342989978,0
CAND_0002237,0.001766861858474496,0.2,5.4,1.08,15.75,5.0,2,150,0.0561040990279644,0
CAND_0004981,0.0017649113830732453,0.0,9.4,3.0,37.33,-1.0,2,30,0.13006313904453815,1
CAND_0001803,0.0017639403489518334,0.4,3.5,2.0,21.0,-1.0,2,60,0.1910427473279885,2
CAND_0001556,0.0017639001943368965,0.0,3.7,0.0,22.0,-1.0,3,90,-0.026958095918925173,0
CAND_0002275,0.001761878929305744,0.2,9.4,4.25,37.0,-1.0,3,90,0.08999945751542063,1
CAND_0000761,0.0017616554421805127,0.2,4.4,3.0,26.0,-1.0,3,90,0.03999476428579077,0
CAND_0002055,0.0017616136134988337,0.0,9.6,7.5,28.5,29.5,3,90,0.062493885883475486,0
CAND_0002670,0.0017609086923414173,0.0,14.6,6.5,34.8,47.2,2,60,0.18417908253916976,2
CAND_0000002,0.0017606363146774927,0.2,12.5,8.08,37.25,-1.0,3,60,0.19597336260822734,2
CAND_0001640,0.001758631606795127,0.4,9.0,6.75,26.5,-1.0,3,30,0.24593126374269766,2
CAND_0003808,0.0017577698737119027,0.0,9.4,3.17,27.75,45.4,3,30,0.17631316734794994,2
CAND_0004694,0.0017576189237975724,0.2,9.6,3.0,22.6,44.9,3,90,0.137809997399749,1
CAND_0000733,0.0017562214038611761,0.2,9.1,2.17,27.0,-1.0,3,60,0.18688064948108468,2
CAND_0001407,0.0017528954271888322,0.2,5.0,4.92,29.5,-1.0,3,150,0.04581080397096546,0
CAND_0002982,0.001749990694288775,0.0,5.8,1.83,22.67,43.0,3,60,0.13774980458006428,1
CAND_0002440,0.0017479431563201197,0.4,8.1,6.5,24.25,57.1,3,60,0.2948068062827225,3
CAND_0002160,0.0017468754750026656,0.2,5.1,0.0,30.0,57.7,2,60,0.20538438497505598,2
CAND_0000401,0.0017417274967001487,0.0,7.7,5.25,30.33,-1.0,2,60,0.11257627743070311,1
CAND_0001781,0.001741068862742522,0.0,2.0,2.0,24.0,18.1,3,60,0.07466244611759297,0
CAND_0000614,0.0017408497606517409,0.2,7.9,1.08,31.0,64.9,3,90,0.14045784497368655,1
CAND_0003893,0.0017401421453322205,0.0,5.7,1.67,34.0,28.0,3,90,0.021542985051976632,0
CAND_0003140,0.0017376711750113284,0.0,5.5,0.0,21.67,-1.0,2,90,-0.009508905324762118,0
CAND_0004165,0.0017360195819996235,0.2,7.8,0.0,31.0,29.9,2,90,0.10435641122199207,1
CAND_0002076,0.001735818505187446,0.4,11.6,9.92,27.4,30.9,3,120,0.18735218860893635,2
CAND_0002211,0.0017351671435405134,0.4,7.5,2.0,17.6,40.1,2,150,0.1715385100143508,2
CAND_0004351,0.0017314837552982703,0.4,7.4,7.25,21.75,22.7,3,120,0.15306115886126367,1
CAND_0004790,0.0017314127598891571,0.2,4.4,2.25,17.33,33.7,3,120,0.0740596679576723,0
CAND_0000467,0.001731146452083845,0.2,2.2,0.0,26.0,-1.0,3,90,0.017354075493760737,0
CAND_0004432,0.0017302108868373928,0.0,5.3,0.0,31.5,-1.0,2,120,-0.01166557137641476,0
CAND_0003813,0.0017301038062283738,0.2,7.7,7.58,30.33,48.0,2,90,0.12133217993079584,1
CAND_0002425,0.0017298595927101698,0.0,7.1,5.67,28.0,-1.0,3,90,0.006327051446913562,0
CAND_0001850,0.0017298240129304345,0.2,5.7,5.67,34.0,42.8,3,120,0.09612630427153912,1
CAND_0001350,0.0017295552160502725,0.6,3.9,2.17,23.0,23.7,3,60,0.2790206595370557,3
CAND_0001655,0.001729116985612655,0.2,7.9,0.0,31.33,22.7,1,150,0.14801145669786572,1
CAND_0001065,0.0017257451850475106,0.0,6.8,0.0,26.67,-1.0,3,90,0.0032406488859977184,0
CAND_0002449,0.0017251025044778467,0.2,6.0,0.0,35.5,2.4,3,30,0.1586271525940348,1
CAND_0003190,0.001721777040925977,0.2,13.3,7.58,22.57,42.7,3,90,0.13885731785944552,1
CAND_0002091,0.0017206128982514234,0.0,3.0,0.0,36.0,-1.0,2,30,0.06513287086327989,0
CAND_0002273,0.0017198989725333322,0.0,6.4,1.5,25.33,-1.0,3,90,-0.0008821215768000379,0
CAND_0002772,0.0017195130664539279,0.2,8.6,4.5,51.5,-1.0,3,60,0.18110977439553247,2
CAND_0000838,0.00171654218987438,0.0,14.4,12.83,34.0,-1.0,3,60,0.135047385987362,1
CAND_0003914,0.0017163709006000742,0.6,2.6,2.58,31.0,48.0,3,90,0.1900437889126015,2
CAND_0002340,0.0017160234702036591,0.2,8.9,0.0,21.0,62.9,3,150,0.14793649287427688,1
CAND_0003617,0.0017152658662092624,0.2,6.3,0.0,37.5,17.7,3,60,0.1767205831903945,2
CAND_0002135,0.0017152168056186036,0.0,7.1,7.0,21.0,-1.0,3,60,0.10601955291799067,1
CAND_0004258,0.0017142318264532375,0.2,5.6,1.5,33.5,6.9,3,90,0.05889886835551797,0
CAND_0003602,0.0017133057995942034,0.2,4.6,2.5,18.0,4.1,3,90,0.04607942179147825,0
CAND_0002339,0.001713007423667322,0.2,13.4,7.33,31.8,23.7,2,90,0.11967315589701374,1
CAND_0001650,0.0017113161732688611,0.4,9.5,0.0,38.0,18.6,2,30,0.2695376396386461,3
CAND_0003445,0.0017111413441315208,0.0,4.7,0.0,18.33,-1.0,2,60,0.08193396822676194,0
CAND_0004387,0.0017102510727374743,0.2,4.2,0.0,25.0,-1.0,2,60,0.13691527252748695,1
CAND_0001984,0.0017096647347455164,0.0,14.6,10.75,34.6,-1.0,1,60,0.18490295942965584,2
CAND_0003283,0.0017091717609490722,0.2,1.8,1.75,21.0,-1.0,2,90,0.012892606979930513,0
CAND_0002777,0.0017088238413405451,0.2,4.4,1.25,26.0,18.2,2,150,0.05808530066815143,0
CAND_0004039,0.001708301869346114,0.2,6.8,5.33,26.67,-1.0,2,60,0.16287433925626837,1
CAND_0004507,0.00170618083531384,0.2,6.1,2.33,36.0,-1.0,3,150,0.05582979754159062,0
CAND_0002296,0.0017045630237376183,0.0,2.4,1.08,14.0,44.2,3,120,0.003995823498489981,0
CAND_0002732,0.0017027894249886809,0.4,3.5,2.0,21.0,-1.0,3,90,0.0897585779247623,1
CAND_0000195,0.0017017568332872973,0.0,5.9,2.25,17.25,-1.0,3,90,-0.006263106500966759,0
CAND_0003923,0.0017009469475814747,0.6,3.5,0.0,42.0,-1.0,2,120,0.14971988589921095,1
CAND_0004044,0.0017006802721088435,0.2,7.8,7.67,30.67,9.0,1,120,0.1327142857142857,1
CAND_0002454,0.0016969872233030129,0.2,1.3,0.0,15.0,-1.0,3,90,0.007636731689363255,0
CAND_0002084,0.0016942187209230196,0.4,9.3,6.17,36.67,36.6,3,120,0.18517859313938342,2
CAND_0004837,0.001694135955294617,0.2,3.2,0.0,38.0,2.5,2,90,0.030076855061186958,0
CAND_0003430,0.00169366106080207,0.0,13.7,0.92,11.0,-1.0,2,60,0.13456688227684346,1
CAND_0004632,0.001692047377326565,0.2,3.9,0.0,46.0,39.6,3,30,0.17413299492385786,2
CAND_0004731,0.001690726315538722,0.0,3.6,3.58,43.0,-1.0,3,90,-0.029494747373686847,0
CAND_0001132,0.0016839824916594207,0.2,5.1,0.0,30.0,18.2,1,30,0.21456363232484782,2
CAND_0004675,0.0016823631165461402,0.0,7.3,4.17,43.5,12.1,3,90,0.02042962544746893,0
CAND_0004054,0.0016820884245261824,0.2,2.6,0.0,31.0,-1.0,2,90,0.020323856915049815,0
CAND_0003176,0.0016820352414310944,0.0,2.6,1.75,15.0,-1.0,2,90,-0.03967725992994703,0
CAND_0000117,0.0016801016384824323,0.2,7.9,2.75,31.33,50.3,2,90,0.12458213440813107,1
CAND_0000786,0.0016759582237952514,0.2,4.9,0.0,29.0,-1.0,3,120,0.04319512269970027,0
CAND_0004639,0.0016736876001065485,0.4,11.4,5.67,26.8,-1.0,3,60,0.2541474396022375,3
CAND_0000560,0.0016724881752599274,0.2,6.5,2.67,38.5,-1.0,2,120,0.059122251680458454,0
CAND_0004181,0.0016709902385697766,0.0,6.6,1.58,26.0,45.5,2,120,0.046590795009965325,0
CAND_0002223,0.001669449081803005,0.0,5.1,2.33,30.0,7.3,2,150,-0.006641569282136911,0
CAND_0002592,0.0016687857596948508,0.4,1.6,1.58,9.5,7.2,2,60,0.17824450095359187,2
CAND_0001724,0.0016673692957212946,0.2,2.1,0.0,25.0,-1.0,3,150,0.015014755210147182,0
CAND_0001909,0.0016666876344559487,0.0,4.3,4.25,25.5,-1.0,2,150,-0.022999559676425085,0
CAND_0000993,0.0016658227337883014,0.0,6.1,3.33,36.0,50.9,2,90,0.046882277409554335,0
CAND_0003186,0.0016653456479660115,0.2,6.1,2.08,36.5,46.9,3,60,0.20287225860728622,2
CAND_0003990,0.0016638935108153079,0.0,6.8,6.67,26.67,38.0,2,60,0.14094176372712147,1
CAND_0001656,0.0016626323948018083,0.0,5.4,2.0,21.33,-1.0,3,60,0.08791528029083798,1
CAND_0002516,0.001662590159251589,0.0,4.9,0.0,19.33,13.4,3,90,-0.002685606655716627,0
CAND_0002448,0.0016616737679356274,0.2,6.1,4.25,36.0,38.5,1,150,0.14439514912664816,1
CAND_0000406,0.0016611295681063123,0.2,1.9,0.0,22.0,-1.0,3,150,0.012883720930232559,0
CAND_0004238,0.0016599347261275618,0.2,6.0,0.0,24.0,-1.0,3,90,0.05385862924867879,0
CAND_0000099,0.0016558173776651845,0.2,2.6,0.0,15.5,-1.0,3,90,0.019772164930968866,0
CAND_0003480,0.0016545580536712918,0.0,7.2,3.25,28.33,0.2,3,60,0.10694571912709713,1
CAND_0002593,0.0016532712404551543,0.0,9.8,5.33,29.0,-1.0,3,90,0.03171869604955824,0
CAND_0000813,0.001652892561983471,0.2,1.4,1.33,16.0,15.3,2,60,0.12401074380165289,1
CAND_0001142,0.0016520310493451668,0.2,3.9,3.83,46.0,-1.0,3,150,0.03269265203624849,0
CAND_0000635,0.0016517069398087106,0.2,5.6,1.42,21.67,-1.0,1,90,0.09968584573598291,1
CAND_0000202,0.001650614486184956,0.0,2.7,2.67,16.0,-1.0,3,120,-0.039337095790115933,0
CAND_0001031,0.0016492333293712112,0.4,1.9,0.0,22.0,13.4,2,30,0.18703389991679542,2
CAND_0003320,0.0016490456586826345,0.2,7.0,2.83,27.33,-1.0,3,90,0.06362995883233533,0
CAND_0004350,0.0016484861638913057,0.4,4.7,4.67,28.0,-1.0,3,120,0.10061820944171743,1
CAND_0002428,0.0016480828466283219,0.0,2.5,2.5,30.0,23.1,3,90,-0.017290260220805237,0
CAND_0002002,0.0016469765680552672,0.0,4.7,4.67,56.0,-1.0,3,120,-0.019413492070839394,0
CAND_0000309,0.0016469046718278536,0.0,9.4,9.33,22.4,-1.0,2,30,0.12758499810838492,1
CAND_0001480,0.0016460521715969435,0.0,5.6,2.75,22.0,3.1,3,150,-0.006332904396464195,0
CAND_0003235,0.0016455163150183745,0.2,11.8,9.5,23.33,-1.0,3,60,0.19355584261538586,2
CAND_0002068,0.0016451776477294034,0.0,6.8,0.0,26.67,-1.0,3,60,0.10154873060231748,1
CAND_0002620,0.001644736842105263,0.0,7.0,6.83,27.33,-1.0,3,90,0.003539473684210523,0
CAND_0004347,0.0016426811937992644,0.4,1.9,0.0,22.0,-1.0,2,120,0.07249630506978452,0
CAND_0000466,0.001641464423810666,0.2,8.8,6.33,26.0,36.3,3,120,0.11877075290002401,1
CAND_0003974,0.001639344262295082,0.2,4.3,0.0,25.5,-1.0,3,120,0.03642622950819671,0
CAND_0002658,0.0016386491206635092,0.2,11.9,8.0,20.14,-1.0,2,60,0.1934116315339337,2
CAND_0000134,0.0016381766381766381,0.0,8.6,0.0,51.0,-1.0,3,120,0.019401709401709377,0
CAND_0000418,0.0016346969054684187,0.2,9.0,1.5,26.75,42.3,2,60,0.2266286350148368,2
CAND_0003236,0.0016346665978184682,0.0,4.9,4.83,29.0,10.3,3,60,0.09362799855418784,1
CAND_0003788,0.0016340073447977002,0.0,1.3,0.0,15.0,60.2,3,60,0.10751415424075171,1
CAND_0001588,0.001631957045680839,0.2,5.9,0.0,23.33,61.5,2,90,0.1147710979592976,1
CAND_0000069,0.0016302736533308367,0.4,13.0,10.75,30.8,-1.0,3,90,0.15323574671994752,1
CAND_0001086,0.0016282116279599354,0.0,8.0,7.83,31.33,47.3,3,30,0.16149244418715866,1
CAND_0001574,0.0016266895278448552,0.0,2.1,0.0,25.0,-1.0,3,90,-0.045839519915258045,0
CAND_0002550,0.0016262088697526758,0.0,1.6,1.58,19.0,35.2,3,90,-0.014649613735193814,0
CAND_0003254,0.0016260162601626016,0.2,1.1,0.0,13.0,37.7,3,30,0.14284634146341463,1
CAND_0000982,0.0016256908813836546,0.0,7.1,7.0,42.0,46.5,3,30,0.15163950850905675,1
CAND_0000458,0.001624980988117491,0.0,8.0,2.17,31.67,-1.0,2,90,0.013124600750467313,0
CAND_0001860,0.0016249600618582199,0.0,7.0,6.08,27.67,-1.0,3,60,0.10312416129902262,1
CAND_0001891,0.001621859248225558,0.0,1.1,1.08,13.0,-1.0,3,60,0.044059044212736716,0
CAND_0001715,0.0016199204712186617,0.0,5.7,0.0,22.33,-1.0,2,120,-0.009981670104408119,0
CAND_0001963,0.001619385342789598,0.2,2.1,0.0,25.0,-1.0,2,90,0.014007092198581553,0
CAND_0002047,0.0016192648877684473,0.8,3.5,0.0,42.0,33.0,3,90,0.24200456264313738,2
CAND_0002474,0.0016189391048926196,0.2,9.6,5.67,37.67,-1.0,3,90,0.08899772120274499,1
CAND_0001310,0.0016169531926009371,0.2,9.4,3.33,27.75,-1.0,3,90,0.08695601704461967,1
CAND_0000801,0.0016167907921462426,0.0,3.4,0.0,20.0,-1.0,3,120,-0.033047393364928915,0
CAND_0004951,0.0016163204317621738,0.0,3.8,2.33,14.67,-1.0,3,30,0.07094272906700565,0
CAND_0000580,0.0016159811691807149,0.0,7.9,7.83,47.0,45.6,3,60,0.15853560455279503,1
CAND_0003698,0.0016158005905829538,0.2,4.8,3.67,28.5,19.2,3,90,0.061131812402242,0
CAND_0000769,0.0016141904491493559,0.0,1.5,0.0,18.0,63.4,3,150,0.01229799943213647,0
CAND_0002865,0.001613185201360983,0.4,6.6,0.0,39.5,-1.0,3,150,0.11887688922858064,1
CAND_0000442,0.001610943075798204,0.0,3.1,3.08,37.0,52.1,2,120,0.016929804591762285,0
CAND_0003468,0.0016105790055295313,0.4,4.9,4.83,29.0,-1.0,3,30,0.20182215911612017,2
CAND_0004764,0.0016101198066928782,0.2,9.7,6.75,28.75,-1.0,2,150,0.08981251594055042,1
CAND_0000221,0.0016055290102777772,0.2,2.7,1.25,15.5,47.5,3,60,0.1682161092158333,2
CAND_0000771,0.0016048929476491314,0.0,5.1,0.0,30.5,-1.0,3,90,-0.01629724809936825,0
CAND_0001895,0.0016038656962253045,0.2,5.2,3.0,31.0,-1.0,3,90,0.0446811796207314,0
CAND_0004372,0.0016038594509706532,0.0,8.4,8.25,24.75,31.3,3,90,0.0489810484703837,0
CAND_0002719,0.001601086154699759,0.0,3.3,0.0,39.0,21.5,2,120,-0.01187719075130507,0
CAND_0002010,0.0016008196590247977,0.0,1.9,0.0,22.0,20.7,3,120,-0.026682787160479254,0
CAND_0003196,0.0015991629164583219,0.4,3.9,3.83,23.0,-1.0,3,120,0.09158242124562477,1
CAND_0001624,0.0015988725923709384,0.0,14.5,1.58,24.43,-1.0,3,150,0.032576324439789694,0
CAND_0000426,0.0015960417670999633,0.2,5.9,4.58,23.0,-1.0,1,30,0.2015168771090992,2
CAND_0004160,0.0015949282615949282,0.0,4.8,2.0,19.0,31.6,2,120,0.013093493493493494,0
CAND_0004425,0.0015944527351594241,0.2,2.4,0.0,28.0,-1.0,3,60,0.1164835074383479,1
CAND_0004300,0.001592445960459718,0.2,7.4,3.25,44.0,-1.0,1,60,0.21644136516965407,2
CAND_0001506,0.0015902677713736792,0.2,9.8,7.58,29.0,11.4,1,30,0.25279562319884724,3
CAND_0000054,0.0015876625640932342,0.0,4.9,3.75,29.0,-1.0,3,90,-0.01865908615404209,0
CAND_0001348,0.0015867901214167552,0.2,8.8,4.92,34.67,29.7,2,60,0.21102259254975186,2
CAND_0002805,0.0015865720564927665,0.2,6.5,3.67,25.67,-1.0,1,120,0.10731801318634807,1
CAND_0003786,0.001586463077100427,0.2,8.2,5.33,32.33,18.3,3,90,0.09361572461910894,1
CAND_0001273,0.0015854807652914908,0.0,5.8,1.75,22.67,-1.0,3,120,-0.009704903928878711,0
CAND_0000742,0.0015840376333886165,0.0,7.7,0.0,30.33,-1.0,3,30,0.10926479030116094,1
CAND_0001352,0.0015802587328472887,0.0,6.8,5.42,26.67,-1.0,1,120,0.05018543338979306,0
CAND_0001918,0.0015794971667340981,0.0,2.4,0.0,28.0,63.9,2,120,0.021069440501416042,0
CAND_0004990,0.0015793818247182853,0.0,3.9,0.0,46.0,-1.0,3,30,0.07116701831908398,0
CAND_0003187,0.001578769340208505,0.2,10.7,5.42,31.75,-1.0,2,120,0.09215415614437861,1
CAND_0000483,0.0015785557366593437,0.2,4.1,2.08,24.0,-1.0,3,60,0.13314967046984622,1
CAND_0003257,0.001578148387640004,0.2,3.2,0.0,38.0,0.2,3,90,0.025341116140440073,0
CAND_0002456,0.0015772870662460567,0.2,1.1,0.0,13.0,-1.0,3,90,0.003123028391167168,0
CAND_0000721,0.0015762524881885987,0.2,12.2,9.08,36.25,5.7,3,30,0.19880130225196058,2
CAND_0003897,0.0015748031496062992,0.2,7.5,7.42,29.67,13.5,3,90,0.08157086614173228,0
CAND_0000706,0.0015746368694566355,0.4,3.6,3.58,43.0,46.8,3,30,0.23586737425858936,2
CAND_0004734,0.0015735726025920835,0.0,7.4,3.25,44.0,-1.0,3,90,0.006045024654433753,0
CAND_0002867,0.00157139417702798,0.0,9.9,9.75,29.25,-1.0,3,60,0.13099927771758757,1
CAND_0003314,0.0015705088403071064,0.2,5.8,5.75,34.5,-1.0,3,90,0.049980685646449224,0
CAND_0001265,0.0015694307968178362,0.0,4.9,2.0,29.0,-1.0,3,90,-0.01904195326682545,0
CAND_0001004,0.001569207897429297,0.2,1.9,1.83,22.0,-1.0,3,60,0.11095336584601524,1
CAND_0003884,0.0015667668263552267,0.2,8.8,4.92,34.67,-1.0,3,150,0.07990210335345974,0
CAND_0003567,0.001566713287368601,0.0,2.0,0.0,24.0,-1.0,3,150,-0.04809902096525939,0
CAND_0001873,0.0015642163494967326,0.0,3.1,3.0,18.0,-1.0,2,60,0.06284854333943138,0
CAND_0000610,0.0015628009009235303,0.0,4.0,2.17,15.67,-1.0,2,90,-0.02818118108060587,0
CAND_0003793,0.0015621621893398897,0.2,4.4,1.75,26.0,52.4,3,150,0.08920540597613769,1
CAND_0004413,0.001559846082955162,0.0,4.6,1.5,27.5,27.7,2,120,0.006456767742058389,0
CAND_0000565,0.0015597910194203,0.2,1.8,1.75,21.0,28.3,3,30,0.1390556114078263,1
CAND_0001178,0.0015597309704280986,0.2,8.5,6.83,33.67,-1.0,3,90,0.07675435037899006,0
CAND_0000142,0.0015593709458781814,0.0,5.1,3.17,30.0,-1.0,3,60,0.0827467898634418,0
CAND_0001790,0.0015566424299489111,0.0,5.4,5.33,32.0,-1.0,3,30,0.08568949102892714,1
CAND_0001856,0.0015547676590621376,0.2,3.9,2.17,23.0,3.9,2,30,0.13555012084030488,1
CAND_0004091,0.001552999598575952,0.0,4.3,0.0,51.0,-1.0,3,90,-0.025387008429905017,0
CAND_0001757,0.0015522899111199814,0.2,10.9,9.25,32.25,21.0,3,90,0.1135980881335196,1
CAND_0001957,0.0015503875968992248,0.0,2.2,2.17,26.0,32.0,3,90,-0.013441860465116279,0
CAND_0004240,0.0015503511227694588,0.0,9.6,9.42,28.25,38.4,2,30,0.16695737357815865,2
CAND_0001870,0.0015481262374578099,0.2,9.1,4.75,35.67,-1.0,3,60,0.182510650986614,2
CAND_0000611,0.001546238159851941,0.2,7.1,0.67,21.0,50.9,2,120,0.11437100135689074,1
CAND_0003637,0.0015462262804965044,0.2,2.5,0.0,14.5,-1.0,3,90,0.01647075189042657,0
CAND_0002307,0.0015461755147047499,0.2,4.4,1.67,26.0,-1.0,3,60,0.13546968580879976,1
CAND_0003378,0.0015461531597849606,0.2,8.8,8.67,34.67,49.8,1,60,0.2802692163554842,3
CAND_0003598,0.0015450726666988556,0.2,4.4,1.83,26.0,-1.0,2,90,0.035446526000675965,0
CAND_0003608,0.001545037023598665,0.0,7.4,0.0,29.0,-1.0,2,90,0.005445777495571971,0
CAND_0000445,0.0015442979997950979,0.2,9.5,3.83,28.0,16.6,3,60,0.20403025799569707,2
CAND_0002388,0.0015416898171873063,0.4,11.0,10.83,32.5,-1.0,3,120,0.1513754861609334,1
CAND_0004594,0.0015410746279247156,0.2,1.1,0.0,13.0,-1.0,3,120,0.002362567186419015,0
CAND_0002378,0.0015409392301670394,0.4,7.1,2.25,28.0,-1.0,3,60,0.22235972383350783,2
CAND_0001327,0.0015408320493066256,0.0,2.4,2.33,28.0,22.8,2,90,-0.020842526964560876,0
CAND_0003729,0.0015407478667148768,0.2,6.7,6.67,40.0,-1.0,3,60,0.15835570520101241,1
CAND_0003219,0.0015395145579950508,0.2,9.5,5.08,37.33,-1.0,3,60,0.18632980571789606,2
CAND_0003012,0.0015392020694165803,0.0,8.5,7.0,33.33,-1.0,2,120,0.016323243457748188,0
CAND_0004770,0.0015366284844674084,0.2,9.3,0.0,27.75,4.6,2,150,0.08986919817381558,1
CAND_0003138,0.001536047274145341,0.0,1.2,1.17,14.0,36.7,3,90,-0.01904300724294783,0
CAND_0003668,0.0015357563845186796,0.2,7.3,5.5,28.67,-1.0,3,120,0.06425088407489224,0
CAND_0002914,0.001535739375489539,0.0,6.4,4.92,25.0,-1.0,2,30,0.09525052688528032,1
CAND_0004010,0.0015352543978498178,0.0,4.9,1.67,29.0,-1.0,3,90,-0.019759657645153833,0
CAND_0001193,0.0015352217178770948,0.2,5.0,3.08,29.5,63.2,3,90,0.105439656075419,1
CAND_0003240,0.0015349459621905443,0.0,2.8,2.25,16.5,-1.0,1,120,0.009233865206001418,0
CAND_0002817,0.0015328845370914878,0.2,5.3,3.67,31.5,-1.0,3,60,0.14419057527892123,1
CAND_0001194,0.0015321648439487702,0.0,9.8,1.25,29.0,31.3,1,90,0.11147546172292414,1
CAND_0004677,0.0015313935681470138,0.2,5.6,5.5,22.0,25.4,3,30,0.17355926493108728,2
CAND_0004270,0.0015305580185224817,0.2,14.7,7.33,34.8,-1.0,3,150,0.09114171838897211,1
CAND_0000536,0.001529647481384375,0.0,1.7,0.0,10.0,-1.0,2,120,-0.05187740289092813,0
CAND_0004133,0.001529421001519146,0.2,14.7,11.0,24.86,-1.0,3,30,0.19111784103190207,2
CAND_0002086,0.001527270619602388,0.0,7.1,3.92,42.0,-1.0,3,90,0.002072683011650131,0
CAND_0004983,0.001527076915820775,0.4,6.5,4.25,38.5,26.4,3,90,0.14346861523223628,1
CAND_0000896,0.0015264601471498022,0.0,13.6,7.83,26.83,-1.0,3,90,0.031055663090145846,0
CAND_0001145,0.0015261822280065414,0.2,2.3,0.0,27.0,10.9,2,150,0.025949826788137342,0
CAND_0003631,0.0015260661951723797,0.2,5.0,0.0,29.5,-1.0,3,120,0.04104739009861996,0
CAND_0004610,0.0015259452336700815,0.2,9.4,4.17,22.0,-1.0,3,90,0.0850448499070717,1
CAND_0003580,0.0015221302138892405,0.2,9.3,3.5,37.0,-1.0,3,90,0.08396473449167405,1
CAND_0000696,0.0015219856058365376,0.0,1.5,1.5,18.0,-1.0,2,120,-0.05403830227743272,0
CAND_0003601,0.0015217613862274048,0.0,9.2,9.08,54.5,-1.0,3,30,0.12295698911077549,1
CAND_0002555,0.0015209130829858762,0.4,3.1,3.08,37.0,47.0,2,150,0.12993917474270342,1
CAND_0002181,0.0015208597651722791,0.2,4.2,0.0,25.0,-1.0,2,90,0.032938055068617855,0
CAND_0003453,0.001520803251510776,0.0,6.2,6.08,18.25,63.6,3,60,0.1575368682817263,1
CAND_0000517,0.0015206796212714972,0.2,8.6,1.17,25.25,-1.0,3,60,0.17693427204670142,2
CAND_0000116,0.0015205419367415565,0.0,7.3,0.0,21.75,7.5,3,150,0.012431380671572678,0
CAND_0001168,0.0015200909845557514,0.4,5.8,0.0,23.0,35.7,3,90,0.14562191067567076,1
CAND_0002882,0.0015198506671908183,0.0,2.2,2.17,26.0,-1.0,3,90,-0.047083135988992816,0
CAND_0002328,0.0015189720163631749,0.4,5.9,5.83,35.0,-1.0,1,150,0.15989841234362664,1
CAND_0001223,0.0015186816045185143,0.2,11.9,7.33,28.0,-1.0,2,90,0.09089231369488879,1
CAND_0003866,0.001518636694674753,0.0,8.9,6.0,35.33,-1.0,3,60,0.11989137058816982,1
CAND_0002713,0.0015168931734551817,0.2,6.3,0.0,24.67,-1.0,2,60,0.15385475664255882,1
CAND_0000677,0.001516248825061251,0.4,12.4,2.58,37.0,-1.0,3,60,0.2508412253262863,2
CAND_0003801,0.0015150040025096816,0.2,7.6,0.0,45.5,9.0,3,90,0.07681508405270329,0
CAND_0003329,0.0015135796419193787,0.0,4.8,0.0,28.5,-1.0,3,120,-0.021214827519693058,0
CAND_0001374,0.0015125216960079346,0.2,2.7,0.0,32.0,-1.0,3,90,0.017762955616166615,0
CAND_0002101,0.001511976604840945,0.0,13.8,11.08,27.33,48.8,3,30,0.18055150870165987,2
CAND_0004229,0.0015105762201410647,0.0,7.1,3.25,28.0,30.7,3,150,0.03342210062296236,0
CAND_0001316,0.001509204696976214,0.2,6.2,0.0,37.0,59.2,2,60,0.2128932986365005,2
CAND_0002790,0.0015078197405491338,0.4,5.7,2.5,34.0,-1.0,3,120,0.1076642145515318,1
CAND_0001312,0.0015053248383761716,0.0,2.9,2.83,34.0,16.7,3,30,0.0773118216058996,0
CAND_0004650,0.0015041367991833559,0.0,8.0,6.75,23.5,-1.0,1,90,0.06058687278285049,0
CAND_0004896,0.0015018968547787707,0.2,3.2,1.83,18.5,45.8,3,90,0.06933983395035417,0
CAND_0004670,0.0015010020040080161,0.0,4.9,4.83,19.33,26.0,2,90,0.006521042084168344,0
CAND_0002368,0.0015004494789516531,0.0,3.0,0.0,18.0,-1.0,2,90,-0.03949056094201529,0
CAND_0002078,0.001499795965140784,0.2,8.9,4.92,26.25,-1.0,2,120,0.07949571526795648,0
CAND_0000925,0.001499471830653223,0.0,12.2,4.92,36.0,-1.0,3,90,0.030488908443717683,0
CAND_0003142,0.0014992963529616213,0.0,10.0,2.58,29.5,-1.0,3,150,0.030485223412194035,0
CAND_0003113,0.0014980288086392714,0.2,1.9,0.0,22.0,-1.0,3,90,0.009458604981424687,0
CAND_0004428,0.0014969089276394062,0.0,11.3,11.17,33.5,13.5,3,90,0.044935087480427544,0
CAND_0002335,0.0014956599923920187,0.0,4.8,4.75,57.0,-1.0,3,90,-0.021591140159767624,0
CAND_0001429,0.0014947683109118087,0.2,4.3,4.25,17.0,-1.0,2,90,0.03339013452914799,0
CAND_0000124,0.0014939349928789515,0.2,7.6,3.33,22.25,-1.0,2,90,0.06637263485045797,0
CAND_0004747,0.0014938495664448478,0.2,1.3,1.25,15.0,14.3,1,60,0.16867084089534182,2
CAND_0002503,0.0014937337388691413,0.2,7.9,0.0,47.0,64.3,3,120,0.13466840851625198,1
CAND_0000675,0.0014895957098359075,0.0,5.8,3.67,34.5,22.9,3,60,0.11218150990655405,1
CAND_0002050,0.0014887593222590533,0.0,3.6,3.58,43.0,-1.0,1,90,0.016263945767440127,0
CAND_0001761,0.001488737805898993,0.2,6.5,2.0,25.67,-1.0,2,90,0.05526349392387883,0
CAND_0004144,0.0014883403049965416,0.0,13.2,13.0,26.0,-1.0,2,120,0.030255146404927352,0
CAND_0001519,0.0014861552072184077,0.2,1.7,1.67,20.0,24.4,2,90,0.03260925935158654,0
CAND_0003164,0.0014859550656943208,0.0,8.7,1.33,34.0,-1.0,3,90,0.017205056379580724,0
CAND_0000869,0.0014858841010401188,0.0,4.2,4.17,25.0,-1.0,3,90,-0.027796433878157514,0
CAND_0004964,0.0014856812557769094,0.0,9.4,2.42,22.2,6.0,3,90,0.0311993063713151,0
CAND_0003538,0.0014855374491911152,0.0,7.7,4.5,22.5,-1.0,3,120,0.007196286433013399,0
CAND_0002974,0.0014854165494740394,0.0,4.8,0.67,28.5,34.3,3,60,0.11349374753895483,1
CAND_0000718,0.0014848668972041888,0.0,5.0,0.0,29.5,16.8,3,90,-0.0020177951587120324,0
CAND_0000257,0.0014847371643488148,0.2,1.1,0.0,13.0,-1.0,3,90,0.001179480451325099,0
CAND_0000965,0.001482314673314494,0.0,6.2,1.17,18.25,-1.0,3,120,-0.007871391860395621,0
CAND_0002909,0.0014821125314398104,0.4,7.9,2.0,23.5,-1.0,3,90,0.12912436316023598,1
CAND_0002788,0.0014815612450435156,0.0,12.9,10.5,25.33,24.1,3,90,0.05521278614591382,0
CAND_0002831,0.0014808081151343176,0.0,3.9,3.83,46.0,-1.0,3,90,-0.030903029582179345,0
CAND_0004828,0.0014803509860915735,0.0,5.5,0.0,16.0,55.6,2,30,0.14168737070792303,1
CAND_0002482,0.0014786596703702116,0.0,5.1,5.08,30.5,-1.0,2,90,-0.018948146922225573,0
CAND_0001568,0.0014779689250861879,0.2,8.6,0.0,34.0,42.6,3,90,0.11963734742680993,1
CAND_0004503,0.001474520169110944,0.4,2.4,0.0,14.0,28.5,3,60,0.2034649235513298,2
CAND_0000391,0.0014736542938283336,0.4,3.6,3.58,43.0,-1.0,2,90,0.085946740170395,1
CAND_0000615,0.0014733334885742673,0.0,3.1,0.0,18.5,-1.0,3,120,-0.03905999673994039,0
CAND_0000952,0.0014727921419555841,0.4,8.3,1.25,32.67,-1.0,2,90,0.13292863498106725,1
CAND_0000909,0.0014724647576985846,0.4,8.0,0.0,31.67,-1.0,3,120,0.1299217599116703,1
CAND_0002549,0.0014705882352941176,0.2,3.7,3.67,44.0,-1.0,3,150,0.02688235294117647,0
CAND_0000724,0.0014700695092851955,0.2,6.0,4.75,23.67,22.1,3,120,0.07297145969498911,0
CAND_0002195,0.001468217809212038,0.2,11.8,4.58,35.25,41.2,3,60,0.2320325739934528,2
CAND_0001953,0.0014675697865353036,0.0,3.4,3.33,40.0,37.6,3,150,0.0024189655172413838,0
CAND_0001240,0.0014661565997060825,0.0,7.0,6.83,27.33,-1.0,3,60,0.09978928859382774,1
CAND_0004660,0.00146590965175036,0.0,4.1,2.58,24.0,48.8,2,90,0.02058410268675756,0
CAND_0001325,0.0014651911770213084,0.0,4.6,4.5,27.0,-1.0,3,90,-0.024230985282552533,0
CAND_0001516,0.00146478849627621,0.0,8.0,1.0,31.67,-1.0,3,90,0.009760558421800403,0
CAND_0000242,0.0014645295497980578,0.2,9.1,3.42,26.75,-1.0,3,30,0.1807551205457592,2
CAND_0003295,0.0014630316623770953,0.2,8.1,7.92,23.75,35.6,3,150,0.10732366490991899,1
CAND_0000236,0.0014625620608878192,0.0,10.3,7.08,30.5,-1.0,2,60,0.1297138032786442,1
CAND_0002337,0.0014624374901459811,0.0,9.9,0.0,39.0,-1.0,3,60,0.1287111872930656,1
CAND_0002214,0.0014621707981926908,0.0,5.0,2.33,14.5,12.2,2,90,-0.007094413237953498,0
CAND_0001774,0.0014615014615014614,0.2,10.1,8.0,30.0,-1.0,3,150,0.08969153069153069,1
CAND_0001625,0.0014594854146325088,0.4,4.2,3.08,25.0,20.1,3,90,0.1127491937072827,1
CAND_0002789,0.0014577818454820962,0.0,6.5,2.58,25.67,20.5,3,30,0.11611341875512403,1
CAND_0004817,0.001455604075691412,0.0,8.5,4.17,50.5,-1.0,3,60,0.11456768558951966,1
CAND_0004000,0.001453707168324667,0.0,7.7,3.08,30.33,29.5,3,120,0.037027850534817996,0
CAND_0001321,0.0014526022498076645,0.4,5.3,3.58,31.5,-1.0,3,60,0.20250464724596093,2
CAND_0000295,0.0014524973301569047,0.0,7.8,2.08,30.67,-1.0,3,120,0.007502443933294994,0
CAND_0003837,0.0014523463229516693,0.0,1.9,0.0,22.0,-1.0,3,90,-0.05150072721801495,0
CAND_0001927,0.001450990291670611,0.2,9.8,0.0,39.0,17.7,3,30,0.20617079612508282,2
CAND_0001931,0.0014508059815920922,0.0,8.3,0.0,24.5,-1.0,2,30,0.11246692561343394,1
CAND_0004735,0.0014507595152756442,0.0,10.7,9.0,31.75,-1.0,1,90,0.0794659498207885,0
CAND_0000693,0.0014485426728480715,0.0,6.2,1.58,18.25,30.0,3,150,0.022419396129809505,0
CAND_0001849,0.0014472455648926238,0.2,5.8,5.75,34.5,-1.0,1,120,0.09739215686274508,1
CAND_0004386,0.0014472303520766754,0.0,2.7,2.67,32.0,41.2,3,60,0.09859183739361019,1
CAND_0001533,0.0014420859481228425,0.2,8.1,4.33,31.67,26.1,3,30,0.19738380491057972,2
CAND_0004577,0.0014414983164983165,0.2,1.6,0.0,19.0,55.7,3,120,0.061971464646464636,0
CAND_0000260,0.0014403073469406438,0.0,3.8,0.0,22.5,-1.0,1,90,0.017246454285753512,0
CAND_0003587,0.0014370317639339763,0.4,4.6,0.0,27.0,8.3,3,90,0.10447766704261346,1
CAND_0001540,0.0014368859569488996,0.4,6.4,2.0,38.0,-1.0,3,150,0.11317460509592689,1
CAND_0004984,0.0014349744698458225,0.4,3.7,3.67,44.0,-1.0,1,90,0.13613446386676228,1
CAND_0002390,0.0014340627627303132,0.2,2.7,0.0,32.0,57.0,3,120,0.07411531801733656,0
CAND_0002476,0.0014336687285321492,0.2,10.7,10.5,31.5,-1.0,3,90,0.08910704329917513,1
CAND_0002924,0.0014335731203201083,0.0,3.0,2.92,17.5,-1.0,3,60,0.05910503552672227,0
CAND_0004215,0.001432529846857361,0.2,7.5,2.75,29.33,-1.0,3,60,0.16408312678400458,2
CAND_0000254,0.0014323668622532575,0.0,5.7,2.83,33.5,-1.0,3,60,0.08607970410731841,1
CAND_0001276,0.0014310714663833884,0.0,4.2,4.17,25.0,-1.0,3,90,-0.028947499205948857,0
CAND_0000600,0.0014296283579405176,0.6,3.6,0.0,43.0,12.2,2,90,0.15822219551675085,1
CAND_0000570,0.0014285714285714286,0.0,3.5,0.0,42.0,-1.0,3,120,-0.036000000000000004,0
CAND_0001801,0.0014284965401551687,0.2,10.2,1.67,30.25,-1.0,3,30,0.18899842734325856,2
CAND_0001232,0.0014283991165022897,0.0,4.1,1.08,24.0,-1.0,3,90,-0.030003618553451933,0
CAND_0002897,0.0014281365158558142,0.0,5.2,1.33,30.5,35.1,3,120,0.017090866832972104,0
CAND_0003709,0.0014274275086049483,0.0,6.2,6.0,24.0,39.1,3,90,0.031075977680703915,0
CAND_0001663,0.0014273750988308717,0.0,3.5,3.42,20.5,-1.0,2,60,0.0639748770754483,0
CAND_0003713,0.001427199703061772,0.0,7.3,0.0,28.67,-1.0,3,90,0.001971193764297205,0
CAND_0002457,0.0014253957396912252,0.0,3.3,3.25,39.0,6.6,3,30,0.06953331053351572,0
CAND_0000937,0.00142524081820624,0.2,3.6,0.0,43.0,36.4,3,60,0.162330057182331,1
CAND_0004141,0.0014245653594536563,0.0,2.1,0.0,25.0,-1.0,3,120,-0.050084127451473226,0
CAND_0004253,0.00142456460685405,0.4,1.6,0.0,19.0,56.7,1,60,0.27261585674393507,3
CAND_0003679,0.0014243083592898461,0.4,9.7,0.0,28.75,-1.0,3,90,0.14591047554508677,1
CAND_0004768,0.0014242275186692305,0.4,3.3,0.0,39.0,59.2,3,30,0.24210877789205384,2
CAND_0001777,0.0014242208009199067,0.2,11.5,9.58,34.0,-1.0,2,150,0.08890863681931804,1
CAND_0002438,0.0014230014187485752,0.0,5.7,2.33,22.33,42.6,3,90,0.029483029793720056,0
CAND_0001020,0.0014211846430152737,0.0,9.8,9.67,29.0,-1.0,3,30,0.12684487750332074,1
CAND_0001705,0.0014191637035636524,0.2,4.0,0.75,23.5,2.2,3,150,0.03200243777483669,0
CAND_0004935,0.0014180469183827141,0.2,7.9,3.08,31.33,-1.0,3,90,0.06777898528603699,0
CAND_0000979,0.0014179027696082714,0.2,10.9,10.75,25.8,42.0,3,90,0.1317759581617737,1
CAND_0003839,0.0014172413060178479,0.0,11.0,9.42,32.75,-1.0,3,90,0.0287620674263748,0
CAND_0004431,0.0014165200823310733,0.2,8.7,0.0,34.33,-1.0,3,60,0.1757469217289525,2
CAND_0001969,0.00141643059490085,0.0,1.6,1.58,19.0,19.5,3,150,-0.03475495750708216,0
CAND_0001681,0.0014158445451116193,0.0,7.2,0.0,42.5,-1.0,3,30,0.10073273544734401,1
CAND_0000408,0.0014157808847527896,0.0,3.2,0.0,38.0,26.2,3,90,-0.012068601420191422,0
CAND_0004552,0.001415137879312334,0.0,6.3,5.33,24.67,-1.0,3,60,0.091717895465559,1
CAND_0003859,0.0014141950546230448,0.0,1.2,0.0,14.0,-1.0,2,120,-0.05930190385291607,0
CAND_0000349,0.0014134401672988661,0.2,11.0,9.33,26.2,13.4,2,60,0.20308224351327617,2
CAND_0003206,0.0014131705021551326,0.2,7.6,0.0,30.0,-1.0,1,90,0.11467658054525778,1
CAND_0004692,0.0014107751046234295,0.2,4.6,1.33,27.0,10.7,3,120,0.04632627719709201,0
CAND_0000055,0.0014080123590112792,0.0,7.3,3.08,21.5,17.3,3,150,0.01986825953923685,0
CAND_0000204,0.0014074678763976527,0.0,3.5,1.08,20.5,42.6,3,90,0.007156825404350697,0
CAND_0003961,0.0014064697609001407,0.0,4.1,1.75,24.0,-1.0,2,90,-0.030464135021097058,0
CAND_0000285,0.0014057497245138816,0.0,3.5,0.0,21.0,50.1,3,90,0.014620744214791509,0
CAND_0000429,0.0014054562115768383,0.2,2.7,2.67,32.0,-1.0,3,150,0.015514580443113601,0
CAND_0004375,0.001405059588660585,0.0,1.3,0.0,15.0,-1.0,1,90,-0.008493748638127713,0
CAND_0004309,0.0014027221949588014,0.4,14.1,3.83,27.83,-1.0,3,90,0.1484571660941348,1
CAND_0004382,0.0014023774043814125,0.0,4.3,0.0,51.0,35.2,3,120,0.007649925492009657,0
CAND_0004928,0.0014019130140366428,0.2,4.1,4.08,49.0,-1.0,3,90,0.029440173294769473,0
CAND_0000744,0.0014016907407208234,0.4,10.1,5.17,19.83,37.1,3,60,0.2865355055551373,3
CAND_0004621,0.0014016823367359998,0.0,6.4,3.0,25.0,34.5,3,60,0.127935329071456,1
CAND_0004012,0.0014013523128106461,0.2,9.1,4.17,36.0,4.0,3,30,0.18442839856902357,2
CAND_0001731,0.0014005602240896359,0.2,8.5,0.0,25.25,-1.0,3,90,0.07341176470588237,0
CAND_0000025,0.001400195713230493,0.0,7.3,6.75,29.0,-1.0,3,120,0.001404109977840337,0
CAND_0002754,0.0014000772653779566,0.0,9.9,9.83,39.33,-1.0,3,150,0.027401622572937073,0
CAND_0000394,0.0013997965686889488,0.2,6.9,2.0,27.33,-1.0,3,90,0.05739572794246792,0
CAND_0002301,0.0013993941095427989,0.2,4.2,0.0,24.5,-1.0,2,90,0.03038727630039878,0
CAND_0004423,0.0013986013986013986,0.0,8.5,3.42,25.0,34.9,3,90,0.04927062937062937,0
CAND_0000017,0.001397755189639899,0.2,12.3,5.83,36.5,-1.0,3,90,0.08835285898243786,1
CAND_0003838,0.0013976303436900074,0.2,5.7,4.67,22.67,-1.0,3,30,0.14535023721749016,1
CAND_0001262,0.0013930152273587122,0.2,7.0,3.83,27.67,50.9,3,150,0.11015331977453294,1
CAND_0000910,0.001392970825720218,0.2,3.6,3.5,21.0,-1.0,2,60,0.12425238734012456,1
CAND_0003273,0.0013928437559182513,0.0,3.2,1.58,19.0,25.1,3,150,-0.013650281125716729,0
CAND_0002700,0.001391758428879555,0.2,5.0,2.0,30.0,38.4,3,90,0.07762692700647064,0
CAND_0002930,0.0013909564675240185,0.0,13.2,7.83,31.4,-1.0,3,90,0.028210085818004382,0
CAND_0002531,0.0013893574161710986,0.0,6.4,0.0,38.0,40.1,3,90,0.033276505739593065,0
CAND_0004558,0.0013889187100098767,0.0,6.8,6.67,26.67,8.2,2,90,0.005367292910207405,0
CAND_0004153,0.0013883007431394528,0.0,9.4,4.5,37.33,-1.0,3,120,0.02215431560592851,0
CAND_0004938,0.0013880004887199132,0.2,7.4,0.0,44.0,31.2,2,30,0.19434801026311818,2
CAND_0004469,0.0013876472001922613,0.0,3.7,3.67,44.0,17.7,3,90,-0.016159408795962504,0
CAND_0001130,0.0013873862804032228,0.0,14.0,8.5,33.2,-1.0,3,120,0.02813511188846768,0
CAND_0004582,0.0013855284499484375,0.2,10.7,10.5,31.5,42.9,3,30,0.2319960974489172,2
CAND_0000404,0.0013855107111922032,0.0,8.2,0.0,32.0,-1.0,3,90,0.010095724935036243,0
CAND_0004462,0.0013850415512465374,0.2,1.9,0.0,22.0,-1.0,2,120,0.0070858725761772795,0
CAND_0003087,0.0013816232894923973,0.6,3.6,0.0,21.5,62.1,3,150,0.20711408907934034,2
CAND_0004730,0.0013815979874885905,0.2,3.5,3.5,42.0,-1.0,3,30,0.1230135577372604,1
CAND_0001721,0.0013808631590398008,0.2,1.2,0.0,14.0,-1.0,2,30,0.0999981263398358,1
CAND_0001976,0.0013798111837327524,0.4,4.8,0.0,28.5,-1.0,2,90,0.09597603485838777,1
CAND_0002874,0.0013797528258229178,0.0,1.2,0.0,14.0,-1.0,1,60,0.08997480934228128,1
CAND_0004882,0.0013787664322606875,0.0,7.7,4.5,30.33,-1.0,3,90,0.004954095077474435,0
CAND_0002846,0.001378570090381797,0.0,7.9,6.25,23.5,-1.0,3,60,0.10694997189801773,1
CAND_0000023,0.001377969353924301,0.2,3.7,3.67,22.0,48.5,2,30,0.17443735643241032,2
CAND_0003344,0.0013769956677848077,0.4,10.0,3.0,40.0,-1.0,3,30,0.24791690902348096,2
CAND_0004287,0.0013748127331493052,0.2,3.3,1.33,19.0,-1.0,3,30,0.1208710673961354,1
CAND_0000966,0.0013746581207401017,0.2,13.4,10.33,31.6,-1.0,3,60,0.18786782053554213,2
CAND_0001628,0.0013717421124828531,0.0,1.6,0.0,19.0,28.5,3,120,-0.026693415637860096,0
CAND_0003984,0.0013688814442583287,0.0,3.2,2.5,19.0,32.2,2,150,-0.007053489670575092,0
CAND_0000063,0.0013688635683310338,0.4,5.4,4.33,32.0,61.4,3,90,0.1641461349349517,2
CAND_0000837,0.0013677046429237368,0.2,5.3,2.58,31.5,-1.0,3,150,0.040721797501398455,0
CAND_0000588,0.0013676747258404593,0.0,5.8,0.0,34.5,36.0,3,90,0.022721169242649636,0
CAND_0001983,0.0013672613911181553,0.0,1.2,0.0,14.0,31.5,3,150,-0.027787510786518754,0
CAND_0001425,0.001366821430515698,0.2,3.8,0.0,45.0,-1.0,3,150,0.025703250040829656,0
CAND_0000510,0.0013658911869515247,0.0,10.0,3.0,29.75,-1.0,3,30,0.12768371492598202,1
CAND_0001958,0.0013658301006459082,0.0,7.5,2.75,29.33,-1.0,3,60,0.10268243211356406,1
CAND_0003810,0.0013655414257686465,0.8,3.3,0.0,19.0,52.3,2,30,0.35397636994114157,3
CAND_0001026,0.0013638651840305247,0.0,8.9,6.58,35.33,-1.0,3,90,0.01664116886464101,0
CAND_0002645,0.0013631024679328894,0.0,8.4,2.58,19.6,64.2,2,90,0.07682515182659069,0
CAND_0001196,0.001362690092985756,0.2,9.1,3.0,27.0,-1.0,3,150,0.07861649195270085,0
CAND_0000902,0.0013623377131654693,0.6,2.8,0.0,33.0,9.0,2,120,0.14560909197647484,1
CAND_0001287,0.0013615833872754886,0.0,8.8,4.25,52.5,-1.0,3,120,0.015593251132785257,0
CAND_0003500,0.0013605656608022963,0.2,2.4,2.33,28.0,36.1,2,150,0.04867187887684821,0
CAND_0000298,0.0013604753900628664,0.0,5.3,0.0,31.5,-1.0,2,90,-0.019430016808679812,0
CAND_0004110,0.0013602978558092374,0.0,1.7,0.0,20.0,3.2,3,120,-0.05123374502800602,0
CAND_0002753,0.0013596208726453125,0.0,9.8,2.67,23.2,-1.0,3,90,0.025552038325551557,0
CAND_0004510,0.0013595743740597206,0.0,3.1,3.08,37.0,11.9,2,30,0.07145106185525413,0
CAND_0000678,0.0013586610886402056,0.2,9.6,9.42,22.6,-1.0,2,120,0.0835318828614443,1
CAND_0004754,0.0013585871419755328,0.2,6.8,3.0,40.5,56.3,2,150,0.11283032998148618,1
CAND_0000963,0.0013577895973325746,0.0,3.2,3.17,19.0,31.8,2,90,-0.007686418456015948,0
CAND_0001120,0.0013565205344498491,0.2,6.6,6.5,26.0,2.5,3,90,0.056986931223446835,0
CAND_0000681,0.0013560265819549421,0.2,7.2,5.58,28.33,62.9,3,120,0.12337655822105378,1
CAND_0003370,0.001354975952645209,0.2,9.0,7.5,26.5,-1.0,2,60,0.17745449500554938,2
CAND_0001230,0.001354834171111367,0.2,9.1,9.0,36.0,48.2,2,30,0.22765151759333874,2
CAND_0000760,0.0013537270483811072,0.2,9.9,1.25,19.33,-1.0,3,60,0.18642826801600326,2
CAND_0001177,0.001351695348835264,0.0,13.4,10.25,31.8,17.8,3,90,0.04618560232554056,0
CAND_0003232,0.0013515535339270498,0.2,6.0,0.0,35.5,-1.0,2,90,0.04738262421246803,0
CAND_0000673,0.001350676258387497,0.2,7.8,0.0,31.0,-1.0,3,120,0.06536420142613744,0
CAND_0000307,0.0013506196760555947,0.4,6.8,6.75,27.0,3.9,3,90,0.12026301319716748,1
CAND_0001010,0.0013494824406169725,0.0,8.1,1.67,32.0,31.0,2,150,0.040339131252956434,0
CAND_0002629,0.0013493018338255132,0.2,2.6,2.58,31.0,-1.0,3,150,0.013335338510335776,0
CAND_0002359,0.0013491488193300384,0.2,3.0,0.0,36.0,33.1,3,90,0.051432125205930795,0
CAND_0004221,0.0013482074855591195,0.2,6.7,1.67,26.33,0.5,3,90,0.05581235719674152,0
CAND_0003630,0.0013468570679385679,0.2,5.3,1.25,31.5,22.5,3,120,0.0637839984267099,0
CAND_0004998,0.0013466496560678076,0.2,1.5,1.5,18.0,-1.0,1,120,0.052279642777423946,0
CAND_0000619,0.0013461856748014842,0.4,9.4,9.25,37.0,-1.0,2,150,0.14126989917083116,1
CAND_0001257,0.0013446567586694975,0.0,3.7,2.08,22.0,-1.0,2,90,-0.03576220806794056,0
CAND_0003886,0.0013429971992667774,0.0,5.9,3.25,23.33,45.0,3,30,0.13220294118460232,1
CAND_0001979,0.0013426163585250367,0.2,6.3,0.0,37.5,-1.0,3,150,0.05019494352902576,0
CAND_0001716,0.0013424816498029631,0.0,4.7,4.58,27.5,51.3,3,150,0.026492114645862236,0
CAND_0002200,0.0013419543324896333,0.0,4.9,0.0,29.0,-1.0,3,90,-0.023818959017717703,0
CAND_0001169,0.0013415714412259722,0.0,7.6,7.5,30.0,-1.0,3,90,0.003173000265745407,0
CAND_0000762,0.0013413813818134728,0.2,6.9,6.83,27.33,-1.0,3,150,0.056169009018082916,0
CAND_0002936,0.0013406692117673479,0.0,7.0,2.58,27.67,37.5,2,120,0.03565405344711431,0
CAND_0001165,0.001340450880801639,0.4,2.6,0.0,31.0,-1.0,1,150,0.12314946849683442,1
CAND_0002964,0.001340387603362986,0.2,13.2,6.25,26.17,-1.0,3,60,0.18714813967062272,2
CAND_0004970,0.0013398118210632163,0.2,13.6,8.92,32.2,-1.0,2,90,0.08713604824232754,1
CAND_0001743,0.0013383330284738736,0.2,11.5,7.0,45.33,-1.0,2,30,0.18710499359795135,2
CAND_0000176,0.0013370371189401686,0.2,4.5,4.5,27.0,-1.0,1,90,0.0820777794977435,0
CAND_0002644,0.001336898395721925,0.0,1.6,0.0,19.0,42.1,2,90,-0.013825133689839564,0
CAND_0000317,0.0013366868303230097,0.2,3.1,0.0,18.5,-1.0,1,30,0.1680704234367832,2
CAND_0004353,0.0013364850072260309,0.0,4.1,4.08,49.0,-1.0,3,30,0.06806618515174664,0
CAND_0002130,0.001336072684213309,0.2,7.4,3.67,21.5,-1.0,2,120,0.0610575263684795,0
CAND_0002850,0.0013359348907521665,0.2,3.8,3.75,22.5,-1.0,3,30,0.1250546327057955,1
CAND_0002841,0.001335340120152783,0.2,9.7,6.33,38.33,-1.0,3,90,0.08404214252320844,1
CAND_0004932,0.0013351653669395165,0.0,4.3,0.0,51.0,-1.0,2,90,-0.029961527294270165,0
CAND_0000612,0.001334966579436477,0.2,8.2,4.25,32.33,-1.0,3,60,0.169034298168166,2
CAND_0000232,0.001333694109158216,0.4,4.3,4.25,51.0,19.3,3,30,0.21030757629232252,2
CAND_0000995,0.0013318663254981006,0.2,1.5,0.0,18.0,-1.0,3,60,0.1019691928354601,1
CAND_0004077,0.0013316686325453605,0.0,9.8,6.92,23.0,-1.0,3,90,0.02496504128345256,0
CAND_0001104,0.001331634769842874,0.0,12.8,9.17,30.4,-1.0,3,30,0.12696433016670036,1
CAND_0001601,0.0013297872340425532,0.2,6.4,3.58,38.0,-1.0,3,120,0.0509255319148936,0
CAND_0004049,0.0013297860594610016,0.2,4.6,2.17,27.0,4.2,3,150,0.03812550724868102,0
CAND_0002185,0.00132965058310212,0.0,4.8,4.75,28.5,-1.0,3,150,-0.02507733775485549,0
CAND_0003177,0.0013294993381563404,0.4,2.0,0.0,24.0,-1.0,1,150,0.11691948610128314,1
CAND_0001945,0.0013293367373667171,0.0,6.2,0.0,24.33,46.8,3,60,0.13671607148470108,1
CAND_0001742,0.0013288338401443794,0.0,2.4,2.33,14.0,-1.0,3,90,-0.049094489356968044,0
CAND_0004574,0.0013282172373081465,0.4,3.9,0.0,23.0,22.9,3,120,0.10979256198347107,1
CAND_0004755,0.001327686382034208,0.2,3.8,0.83,22.0,-1.0,2,90,0.024881414022718373,0
CAND_0003360,0.0013263129159265955,0.2,2.0,0.0,24.0,-1.0,3,90,0.006852571234458496,0
CAND_0000159,0.0013260555595897981,0.2,4.4,2.67,26.0,42.7,2,90,0.07454716675138578,0
CAND_0001812,0.0013258974088527933,0.2,2.1,0.0,25.0,-1.0,1,60,0.15784384558590867,1
CAND_0002265,0.0013248100845012591,0.2,11.7,9.83,34.75,40.4,3,30,0.22822101177452642,2
CAND_0001622,0.0013239341441973285,0.0,3.6,0.0,21.0,-1.0,3,30,0.0628026170281439,0
CAND_0003933,0.0013226055772214264,0.0,12.9,3.08,38.25,-1.0,3,60,0.12677471712164995,1
CAND_0002966,0.0013215931148997872,0.2,2.7,2.67,32.0,-1.0,3,90,0.013753455412895521,0
CAND_0001000,0.0013212239641160013,0.2,14.2,11.17,23.86,22.3,2,90,0.110045703246436,1
CAND_0001880,0.0013208871826768738,0.0,4.4,0.0,52.0,-1.0,3,30,0.07073863083621434,0
CAND_0002827,0.0013178413849602236,0.2,6.1,3.25,24.0,-1.0,3,90,0.04767466908416468,0
CAND_0001089,0.0013175230566534915,0.2,6.8,0.0,40.5,52.4,2,30,0.20806798418972333,2
CAND_0000955,0.0013174420094835318,0.2,1.5,0.0,18.0,55.8,3,30,0.15846628219915415,1
CAND_0003361,0.0013174132294756814,0.2,6.2,1.0,24.67,-1.0,3,120,0.04866567781898931,0
CAND_0004975,0.0013169977615733234,0.0,1.1,0.0,13.0,-1.0,3,90,-0.062343047006960216,0
CAND_0000102,0.0013167879047211524,0.2,3.7,3.67,22.0,-1.0,3,30,0.1236525459991442,1
CAND_0003152,0.0013160216505463931,0.2,9.1,0.0,36.0,-1.0,2,90,0.07763645466147426,0
CAND_0004942,0.0013144919980051684,0.0,12.8,10.08,25.33,-1.0,3,30,0.12660433195810855,1
CAND_0003150,0.001314284971804267,0.0,1.7,0.0,20.0,30.4,3,90,-0.025000015592110403,0
CAND_0001492,0.0013132285913199414,0.0,7.4,4.0,29.0,-1.0,3,30,0.10057780041771877,1
CAND_0002919,0.0013131737269668304,0.4,4.1,0.0,24.0,31.2,3,120,0.11977664826630344,1
CAND_0000348,0.001310843201007515,0.2,7.1,2.33,28.0,38.8,3,90,0.0973277072211578,1
CAND_0002430,0.0013094528388446884,0.0,9.1,5.75,27.0,-1.0,3,120,0.017498509615738442,0
CAND_0004960,0.0013084399876852706,0.2,8.2,2.08,24.0,-1.0,2,120,0.06847723974139067,0
CAND_0004377,0.0013069827562870525,0.0,8.7,0.0,34.67,-1.0,3,150,0.013446637882028087,0
CAND_0003493,0.0013054975981367364,0.2,3.6,3.5,21.0,-1.0,3,120,0.022415449560871464,0
CAND_0001151,0.0013054830287206266,0.2,5.0,4.92,19.67,-1.0,1,45,0.18641514360313316,2
CAND_0003911,0.0013051951610909087,0.2,7.0,0.0,41.5,27.9,3,120,0.0853090983829091,1
CAND_0002679,0.0013047360293713447,0.0,5.6,0.0,33.0,-1.0,1,90,0.032399456616798245,0
CAND_0001919,0.001304130413041304,0.2,8.3,6.58,32.67,-1.0,3,60,0.1693867386738674,2
CAND_0000687,0.0013034878085552023,0.2,10.7,10.5,31.5,-1.0,2,120,0.08637324397965926,1
CAND_0002062,0.0013018621696677646,0.2,7.8,2.25,22.75,32.5,3,90,0.09783910556302305,1
CAND_0002717,0.0013018605645851154,0.0,9.9,3.0,23.6,-1.0,2,120,0.02533907185628742,0
CAND_0004448,0.0013012928681221654,0.0,9.4,4.83,22.0,-1.0,3,60,0.12032715023056548,1
CAND_0001892,0.0012995475065568527,0.0,5.7,5.67,34.0,-1.0,1,30,0.1332904976376939,1
CAND_0004194,0.0012993912909091039,0.0,6.1,6.0,36.0,-1.0,3,150,-0.012712782890908825,0
CAND_0000936,0.0012981322639337566,0.4,3.9,0.0,23.0,-1.0,3,90,0.08526077754260888,1
CAND_0002233,0.0012969279170351121,0.6,8.4,4.08,33.0,62.6,3,90,0.25383548625773733,3
CAND_0004625,0.0012968016844179789,0.4,5.3,0.0,31.0,-1.0,3,120,0.09923283537277752,1
CAND_0000990,0.0012967740289365763,0.2,4.8,0.0,18.67,-1.0,3,150,0.03423225460766807,0
CAND_0001911,0.0012959765367424848,0.0,8.9,0.0,35.33,10.3,3,90,0.026515507271592187,0
CAND_0003411,0.0012956683912604978,0.2,7.6,7.5,30.0,-1.0,3,90,0.06220903621647045,0
CAND_0002119,0.0012952026252874426,0.2,2.9,0.0,34.0,-1.0,3,60,0.1151992551310363,1
CAND_0004581,0.0012938579212685524,0.2,14.3,9.08,33.8,-1.0,2,150,0.0861710163466396,1
CAND_0003671,0.0012935620442928787,0.2,3.9,1.75,23.0,-1.0,2,60,0.12516480293015045,1
CAND_0004038,0.0012931869551178559,0.0,5.1,4.33,30.0,-1.0,3,30,0.07715692605747497,0
CAND_0003193,0.0012897849620955135,0.0,4.6,0.0,27.0,24.2,3,120,-0.0027145157959942295,0
CAND_0003491,0.0012894690696689868,0.2,4.5,0.0,17.33,-1.0,2,60,0.13107885046304873,1
CAND_0000885,0.0012886667970957784,0.0,14.4,13.08,34.2,5.2,3,90,0.032262002739011364,0
CAND_0001399,0.001288659793814433,0.0,3.8,0.0,45.0,-1.0,2,30,0.06406185567010309,0
CAND_0000461,0.0012885800878296187,0.2,6.7,1.58,19.75,0.9,3,90,0.054960181844422,0
CAND_0000992,0.0012879357022629045,0.4,2.1,0.0,25.0,2.4,3,90,0.07044664974752099,0
CAND_0003682,0.0012866766039212583,0.4,14.6,8.58,24.71,-1.0,3,90,0.14602020868234641,1
CAND_0003058,0.0012864814413484922,0.2,4.1,4.08,49.0,-1.0,2,30,0.12701611026831833,1
CAND_0000617,0.0012862719104433642,0.0,1.4,0.0,16.0,-1.0,3,120,-0.05998828988068936,0
CAND_0003797,0.0012854574071156791,0.2,1.3,1.25,15.0,8.8,3,120,0.008794605549429249,0
CAND_0002689,0.001285256692982843,0.0,2.6,1.5,15.5,-1.0,3,60,0.0519903905526397,0
CAND_0002705,0.00128281209576859,0.2,4.8,3.58,18.67,-1.0,3,60,0.13393905401114037,1
CAND_0004772,0.0012826373568130172,0.2,1.3,1.25,15.0,-1.0,3,30,0.09893538449307336,1
CAND_0000038,0.0012822662257782375,0.2,6.7,0.0,26.33,37.8,3,90,0.09172759074134298,1
CAND_0001064,0.0012813396356985136,0.0,10.7,4.92,31.5,-1.0,3,30,0.1259081323496688,1
CAND_0001119,0.0012812387524842339,0.4,3.6,2.0,21.5,30.3,1,150,0.1632060138021689,2
CAND_0000482,0.0012798979742830513,0.2,4.3,0.0,51.0,-1.0,1,90,0.07887785745994405,0
CAND_0003429,0.001279524777303594,0.2,3.3,1.17,19.5,12.3,3,60,0.13217002032337546,1
CAND_0000186,0.0012790876868546772,0.2,12.4,7.92,36.75,42.8,3,60,0.22966084142394821,2
CAND_0000315,0.0012789727978632516,0.0,3.1,0.0,37.0,-1.0,3,90,-0.043141571244871724,0
CAND_0004034,0.0012784658654824638,0.2,8.6,5.42,34.0,7.9,3,30,0.1807477831751317,2
CAND_0004166,0.0012780014732265922,0.2,9.2,2.08,21.6,-1.0,3,120,0.07783803093775843,0
CAND_0002556,0.0012778016348746145,0.2,8.5,0.0,33.33,-1.0,2,120,0.07083383433236692,0
CAND_0001647,0.0012771264413776557,0.0,1.7,0.0,20.0,-1.0,3,120,-0.05718034473106924,0
CAND_0003642,0.0012759331904396006,0.0,14.7,11.25,34.8,-1.0,3,60,0.12579459699923162,1
CAND_0000577,0.0012752529967511857,0.4,2.9,0.0,34.0,-1.0,1,60,0.22478031293177492,2
CAND_0000898,0.001275096051380702,0.2,2.8,0.0,33.0,11.1,3,90,0.02587701707899473,0
CAND_0001580,0.0012739966963849318,0.4,3.5,0.0,20.5,-1.0,2,150,0.08075393062408356,0
CAND_0004484,0.0012730536273308833,0.0,13.1,11.5,22.0,-1.0,3,150,0.025734126173948546,0
CAND_0002517,0.001272991928013762,0.2,3.3,0.0,19.5,23.2,3,120,0.042932830488289,0
CAND_0003540,0.0012728713951414305,0.2,7.1,0.0,28.0,-1.0,2,120,0.05673029929797002,0
CAND_0003662,0.0012727342344067082,0.0,2.0,0.0,24.0,63.5,3,120,0.010227418922540865,0
CAND_0003051,0.0012724446114512648,0.0,11.4,5.42,27.0,9.2,3,90,0.035921336840476575,0
CAND_0000067,0.0012710975591038623,0.0,3.9,1.67,23.0,2.2,2,150,-0.032106951258818905,0
CAND_0003663,0.0012708722942550948,0.2,6.7,2.5,26.33,29.6,3,120,0.083288318179357,1
CAND_0004205,0.001270468864363725,0.0,2.1,2.08,25.0,-1.0,3,90,-0.05332015384836178,0
CAND_0001987,0.0012703506836492496,0.0,5.2,0.0,31.0,6.4,3,30,0.08507736435663425,1
CAND_0003038,0.0012688125938861768,0.0,1.7,0.0,20.0,19.7,3,30,0.0633450644716097,0
CAND_0004644,0.0012678580507397429,0.0,3.6,2.17,21.0,60.0,1,120,0.07262501906553462,0
CAND_0004381,0.0012672311585355065,0.0,13.3,13.0,26.0,-1.0,3,90,0.025611854329245648,0
CAND_0001078,0.0012668665956867117,0.4,9.7,3.58,28.75,22.2,2,90,0.16580419850942094,2
CAND_0003088,0.0012663733013873568,0.2,8.3,3.17,32.67,-1.0,3,90,0.06859383932913449,0
CAND_0000824,0.0012662935247595808,0.0,12.8,5.5,30.2,-1.0,3,90,0.025592164019951208,0
CAND_0002024,0.001264222826694756,0.2,2.3,2.25,27.0,36.7,3,30,0.14624867936058988,1
CAND_0001689,0.0012634300339079937,0.0,12.6,8.08,29.8,-1.0,3,60,0.12553203071206787,1
CAND_0003563,0.0012624584717607973,0.2,9.4,9.33,37.33,-1.0,3,60,0.17951162790697672,2
CAND_0004778,0.0012622752644270386,0.2,3.8,3.75,22.5,22.8,3,150,0.047307780552967776,0
CAND_0001877,0.001260961447999382,0.2,4.9,1.58,29.0,-1.0,3,90,0.03448019040798703,0
CAND_0000934,0.001260868162334294,0.2,7.8,2.17,30.67,34.0,3,90,0.09847823140902018,1
CAND_0002606,0.0012608559500598758,0.0,2.7,0.0,32.0,2.6,3,60,0.05607797495125739,0
CAND_0003869,0.0012605600590002248,0.0,7.7,5.25,30.33,-1.0,3,90,0.002471761239004708,0
CAND_0004689,0.0012602512523935707,0.2,7.3,5.58,28.67,-1.0,1,90,0.10846527630026495,1
CAND_0001890,0.0012594955616251281,0.0,5.6,0.0,21.67,53.6,3,90,0.036049406794127686,0
CAND_0000894,0.001257808907955068,0.0,8.7,8.5,34.0,9.5,3,90,0.022913987067056413,0
CAND_0000879,0.0012575866844513656,0.0,7.0,0.0,20.5,27.5,2,30,0.12390932037347868,1
CAND_0003825,0.0012574021307645762,0.0,6.9,6.17,27.33,-1.0,3,30,0.0944054447460561,1
CAND_0003562,0.0012569599284481562,0.2,2.2,2.17,26.0,51.6,2,90,0.05999615849741127,0
CAND_0001766,0.0012558660916155264,0.0,1.9,1.83,22.0,-1.0,3,60,0.044373187923926055,0
CAND_0000688,0.0012547316797876082,0.2,1.3,1.25,15.0,39.4,1,30,0.18874936527553976,2
CAND_0004501,0.0012546182266009853,0.2,13.3,10.67,26.17,7.7,1,60,0.2440469827586207,2
CAND_0004653,0.0012544633811330907,0.0,11.7,7.58,34.75,21.2,3,90,0.047543731003794915,0
CAND_0002931,0.0012540524440278187,0.0,4.9,2.33,29.0,-1.0,3,90,-0.025664898675415812,0
CAND_0001412,0.0012532893384318078,0.0,8.3,2.25,33.0,-1.0,3,30,0.10831907610706797,1
CAND_0000158,0.0012532129949583428,0.2,4.4,0.0,26.0,37.3,2,150,0.0676174728941252,0
CAND_0004310,0.0012531220825416434,0.0,7.7,7.5,22.5,-1.0,3,120,0.0023155637333745066,0
CAND_0003965,0.0012529818397738624,0.0,4.3,4.25,25.5,-1.0,3,90,-0.0316873813647489,0
CAND_0004502,0.0012528085903312012,0.2,7.8,0.0,30.67,57.1,2,90,0.12140898039695525,1
CAND_0003920,0.0012510161186864558,0.2,12.5,4.17,29.6,-1.0,1,90,0.13527133849241554,1
CAND_0000928,0.0012506708650554012,0.2,6.2,1.83,24.33,6.6,3,90,0.05486408816616342,0
CAND_0003905,0.0012504994214494378,0.0,4.7,4.67,28.0,-1.0,3,60,0.07226048785043819,0
CAND_0003367,0.0012498558934809383,0.2,1.9,0.0,22.0,-1.0,2,90,0.004246973763099696,0
CAND_0001083,0.0012477433842631325,0.2,1.6,1.58,19.0,-1.0,3,60,0.10120261106952579,1
CAND_0004066,0.0012468827930174563,0.0,4.2,2.17,25.0,15.6,3,90,-0.016215461346633417,0
CAND_0004100,0.0012465364780124355,0.0,8.6,4.5,34.0,-1.0,3,150,0.011177266038261136,0
CAND_0002729,0.0012441041384914913,0.2,2.2,2.17,26.0,31.2,3,90,0.03932618690832132,0
CAND_0000919,0.0012427677700267298,0.0,9.4,3.83,22.2,57.7,2,120,0.07779812317056134,0
CAND_0004562,0.0012427245556079912,0.0,7.9,2.67,31.0,-1.0,3,120,0.004097215667767801,0
CAND_0001357,0.0012424557866063403,0.0,14.3,7.08,33.8,30.7,3,90,0.05679157151873315,0
CAND_0002202,0.0012424108399340598,0.0,3.2,0.0,38.0,-1.0,3,120,-0.04290937236138475,0
CAND_0004897,0.0012423896499238964,0.2,8.9,3.17,26.25,-1.0,3,60,0.17409018264840181,2
CAND_0003690,0.0012423407617876238,0.0,8.2,8.08,48.5,-1.0,3,120,0.007089155997540078,0
CAND_0002643,0.0012418607587506188,0.2,1.6,1.58,19.0,61.3,2,120,0.06337907593376299,0
CAND_0000988,0.0012412562198024087,0.0,9.2,0.58,27.0,-1.0,2,150,0.01706638061585057,0
CAND_0000432,0.0012412119289014658,0.0,4.8,1.0,28.5,-1.0,3,30,0.07306545050693078,0
CAND_0003894,0.0012396944255351336,0.2,9.8,9.67,38.67,62.4,3,150,0.14643358293623782,1
CAND_0003250,0.0012390764123866376,0.2,7.3,1.33,21.5,-1.0,3,120,0.05802060466011938,0
CAND_0003622,0.0012388571188293668,0.0,6.6,0.0,39.0,-1.0,3,90,-0.008984000504583298,0
CAND_0001943,0.0012386473043176577,0.0,6.1,4.17,36.0,48.3,3,90,0.035311593390670803,0
CAND_0003018,0.0012383277224559432,0.2,14.5,11.0,28.5,-1.0,3,60,0.1850048821715748,2
CAND_0002912,0.0012378763143995775,0.0,3.6,0.0,43.0,-1.0,3,90,-0.03900459739760888,0
CAND_0000107,0.0012344067838832577,0.0,11.5,4.08,45.67,-1.0,3,150,0.024922542461548403,0
CAND_0004720,0.0012341042991308405,0.0,10.0,5.42,39.67,-1.0,1,90,0.07491619028174765,0
CAND_0004834,0.001233058516947608,0.2,6.3,4.42,24.67,-1.0,3,120,0.04789422885589975,0
CAND_0001941,0.0012328137128760248,0.4,1.7,0.0,20.0,53.4,3,90,0.11628908797039653,1
CAND_0003165,0.001231965486773427,0.2,13.1,11.0,31.2,14.7,3,90,0.10057127522224193,1
CAND_0002695,0.001230955568304966,0.0,6.9,6.83,27.33,2.2,2,30,0.09705006693440428,1
CAND_0001462,0.001230448352927448,0.6,3.2,1.17,19.0,-1.0,2,120,0.1368394154114764,1
CAND_0002499,0.0012304307048553497,0.0,7.7,3.92,22.75,-1.0,3,60,0.10183904480196235,1
CAND_0004715,0.0012300123001230013,0.0,1.6,1.58,19.0,26.1,3,90,-0.032069741697416984,0
CAND_0000850,0.001229972245707645,0.2,9.9,8.67,23.4,-1.0,3,60,0.18382941715986054,2
CAND_0000393,0.001229882159429947,0.2,3.0,0.0,36.0,-1.0,1,30,0.16482752534802889,2
CAND_0000911,0.0012298561437884565,0.0,7.7,4.42,30.33,-1.0,3,60,0.10182697901955759,1
CAND_0004060,0.0012288838256508433,0.0,9.1,4.17,26.75,58.9,2,150,0.07570656033866771,0
CAND_0004527,0.00122842714421958,0.0,7.6,3.75,45.0,-1.0,3,90,0.0007969700286111769,0
CAND_0000550,0.001227176491672514,0.0,9.7,3.58,38.33,26.8,2,150,0.04957070632512278,0
CAND_0002927,0.0012271742299998143,0.2,2.9,2.83,34.0,59.3,3,60,0.1740706588299961,2
CAND_0003535,0.0012270528734009826,0.0,1.4,0.0,16.0,30.5,3,30,0.07026811034142064,0
CAND_0002904,0.0012262044481348119,0.0,2.9,0.0,34.0,14.6,2,120,-0.030649706589168962,0
CAND_0003194,0.0012246006031526827,0.0,8.0,0.0,47.5,-1.0,2,90,0.004716612666206321,0
CAND_0000340,0.00122435328047724,0.2,11.7,4.42,27.4,-1.0,3,30,0.18471141889002204,2
CAND_0002860,0.0012239577660138408,0.2,9.3,3.92,21.8,21.4,3,90,0.10010311308629066,1
CAND_0002429,0.001223693328956487,0.0,9.1,5.42,27.0,-1.0,3,60,0.11569755990808622,1
CAND_0002242,0.0012235661033651853,0.0,2.4,0.0,28.0,-1.0,2,60,0.04869488817066889,0
CAND_0000812,0.0012235099932246332,0.0,11.0,3.0,32.75,-1.0,3,120,0.024693709857717294,0
CAND_0004948,0.0012232778670462673,0.0,7.7,1.83,22.75,-1.0,3,120,0.0016888352079716118,0
CAND_0002635,0.0012231078423497,0.0,7.2,3.75,42.5,27.5,2,30,0.1251852646893437,1
CAND_0002905,0.0012225873233672757,0.0,1.3,1.25,15.0,-1.0,3,30,0.03767433379071279,0
CAND_0004847,0.0012220777834297306,0.0,3.8,0.0,45.0,38.6,3,90,0.0022636334520243495,0
CAND_0004813,0.0012201305463008995,0.0,13.5,6.83,32.0,-1.0,3,90,0.024622741472318882,0
CAND_0004337,0.0012200790578505635,0.0,7.1,3.08,28.33,21.8,3,30,0.11842166021486182,1
CAND_0004546,0.0012198408329893123,0.0,7.4,4.33,29.0,26.0,3,90,0.025616657492775557,0
CAND_0001621,0.0012194963450387407,0.0,9.4,1.0,22.2,47.9,2,90,0.06750942324581355,0
CAND_0002014,0.0012186020246489956,0.2,8.7,1.33,25.5,-1.0,3,120,0.0715906425176289,0
CAND_0002380,0.0012180690338891116,0.0,4.5,3.33,26.5,-1.0,3,90,-0.03042055028832867,0
CAND_0001597,0.001218026796589525,0.2,9.5,4.08,37.67,40.1,3,90,0.12067856272838001,1
CAND_0000179,0.0012172075965359037,0.4,3.2,2.0,19.0,-1.0,2,90,0.07656135952725396,0
CAND_0001527,0.0012166809787343166,0.0,2.8,0.0,33.0,-1.0,2,90,-0.04744969944657936,0
CAND_0000272,0.0012164639226795535,0.0,14.8,14.67,35.2,-1.0,3,90,0.024545742376270635,0
CAND_0004642,0.0012146452128795088,0.2,4.5,2.67,17.67,-1.0,3,60,0.12950754947046966,1
CAND_0002061,0.0012138620052810833,0.0,9.4,0.0,37.33,-1.0,3,30,0.11849110211090275,1
CAND_0004419,0.001213213947376463,0.2,7.4,7.33,44.0,31.2,3,90,0.09067749289490573,1
CAND_0004528,0.001212194836035818,0.0,14.4,8.25,24.29,-1.0,3,90,0.024456091556752185,0
CAND_0000225,0.0012121212121212121,0.0,5.0,0.75,29.5,-1.0,3,60,0.07445454545454545,0
CAND_0000238,0.0012101975805920836,0.2,7.6,3.0,30.0,-1.0,3,150,0.060414149192433736,0
CAND_0001017,0.0012100416750210747,0.2,13.5,6.42,22.43,-1.0,2,150,0.08441087517544257,1
CAND_0003696,0.0012091898428053204,0.0,2.6,2.5,15.0,-1.0,1,120,0.0003929866989117181,0
CAND_0002641,0.001207449084569233,0.2,9.3,3.17,27.5,40.3,2,120,0.11865643077595392,1
CAND_0003326,0.0012069510147340744,0.0,2.0,2.0,24.0,-1.0,3,90,-0.055654028690584445,0
CAND_0004810,0.001206524598789792,0.0,14.1,6.42,33.6,-1.0,3,30,0.12433701657458562,1
CAND_0004596,0.0012041495738655122,0.0,14.9,7.0,29.33,-1.0,3,90,0.02428714105117577,0
CAND_0001253,0.0012041156265149616,0.0,5.9,2.83,35.0,-1.0,3,30,0.0832864281568142,1
CAND_0003421,0.0012039472247440948,0.2,1.6,1.58,19.0,-1.0,3,30,0.10028289171962598,1
CAND_0004583,0.0012038507185014114,0.0,4.2,0.67,25.0,28.4,3,90,-0.004319134911470374,0
CAND_0000810,0.0012034880672533272,0.0,4.1,0.0,24.0,-1.0,2,120,-0.03472675058768014,0
CAND_0000289,0.0012033283763305475,0.0,13.3,9.33,26.33,-1.0,2,90,0.024269895902941485,0
CAND_0001080,0.0012027390189576917,0.0,5.4,5.33,32.0,-1.0,3,60,0.07825751939811153,0
CAND_0000277,0.0012022034567157392,0.2,2.1,2.08,25.0,58.5,2,120,0.06474627259103052,0
CAND_0000243,0.001201779225506345,0.0,5.7,5.58,33.5,4.4,3,150,-0.013362636264366762,0
CAND_0000128,0.0012012548854654116,0.6,8.5,3.33,33.33,-1.0,3,120,0.18922635259477363,2
CAND_0001995,0.00119950727310667,0.0,4.0,4.0,48.0,-1.0,2,90,-0.03581034726475994,0
CAND_0001361,0.0011985147335053673,0.2,13.4,8.17,26.33,-1.0,1,30,0.23416880940361273,2
CAND_0002529,0.0011961533228063404,0.0,6.7,0.0,40.0,25.2,3,90,0.01731921977893315,0
CAND_0002698,0.0011957751154978082,0.0,1.7,1.67,20.0,-1.0,3,90,-0.05888872257454604,0
CAND_0003296,0.001195412076276051,0.0,9.5,4.83,28.0,-1.0,3,120,0.01910365360179707,0
CAND_0001135,0.0011947951336308007,0.0,3.3,3.25,39.0,17.6,2,60,0.07569069780624682,0
CAND_0004623,0.0011946574626593585,0.2,3.2,3.17,38.0,-1.0,3,150,0.016087806715846517,0
CAND_0000320,0.0011943323100228028,0.2,8.0,2.0,31.67,10.2,2,90,0.07528097851047885,0
CAND_0002965,0.0011933648193884774,0.0,1.1,1.08,13.0,-1.0,2,90,-0.06493933879284197,0
CAND_0004585,0.0011932161879048082,0.0,4.7,1.67,28.0,-1.0,3,120,-0.02894246005399903,0
CAND_0000007,0.0011931150471123871,0.0,5.5,2.25,32.5,-1.0,2,30,0.07905541598936013,0
CAND_0001298,0.0011922330909157732,0.0,4.1,4.0,24.0,8.1,2,90,-0.02586310509076878,0
CAND_0003144,0.0011919153431822513,0.0,3.8,3.75,45.0,-1.0,3,150,-0.03796977779317273,0
CAND_0001452,0.001191783243333408,0.2,2.3,2.25,27.0,-1.0,2,60,0.10702744811000156,1
CAND_0002660,0.0011917564952153607,0.0,9.3,4.92,27.5,-1.0,3,150,0.017026886399522573,0
CAND_0001978,0.0011904594014408147,0.2,3.4,1.33,20.0,6.2,3,90,0.0251996474302571,0
CAND_0003102,0.001190046982209854,0.0,8.1,1.75,24.0,-1.0,1,120,0.05499098662640692,0
CAND_0000830,0.0011894946163546415,0.0,8.7,3.5,25.5,26.6,3,30,0.13857938694344749,1
CAND_0001060,0.0011890606420927466,0.0,7.6,7.5,30.0,39.2,3,60,0.14017027348394767,1
CAND_0002147,0.001188979412820138,0.2,9.1,5.42,27.0,40.5,3,60,0.2164685676692229,2
CAND_0003342,0.0011889755277292146,0.0,6.3,2.33,24.67,-1.0,2,90,-0.013031513917686505,0
CAND_0002875,0.001188730973164904,0.0,8.6,1.83,25.25,22.4,3,90,0.03336335043646296,0
CAND_0003479,0.0011884499862228545,0.2,5.6,0.0,22.0,8.8,3,90,0.04975744971067994,0
CAND_0000304,0.0011879174401604549,0.4,3.7,1.83,21.5,37.6,3,60,0.21954626624336954,2
CAND_0000636,0.001187472561185251,0.2,1.6,1.58,19.0,-1.0,3,150,-6.30762151097447e-05,0
CAND_0003062,0.0011867322633508108,0.2,6.4,3.0,38.0,-1.0,2,90,0.047921377530367015,0
CAND_0003997,0.0011862392138260447,0.2,9.1,1.58,36.0,16.6,3,90,0.09251102349034693,1
CAND_0004878,0.001185928515311821,0.2,5.1,2.75,20.0,-1.0,3,90,0.034904498821548224,0
CAND_0003524,0.0011850550017934692,0.2,2.4,2.33,28.0,-1.0,2,90,0.00788615503766285,0
CAND_0002109,0.0011848294747909874,0.2,6.0,3.08,35.5,-1.0,3,30,0.14388141897061074,1
CAND_0004222,0.001184814807246015,0.2,1.2,0.0,14.0,-1.0,1,60,0.14588111095216633,1
CAND_0003312,0.0011846949485281723,0.2,7.3,4.25,28.67,-1.0,3,60,0.1568785939190916,1
CAND_0004750,0.0011840468519419914,0.0,4.5,2.25,26.5,-1.0,3,30,0.06886498389078181,0
CAND_0002787,0.001183466597425343,0.2,12.6,7.75,30.0,-1.0,2,60,0.1838527985459322,2
CAND_0003795,0.001183431952662722,0.0,1.4,0.0,16.0,-1.0,3,60,0.03785207100591716,0
CAND_0002039,0.0011833123248300116,0.2,8.5,4.17,33.33,26.9,3,120,0.09674955882143024,1
CAND_0002774,0.0011832557864874108,0.0,10.3,10.25,41.0,-1.0,3,90,0.023848371516235617,0
CAND_0000903,0.0011820875220249568,0.2,8.6,4.25,34.0,47.4,3,90,0.11822383796252409,1
CAND_0003307,0.0011814538007806346,0.2,3.2,0.0,38.0,-1.0,3,90,0.015810529816393318,0
CAND_0001307,0.0011810289455690694,0.0,12.9,9.25,30.4,2.5,3,90,0.02730160785695046,0
CAND_0002632,0.00117964617263212,0.0,8.2,5.25,19.2,-1.0,3,90,0.005772569625274504,0
CAND_0001290,0.0011781278012549623,0.0,11.4,11.25,33.75,28.2,2,30,0.1529406838263542,1
CAND_0001299,0.001176481364341219,0.0,11.9,11.67,28.0,-1.0,2,150,0.023706108651165597,0
CAND_0004560,0.0011756734484589886,0.2,4.7,2.83,18.33,35.7,3,30,0.16738914241763875,2
CAND_0004355,0.0011755234017134528,0.0,4.4,0.0,52.0,1.5,3,60,0.07018599143598252,0
CAND_0000205,0.001175033067145757,0.0,4.8,4.75,28.5,-1.0,3,30,0.0716756944100609,0
CAND_0001802,0.0011745298768031057,0.2,5.5,5.42,32.5,-1.0,2,90,0.03866512741286521,0
CAND_0000228,0.0011739133422573496,0.2,4.0,3.92,23.5,-1.0,3,90,0.023652180187404337,0
CAND_0003533,0.00117360324821672,0.2,14.6,6.92,43.5,-1.0,3,60,0.18364566821255113,2
CAND_0002137,0.0011733030573351714,0.0,10.5,5.5,31.5,3.8,3,60,0.12843936420403862,1
CAND_0002553,0.0011730241594817502,0.0,8.6,0.0,34.0,-1.0,3,120,0.009633507349116749,0
CAND_0004498,0.001172091214568741,0.2,12.9,6.0,38.5,-1.0,2,60,0.18361391550594355,2
CAND_0003652,0.001171796240289391,0.0,8.5,2.67,25.25,-1.0,3,90,0.00860772104607721,0
CAND_0004575,0.0011711642390940281,0.0,4.3,1.83,16.67,16.7,3,150,-0.01570555097902543,0
CAND_0002269,0.0011707688327766768,0.0,10.0,4.5,39.67,-1.0,2,120,0.023586145488310215,0
CAND_0003530,0.001170597147728717,0.0,9.1,7.0,27.0,-1.0,3,60,0.11458254010230305,1
CAND_0000729,0.0011691069015909781,0.0,9.0,2.0,35.67,-1.0,2,90,0.013551244933410533,0
CAND_0001867,0.0011688960426264085,0.2,12.6,11.25,29.8,-1.0,3,150,0.08354681689515456,1
CAND_0001436,0.0011682865131140993,0.2,2.4,1.5,14.0,48.3,3,60,0.1568340167753961,1
CAND_0003200,0.0011681356365502876,0.0,7.9,4.33,23.25,32.5,2,90,0.03603084836755602,0
CAND_0004289,0.001168086286065983,0.2,11.8,4.08,27.6,-1.0,3,90,0.08352981200738566,1
CAND_0004987,0.0011679191721061925,0.2,7.3,0.0,29.0,-1.0,3,150,0.05652630261423003,0
CAND_0003603,0.0011678564413306067,0.4,3.4,0.83,20.0,-1.0,3,60,0.17752498526794275,2
CAND_0003564,0.0011669821413875401,0.0,8.2,2.08,32.33,1.5,2,30,0.10800662496913833,1
CAND_0001913,0.0011669544407037695,0.0,7.5,5.83,29.67,15.8,2,60,0.11530604325477917,1
CAND_0001569,0.0011655610576473885,0.4,9.4,1.33,27.5,-1.0,3,120,0.13747678221059514,1
CAND_0001524,0.0011654670769856812,0.0,5.1,1.17,30.0,16.4,3,90,-0.0081251913833007,0
CAND_0000855,0.0011645249048239732,0.0,6.1,5.25,24.0,-1.0,2,90,-0.015544976998696572,0
CAND_0000905,0.0011643687371683136,0.0,3.4,3.33,20.0,48.5,3,60,0.10695174348053459,1
CAND_0000625,0.0011643070622025702,0.4,2.8,2.75,33.0,-1.0,3,30,0.17145044830625397,2
CAND_0003346,0.0011633585349257818,0.0,7.0,0.0,41.5,-1.0,2,60,0.09343052923344142,1
CAND_0003811,0.0011621977461606261,0.0,3.7,0.0,22.0,-1.0,2,120,-0.039593847330626854,0
CAND_0000370,0.0011621951219512195,0.4,5.9,1.25,23.0,-1.0,1,120,0.1524060975609756,1
CAND_0004059,0.0011614435723088527,0.2,5.5,4.17,32.5,10.4,3,60,0.1497903150184859,1
CAND_0004858,0.00116114736089996,0.4,7.0,3.33,27.67,-1.0,3,90,0.11338409457889917,1
CAND_0000764,0.001159342311587432,0.2,3.9,3.83,23.0,-1.0,3,30,0.12234618854333607,1
CAND_0000659,0.001159144494273541,0.0,12.1,6.92,28.4,28.7,3,90,0.05304203437974436,0
CAND_0003055,0.0011565460448266483,0.4,4.6,3.0,27.5,31.6,2,90,0.12188746694135963,1
CAND_0001018,0.0011563857107364116,0.0,3.8,0.0,22.5,-1.0,3,120,-0.03871590007453536,0
CAND_0003966,0.0011551237827911618,0.4,6.9,4.92,20.25,0.6,2,90,0.11385759943861437,1
CAND_0002799,0.0011550832163873413,0.2,3.0,0.0,36.0,-1.0,3,120,0.013256747544134154,0
CAND_0003912,0.001154772905773998,0.2,7.2,3.67,28.33,-1.0,3,150,0.055250231021253954,0
CAND_0002035,0.0011547394094779866,0.6,7.4,3.17,29.33,46.4,3,150,0.2246495275990377,2
CAND_0003755,0.0011544412421387409,0.0,2.8,0.0,33.0,-1.0,3,120,-0.048756733915086455,0
CAND_0004327,0.0011539325523494388,0.0,4.9,0.0,29.0,-1.0,3,30,0.07223258359933821,0
CAND_0000053,0.0011538431400205302,0.0,3.9,2.83,23.0,30.2,3,90,-0.006569294059568867,0
CAND_0004302,0.001153140955470257,0.0,5.8,1.83,34.0,9.7,3,60,0.09191596006487539,1
CAND_0003640,0.0011513315653443042,0.4,8.9,1.33,35.0,-1.0,3,90,0.1321779628722304,1
CAND_0001843,0.0011509340962071119,0.0,4.7,0.5,28.0,25.5,3,120,-0.0033303839796506585,0
CAND_0002926,0.0011487165608375098,0.2,4.2,0.0,50.0,-1.0,3,60,0.1251230477775877,1
CAND_0004301,0.0011486357363045385,0.0,3.3,3.25,19.5,16.3,2,150,-0.026578649537604693,0
CAND_0003719,0.0011472217282494134,0.2,6.7,5.08,26.67,-1.0,3,60,0.15009165629323767,1
CAND_0001385,0.0011464552557846532,0.2,12.2,8.58,24.0,-1.0,3,150,0.0830755603714777,1
CAND_0000018,0.0011462130906105894,0.2,6.6,6.5,26.0,-1.0,3,120,0.049070474902822375,0
CAND_0000620,0.0011460782926244514,0.2,4.3,0.0,51.0,-1.0,2,120,0.02606764414511345,0
CAND_0002048,0.0011454597432298975,0.4,7.0,1.25,27.33,-1.0,3,30,0.21305465460782785,2
CAND_0000774,0.0011454387304984611,0.0,4.3,4.17,25.0,6.4,3,60,0.07345421334046769,0
CAND_0004073,0.0011449136893551736,0.2,2.3,0.0,27.0,48.6,3,120,0.05564318747645863,0
CAND_0002289,0.0011448240211313332,0.0,9.1,1.17,26.75,-1.0,3,90,0.014041304443757993,0
CAND_0004590,0.0011447751089080996,0.2,7.4,3.67,29.0,-1.0,3,150,0.05704027728707009,0
CAND_0002117,0.0011446636514867957,0.2,3.2,0.0,38.0,2.0,3,60,0.11803793668122271,1
CAND_0004597,0.0011444848077781554,0.2,14.1,8.42,28.0,-1.0,3,30,0.18303418096334126,2
CAND_0002507,0.001143652805156607,0.0,14.5,11.58,34.4,-1.0,3,90,0.023016708908288747,0
CAND_0003457,0.001143535179679758,0.0,6.7,0.0,26.33,24.3,3,90,0.01531423877327491,0
CAND_0003024,0.0011434542143079164,0.2,6.2,1.83,36.5,16.2,2,120,0.062212538500466236,0
CAND_0002959,0.0011428784399219408,0.2,2.6,0.0,15.0,-1.0,3,150,0.009000447238360743,0
CAND_0004706,0.0011428434789702733,0.2,8.6,8.5,51.0,21.8,3,90,0.09179971305837573,1
CAND_0000529,0.001142707292980679,0.0,9.3,2.25,22.0,10.7,3,90,0.027696853152594264,0
CAND_0004003,0.00114060279247664,0.0,7.0,0.0,41.5,10.5,2,60,0.10445265864200944,1
CAND_0001735,0.0011405832275868865,0.2,3.6,1.33,21.0,-1.0,3,90,0.01895224777932461,0
CAND_0004586,0.0011405264077787645,0.0,10.1,6.67,30.0,-1.0,3,60,0.12295105456335406,1
CAND_0003865,0.0011398637981228257,0.0,2.5,0.0,30.0,59.2,3,90,0.008137139760579337,0
CAND_0001448,0.0011394409032204308,0.0,2.7,2.67,32.0,37.1,3,90,-0.011971741032370947,0
CAND_0003514,0.0011394147753909655,0.0,8.6,4.17,25.25,-1.0,3,90,0.008927710283210266,0
CAND_0000948,0.0011381342834770147,0.2,2.6,0.0,31.0,6.2,3,90,0.016100819953017306,0
CAND_0000836,0.0011381237685471873,0.0,5.3,1.83,31.0,-1.0,3,60,0.07590059913949093,0
CAND_0003309,0.0011366789976167792,0.0,2.6,0.0,31.0,-1.0,3,60,0.048870258949952367,0
CAND_0002896,0.0011358776370323715,0.0,7.6,6.17,22.5,-1.0,3,90,-0.0011465696223202093,0
CAND_0004067,0.0011357710811786092,0.2,9.8,4.75,29.0,40.8,2,90,0.1226511927047508,1
CAND_0003233,0.0011354955988667607,0.0,2.8,0.0,33.0,51.5,2,90,0.0033454075762019697,0
CAND_0004092,0.0011347810750838613,0.0,1.7,1.67,20.0,-1.0,3,90,-0.06016959742323892,0
CAND_0003509,0.0011342572530117787,0.4,2.2,2.17,26.0,-1.0,1,120,0.11481940231324736,1
CAND_0001887,0.001134043322250229,0.2,5.2,0.0,30.5,27.0,3,90,0.06281490976725479,0
CAND_0000472,0.0011339111668059035,0.2,2.9,2.08,17.0,11.2,3,60,0.12401213450292396,1
CAND_0001932,0.0011337815100333631,0.0,7.5,4.83,22.25,-1.0,3,60,0.09780941171070062,1
CAND_0003260,0.0011323101785647835,0.0,13.0,10.42,38.75,-1.0,3,150,0.022778513749860452,0
CAND_0003104,0.0011317344759989214,0.2,1.3,1.25,15.0,-1.0,3,120,-0.004233576004022674,0
CAND_0003930,0.0011304360016465877,0.0,5.1,1.83,30.0,-1.0,3,150,-0.026260843965421665,0
CAND_0002400,0.001129902838795034,0.0,8.3,2.33,32.67,63.6,3,120,0.0703279596146957,0
CAND_0004961,0.001129380764163373,0.0,12.4,7.58,29.6,-1.0,2,120,0.022716996047430826,0
CAND_0000924,0.0011283948704040913,0.2,4.9,4.83,29.0,-1.0,2,90,0.03169629227848589,0
CAND_0003167,0.001128298957640275,0.2,8.9,4.67,26.5,-1.0,1,90,0.12169427811044578,1
CAND_0004467,0.0011273957158962795,0.0,3.3,3.25,39.0,60.0,3,90,0.01667531003382186,0
CAND_0002723,0.0011265560238274837,0.2,8.0,2.67,23.5,-1.0,3,30,0.16265767650037716,1
CAND_0000844,0.0011259109208581765,0.2,7.4,0.0,44.0,32.5,3,90,0.09014412933802171,1
CAND_0000088,0.0011251884827703992,0.0,7.6,4.67,30.0,-1.0,3,30,0.09862895813817837,1
CAND_0001214,0.001124639338783848,0.0,2.0,2.0,24.0,-1.0,3,120,-0.057382573885539204,0
CAND_0002114,0.0011245389956636165,0.0,5.9,3.42,23.0,1.9,3,60,0.08451531890893595,1
CAND_0004033,0.001123037854619951,0.4,8.7,0.0,25.5,-1.0,2,120,0.12958379494701897,1
CAND_0001370,0.0011200546927524339,0.0,2.2,2.17,26.0,-1.0,3,60,0.04452114854780111,0
CAND_0000655,0.001119795401309814,0.2,3.8,0.0,45.0,8.6,2,60,0.13011570342750609,1
CAND_0000700,0.0011197740352064996,0.0,10.5,10.42,31.25,-1.0,3,120,0.022515254739336493,0
CAND_0003981,0.0011193202924642137,0.0,1.9,0.0,22.0,-1.0,3,90,-0.05849427385825152,0
CAND_0001739,0.0011191991823157282,0.2,6.5,0.0,25.33,-1.0,2,60,0.14750318282863029,1
CAND_0000145,0.0011169464236692479,0.2,3.4,1.25,20.0,-1.0,3,90,0.016455874897054204,0
CAND_0002780,0.0011165099917636394,0.0,8.4,6.67,19.8,-1.0,3,90,0.006446709827036434,0
CAND_0003303,0.001116469210163776,0.0,10.5,7.17,31.0,-1.0,3,60,0.1224458534134393,1
CAND_0004342,0.001115288017874183,0.2,1.6,1.58,19.0,-1.0,3,60,0.09842104837535784,1
CAND_0004927,0.0011149167578854442,0.4,7.9,0.0,31.33,1.0,3,120,0.1234132519155943,1
CAND_0001857,0.001114805703802535,0.0,4.7,0.0,28.0,-1.0,3,90,-0.030589080220146767,0
CAND_0003270,0.001113748681028033,0.2,1.7,1.67,20.0,36.5,3,120,0.03688872230158868,0
CAND_0001847,0.0011122853140128146,0.0,6.6,0.0,19.25,49.4,2,150,0.0387579915942691,0
CAND_0001103,0.0011121610795886408,0.0,6.4,1.25,25.0,-1.0,3,30,0.08635538267136145,1
CAND_0001442,0.0011118940941250367,0.0,7.9,3.58,31.33,-1.0,3,60,0.10134977597662577,1
CAND_0001266,0.0011115240145546956,0.0,2.0,0.0,24.0,37.3,3,150,-0.0193579956943514,0
CAND_0004997,0.0011111111111111111,0.0,3.8,0.67,15.0,-1.0,3,90,-0.039666666666666676,0
CAND_0001081,0.001110708189021442,0.2,5.2,5.08,30.5,-1.0,2,90,0.03432487196945028,0
CAND_0004460,0.0011099662795054327,0.2,6.4,4.5,25.0,6.0,3,120,0.053309291869614084,0
CAND_0000598,0.0011098017943873956,0.2,2.9,2.08,17.0,40.6,3,90,0.052905837682135304,0
CAND_0000590,0.0011094136808015764,0.0,2.7,0.0,32.0,41.3,3,60,0.09159768729683311,1
CAND_0002157,0.0011089367253750814,0.2,7.3,1.67,28.67,-1.0,3,90,0.0552876712328767,0
CAND_0004829,0.0011087694887771833,0.0,8.0,7.92,31.67,-1.0,2,90,0.002284159264320851,0
CAND_0002111,0.001108467058392241,0.0,10.7,6.67,32.0,-1.0,3,90,0.022277808226237067,0
CAND_0000280,0.0011072983081363513,0.2,8.2,8.08,32.33,-1.0,3,90,0.06425326447086335,0
CAND_0001863,0.0011062927945595996,0.4,2.7,2.67,32.0,-1.0,2,60,0.16923214868575157,2
CAND_0002271,0.001105973602687391,0.2,1.8,1.25,10.5,-1.0,3,150,0.00022544565643520253,0
CAND_0004180,0.0011058400256493451,0.4,1.9,1.83,22.0,-1.0,3,150,0.06122264053863624,0
CAND_0002367,0.0011056544388973301,0.2,7.2,1.17,16.8,-1.0,3,90,0.05421874321684392,0
CAND_0003658,0.0011051073458596158,0.0,3.4,3.33,40.0,-1.0,3,150,-0.04379274573694807,0
CAND_0002087,0.0011049723756906078,0.2,5.3,1.25,31.5,63.4,3,150,0.09960441988950278,1
CAND_0004146,0.001104145589439707,0.0,3.2,2.67,19.0,54.6,2,90,0.009787057378233849,0
CAND_0002073,0.0011031954080820382,0.2,1.5,1.5,18.0,39.7,3,30,0.13786710356972282,1
CAND_0004185,0.001102580732741067,0.0,9.5,5.67,28.0,-1.0,3,120,0.017154195387562396,0
CAND_0001091,0.001102003085258704,0.2,6.4,3.58,25.33,-1.0,3,90,0.046142064790432785,0
CAND_0004495,0.0011014038231780166,0.2,4.4,4.33,26.0,39.3,3,150,0.06642948028673834,0
CAND_0004452,0.0010981962467080646,0.2,13.6,6.83,19.88,-1.0,3,30,0.18206212118086934,2
CAND_0003122,0.0010980476099407377,0.2,7.2,4.83,28.33,-1.0,3,120,0.054058999808755476,0
CAND_0000818,0.0010979352515081637,0.0,10.1,3.83,29.75,41.8,3,90,0.06485664028167146,0
CAND_0002624,0.0010967688164481464,0.0,2.9,0.0,34.0,59.0,3,90,0.011032145145411065,0
CAND_0001793,0.0010966836793607538,0.0,8.4,0.0,33.0,-1.0,3,90,0.006030357266575831,0
CAND_0000125,0.0010964843485075414,0.0,6.5,6.42,25.67,-1.0,3,150,-0.012973828681341643,0
CAND_0002079,0.0010963255966997235,0.6,1.2,1.17,14.0,-1.0,3,120,0.1140228375306942,1
CAND_0002057,0.0010957183498302547,0.2,3.0,3.0,36.0,-1.0,2,60,0.11201008534643535,1
CAND_0004736,0.0010956648161133233,0.2,11.9,4.5,28.2,-1.0,3,60,0.18200896113837978,2
CAND_0002990,0.001095303268667839,0.2,7.3,0.0,29.0,-1.0,2,150,0.05500136864202462,0
CAND_0004251,0.0010951118640168567,0.4,2.2,2.17,26.0,-1.0,3,30,0.16399734914435396,2
CAND_0004789,0.0010944843524569496,0.4,13.6,11.0,26.67,20.7,3,120,0.16368417140159594,2
CAND_0001386,0.0010943409354080421,0.4,9.0,0.0,26.75,57.3,3,150,0.19028115964356887,2
CAND_0001431,0.001094006769183889,0.0,4.4,0.0,26.0,64.7,3,150,0.031674142152861656,0
CAND_0004704,0.001093561626209344,0.2,5.5,4.25,16.25,-1.0,3,60,0.13696479415039622,1
CAND_0001741,0.0010929211633436985,0.2,8.7,2.83,25.5,30.0,3,60,0.19995134443021764,2
CAND_0002639,0.0010916021682533012,0.0,12.3,4.0,29.0,-1.0,2,120,0.021923645533319325,0
CAND_0003181,0.0010912613728830767,0.2,7.5,7.42,29.67,20.4,3,90,0.0783164888305446,0
CAND_0003885,0.001090118306616331,0.0,12.4,6.25,29.2,-1.0,3,60,0.12189248443894296,1
CAND_0004359,0.0010897275073183848,0.4,8.4,6.33,20.0,-1.0,3,60,0.22588427765368607,2
CAND_0004830,0.0010893246187363835,0.2,6.1,2.0,36.5,7.8,3,30,0.15167581699346405,1
CAND_0003080,0.0010888673024696523,0.4,8.1,0.0,31.67,-1.0,3,120,0.12286621335186268,1
CAND_0002197,0.0010883900272389481,0.0,8.3,0.58,24.5,-1.0,2,120,0.004856190572017902,0
CAND_0000923,0.0010877796868799974,0.0,2.1,0.0,12.5,-1.0,3,120,-0.057156626575520064,0
CAND_0003639,0.0010874340696371844,0.4,9.1,5.5,27.0,-1.0,2,30,0.23283611546238087,2
CAND_0004974,0.001087262043938062,0.2,2.8,2.67,16.0,-1.0,3,30,0.10983250292269929,1
CAND_0004841,0.0010871546348177974,0.2,12.5,8.25,37.0,-1.0,2,90,0.08183024733117375,0
CAND_0004314,0.0010871048274387028,0.0,12.8,9.33,38.0,26.7,3,150,0.04952920137621278,0
CAND_0004239,0.001086540371324706,0.2,3.2,0.0,38.0,-1.0,3,90,0.013817347797818819,0
CAND_0000114,0.0010860790869457633,0.0,14.3,3.25,24.14,-1.0,3,60,0.12180766082586103,1
CAND_0002786,0.0010854792379575424,0.0,6.3,4.17,37.5,-1.0,3,30,0.08479506399710839,1
CAND_0000716,0.001084665815358706,0.2,5.3,5.25,31.5,-1.0,3,60,0.1347779821225328,1
CAND_0003919,0.0010844880808300583,0.2,6.9,4.33,41.0,57.4,3,90,0.10917424969743122,1
CAND_0002315,0.0010824351211691787,0.0,8.6,0.0,25.25,-1.0,3,90,0.007731137544552735,0
CAND_0003075,0.0010813762552842423,0.2,14.3,7.17,42.25,-1.0,2,90,0.08170890136096909,0
CAND_0001558,0.0010799801083814357,0.4,6.6,0.83,26.0,48.1,1,150,0.20677958227601015,2
CAND_0001334,0.0010799136069114472,0.0,1.2,0.0,14.0,-1.0,2,120,-0.06632181425485961,0
CAND_0001213,0.0010789574983583543,0.4,9.4,0.0,28.0,12.9,3,150,0.14955810746552542,1
CAND_0002767,0.0010787839163125205,0.0,1.1,1.08,13.0,-1.0,3,90,-0.06734553775743707,0
CAND_0004821,0.0010786498793766335,0.0,12.5,6.83,37.25,-1.0,3,60,0.1216516474669093,1
CAND_0002088,0.001078291399904217,0.0,2.4,2.33,28.0,-1.0,2,90,-0.05435588060201145,0
CAND_0001684,0.001077980356630546,0.2,1.1,0.0,13.0,24.8,3,90,0.018437587489241458,0
CAND_0002502,0.0010773623578754477,0.0,11.6,3.0,34.5,-1.0,3,90,0.021624609515384405,0
CAND_0002151,0.0010770411825769038,0.2,12.8,7.67,30.4,13.4,3,90,0.09601786483411498,1
CAND_0000575,0.001075827232285181,0.0,3.7,0.0,44.0,-1.0,3,60,0.058592371877988804,0
CAND_0004697,0.0010755489655853371,0.2,14.9,13.08,35.4,-1.0,3,120,0.08158652827729207,0
CAND_0004436,0.0010751097748960608,0.0,9.9,4.33,29.5,-1.0,3,120,0.020577305272817273,0
CAND_0003090,0.0010750528510617462,0.0,7.1,0.0,28.0,-1.0,1,30,0.14257610987229669,1
CAND_0003906,0.0010748798624995615,0.4,14.4,6.5,34.2,-1.0,2,150,0.14157247711249077,1
CAND_0001964,0.0010745339473406446,0.0,2.6,2.58,15.5,-1.0,3,90,-0.05243478710584647,0
CAND_0002760,0.001074416941553683,0.2,5.3,1.75,31.5,38.9,3,60,0.17446275577262732,2
CAND_0001308,0.001073942991970164,0.0,3.6,3.58,43.0,25.9,2,60,0.08445280283137345,1
CAND_0001197,0.0010736947714584941,0.4,8.1,0.0,31.67,-1.0,2,90,0.12254759020062836,1
CAND_0001322,0.0010717467623925908,0.0,6.7,2.17,40.0,-1.0,3,150,-0.0114933179897556,0
CAND_0003800,0.001071724278904401,0.0,5.1,2.58,30.5,-1.0,3,60,0.07250620985699241,0
CAND_0001744,0.0010711925162979151,0.2,7.6,3.92,30.0,-1.0,3,120,0.057495042842256205,0
CAND_0002808,0.0010709196987473727,0.0,5.5,5.42,32.5,-1.0,3,90,-0.02351068632630518,0
CAND_0003750,0.0010707288756666546,0.0,9.7,0.0,38.33,29.3,3,120,0.04878530638899972,0
CAND_0001268,0.0010706582751465077,0.0,9.6,4.25,28.5,-1.0,3,120,0.017483823778076654,0
CAND_0000362,0.0010701221718046544,0.0,5.4,3.25,32.0,-1.0,3,150,-0.024527434392102254,0
CAND_0001296,0.00106986201611435,0.0,7.4,5.0,29.0,23.6,3,120,0.020067102338401366,0
CAND_0000766,0.0010694835606676186,0.2,2.7,0.0,15.5,31.4,3,90,0.040859154774019996,0
CAND_0001300,0.001069412650883247,0.0,1.6,1.58,19.0,-1.0,3,30,0.03745766566854818,0
CAND_0001660,0.0010689320883718557,0.0,1.6,0.0,19.0,36.4,3,90,-0.02515242614419104,0
CAND_0000206,0.0010685073685959838,0.2,9.2,1.17,21.6,-1.0,3,120,0.07343865474051564,0
CAND_0002268,0.0010678382134971251,0.2,9.9,8.42,29.25,-1.0,3,120,0.0804246024834396,0
CAND_0000283,0.001067316939921808,0.0,3.5,3.5,42.0,-1.0,1,150,0.006413655738357962,0
CAND_0002540,0.0010669378687909099,0.0,4.8,4.75,28.5,-1.0,3,90,-0.030594304755390905,0
CAND_0002947,0.0010666103381990898,0.0,4.8,1.17,19.0,-1.0,3,150,-0.03060118289781913,0
CAND_0004311,0.0010663879976192268,0.2,3.1,3.08,37.0,-1.0,3,150,0.01239414795000375,0
CAND_0002415,0.001065607714378679,0.2,7.9,7.83,47.0,17.6,3,60,0.17897776200195226,2
CAND_0003883,0.0010650887573964497,0.0,2.3,2.25,27.0,27.3,2,90,-0.027333136094674554,0
CAND_0002016,0.0010649677682937596,0.0,5.8,1.08,23.0,9.0,3,90,-0.01063567686583107,0
CAND_0000011,0.0010648857000427289,0.2,2.0,1.92,11.5,32.3,2,90,0.03466259970089727,0
CAND_0003768,0.0010647699908145278,0.0,1.7,0.0,20.0,-1.0,2,30,0.038360169807105084,0
CAND_0004418,0.0010646820239322368,0.0,5.5,1.5,21.67,-1.0,3,90,-0.023641677497423033,0
CAND_0002524,0.0010631719994880738,0.4,8.1,0.0,24.0,-1.0,3,90,0.12232661198924952,1
CAND_0002716,0.0010626928415858165,0.2,14.3,10.5,24.0,8.5,3,30,0.19081654967330217,2
CAND_0003093,0.0010621014815036722,0.0,11.1,6.17,21.67,-1.0,3,60,0.12130413111157712,1
CAND_0000476,0.0010612508447312757,0.2,2.9,0.0,34.0,30.0,1,30,0.1912862677393568,2
CAND_0003619,0.0010612407088671431,0.0,5.8,5.67,34.0,-1.0,2,90,-0.020713945113790003,0
CAND_0002849,0.0010611237661351557,0.2,11.2,5.92,18.57,20.1,3,90,0.10238359908883829,1
CAND_0004604,0.0010610371162890601,0.0,9.3,4.17,36.67,-1.0,3,120,0.014281779442070264,0
CAND_0004818,0.0010609611227596414,0.0,1.9,0.0,22.0,-1.0,2,90,-0.05971981642204754,0
CAND_0003413,0.0010606367302874581,0.4,3.4,2.58,20.0,-1.0,3,120,0.07527337133603662,0
CAND_0002099,0.0010606181508671134,0.2,2.6,2.58,31.0,-1.0,3,60,0.10727298116820938,1
CAND_0000187,0.0010604027434478517,0.2,6.6,1.83,25.67,8.3,3,90,0.056568457612404865,0
CAND_0000849,0.0010602002487372286,0.0,2.7,0.0,32.0,-1.0,3,30,0.0482642052234818,0
CAND_0000470,0.0010597869908780492,0.0,14.2,10.92,23.86,-1.0,3,60,0.12125552680843904,1
CAND_0004230,0.001059717723714559,0.0,11.8,5.17,35.0,-1.0,3,60,0.12125407219800574,1
CAND_0000420,0.001059525632003952,0.2,14.5,2.33,34.4,-1.0,3,90,0.08125003827208299,0
CAND_0003274,0.0010593514685042652,0.0,7.6,4.0,30.0,47.3,3,90,0.045546380838589556,0
CAND_0001292,0.0010589578242189948,0.2,2.5,0.0,14.5,-1.0,3,150,0.0062381143085988855,0
CAND_0000561,0.001058921381258556,0.0,3.2,3.17,38.0,46.3,3,120,0.0005373490064296688,0
CAND_0004557,0.0010587301040012828,0.0,5.1,5.08,30.5,8.6,3,60,0.08183333218402693,0
CAND_0004823,0.0010578457379637148,0.2,7.5,0.67,22.25,39.3,3,60,0.19651476049723798,2
CAND_0002261,0.0010577824521286984,0.0,10.3,10.17,24.4,3.5,3,30,0.12571343149470265,1
CAND_0003153,0.001057503171130761,0.2,3.1,0.0,37.0,37.0,3,90,0.05020756659374598,0
CAND_0003826,0.0010573618821041503,0.2,10.4,6.33,41.33,-1.0,2,60,0.18120459952418716,2
CAND_0001696,0.0010572591972938404,0.4,5.7,2.58,34.0,3.2,3,120,0.10240244314317065,1
CAND_0003936,0.001056433639598214,0.4,8.6,6.42,34.0,-1.0,3,60,0.22718510643156248,2
CAND_0002064,0.0010562200139643404,0.0,13.1,12.92,38.75,-1.0,2,60,0.12118062029325115,1
CAND_0000004,0.0010558616571812954,0.2,3.8,2.5,14.67,-1.0,3,120,0.0191730948008072,0
CAND_0004783,0.0010558015867128123,0.2,4.2,4.17,25.0,30.7,1,30,0.2048718333209691,2
CAND_0000501,0.0010556705286771935,0.0,6.0,0.0,23.67,-1.0,3,90,-0.01883091889777895,0
CAND_0004358,0.001055333517562999,0.0,2.4,0.0,28.0,-1.0,3,60,0.04516200386882298,0
CAND_0003822,0.0010552005027191624,0.4,8.3,0.0,32.67,-1.0,3,60,0.22415921055710242,2
CAND_0004284,0.001055068218328499,0.2,8.4,1.5,25.0,40.0,2,150,0.10615643258489849,1
CAND_0002316,0.001054314668426036,0.4,14.6,5.92,28.83,-1.0,2,30,0.24114060803694676,2
CAND_0000493,0.0010541356088007835,0.0,5.5,5.42,21.67,-1.0,3,150,-0.023863152215183564,0
CAND_0004199,0.001052823031815866,0.4,1.8,1.75,21.0,-1.0,3,120,0.0591092836681332,0
CAND_0002702,0.0010521359491095902,0.2,9.8,3.17,23.2,-1.0,3,150,0.07909485493130139,0
CAND_0000127,0.0010505729231269326,0.6,6.7,2.83,26.33,-1.0,3,60,0.2680620313856656,3
CAND_0000414,0.0010501306638867865,0.2,13.7,9.58,32.6,20.3,3,90,0.10235274394162253,1
CAND_0001489,0.0010500345316418888,0.0,11.3,5.58,22.33,-1.0,3,150,0.02105072516447966,0
CAND_0004439,0.001049683352574624,0.0,12.6,7.25,37.25,-1.0,3,90,0.0210433504040671,0
CAND_0000270,0.0010495936512932343,0.2,14.4,9.33,34.0,5.9,2,60,0.18794146667715791,2
CAND_0004699,0.0010495088155674757,0.0,1.8,0.0,21.0,-1.0,3,30,0.039039685126916995,0
CAND_0002175,0.0010477132240886285,0.2,2.5,1.33,14.5,-1.0,3,60,0.1060019777058612,1
CAND_0002019,0.0010475382543285836,0.0,5.8,4.0,17.0,31.1,2,120,0.011098303340900242,0
CAND_0001244,0.0010469025305098853,0.0,3.4,3.33,20.0,-1.0,1,60,0.10498495314070759,1
CAND_0004879,0.0010466358940491441,0.0,13.7,8.42,32.4,6.8,3,120,0.02877935377503202,0
CAND_0004506,0.0010460059139668905,0.2,3.0,0.0,17.5,34.1,3,90,0.04606612419330469,0
CAND_0002067,0.0010459748791427042,0.0,5.5,5.42,32.5,54.4,3,60,0.13136547246199679,1
CAND_0001075,0.0010456214550174103,0.0,6.6,2.92,19.25,15.3,3,120,0.003258050555365627,0
CAND_0000592,0.001045171997070152,0.0,9.7,2.17,28.75,11.5,1,120,0.08044861193847316,0
CAND_0000092,0.0010450113828219516,0.0,4.8,4.75,28.5,-1.0,3,90,-0.03105476096073903,0
CAND_0001354,0.0010449423480083857,0.0,4.5,3.17,17.67,-1.0,2,120,-0.03405621069182391,0
CAND_0004781,0.0010448313768375967,0.2,2.6,0.0,31.0,14.3,3,90,0.02224145891358953,0
CAND_0004767,0.0010443812370516386,0.2,6.0,4.0,23.33,-1.0,3,60,0.14093200597808442,1
CAND_0000029,0.0010438862072902496,0.2,7.2,5.92,28.33,42.5,3,60,0.19642161035309527,2
CAND_0003282,0.001043102008576556,0.0,9.5,9.42,37.67,20.3,2,150,0.037205142180107675,0
CAND_0002773,0.0010425687092762296,0.2,5.6,5.5,33.0,35.1,1,90,0.12299394289480078,1
CAND_0002287,0.0010416666666666667,0.0,5.7,4.83,22.33,-1.0,3,150,-0.022125000000000006,0
CAND_0003238,0.0010413533834586466,0.0,4.8,4.75,28.5,-1.0,2,90,-0.031131578947368427,0
CAND_0001336,0.0010413105664123304,0.0,1.4,0.0,16.0,-1.0,3,90,-0.06513247810534106,0
CAND_0004264,0.0010408560845252513,0.0,9.5,4.0,28.0,8.5,3,60,0.12535797777503027,1
CAND_0004678,0.0010406456771921444,0.2,9.6,3.17,38.0,-1.0,2,30,0.17685355922103502,2
CAND_0001346,0.0010393190283907723,0.2,2.7,1.75,15.5,-1.0,3,150,0.007825699596206215,0
CAND_0002816,0.0010391607835404087,0.2,4.6,0.67,18.0,48.0,3,60,0.17582237645434856,2
CAND_0003127,0.0010390254746493893,0.0,14.0,13.92,33.4,9.1,3,60,0.13091953496763717,1
CAND_0004224,0.00103874765427112,0.0,2.7,0.0,16.0,-1.0,3,90,-0.05218629926030649,0
CAND_0004916,0.0010379969473763347,0.6,6.2,3.25,24.33,-1.0,3,30,0.262797935894903,3
CAND_0004269,0.001037538286899764,0.2,6.9,5.42,27.0,-1.0,3,90,0.049788304024895036,0
CAND_0004356,0.0010371887440054216,0.2,8.6,0.0,34.0,63.0,2,30,0.23078096362411385,2
CAND_0004138,0.0010364813617106095,0.0,6.3,6.25,37.5,-1.0,3,90,-0.016233891404077216,0
CAND_0002097,0.0010359552209404732,0.2,9.6,3.25,38.0,11.0,3,150,0.08875505963974994,1
CAND_0004785,0.0010355398938977022,0.2,2.3,0.0,27.0,-1.0,2,150,0.0037463377718517377,0
CAND_0000679,0.0010354694502581537,0.2,4.0,2.08,23.5,51.7,3,90,0.0734448584554212,0
CAND_0003428,0.0010352831124599167,0.2,8.3,4.5,33.0,-1.0,3,150,0.06374094536165822,0
CAND_0000878,0.0010351966873706005,0.0,6.9,6.83,41.0,58.4,3,90,0.0491391304347826,0
CAND_0004279,0.0010349922233997442,0.2,6.9,0.0,27.0,-1.0,3,60,0.14973483669139465,1
CAND_0003214,0.0010348029140945657,0.0,6.8,0.0,40.5,-1.0,2,90,-0.011269138804014117,0
CAND_0004949,0.0010347724630357707,0.0,5.6,5.5,33.0,-1.0,3,120,-0.02326977827624882,0
CAND_0000972,0.0010342833463864477,0.0,13.5,10.08,31.8,-1.0,3,90,0.020719950274115398,0
CAND_0002925,0.001033420862642874,0.2,4.3,4.25,25.5,-1.0,3,30,0.12370183811550035,1
CAND_0004072,0.001032430198869719,0.0,7.2,5.75,28.33,14.4,3,120,0.008081034176264101,0
CAND_0004407,0.0010323280501403696,0.4,3.2,0.0,19.0,43.9,3,60,0.21757888905294775,2
CAND_0001164,0.0010322749939953254,0.4,4.9,1.67,19.33,43.7,2,150,0.13437777487390182,1
CAND_0000318,0.0010322474090590033,0.2,12.1,9.75,35.75,-1.0,3,120,0.08067719559023906,0
CAND_0002646,0.0010319917440660474,0.2,9.9,1.67,23.4,52.9,2,120,0.133571826625387,1
CAND_0001210,0.0010302823766236853,0.2,8.3,3.75,24.5,37.3,2,60,0.2019359299090974,2
CAND_0000741,0.0010296026357827478,0.0,3.3,0.0,19.5,-1.0,2,60,0.0536216553514377,0
CAND_0001902,0.0010292046898020143,0.0,6.0,0.0,35.5,-1.0,3,60,0.0806132984858423,0
CAND_0001823,0.0010291617020845474,0.2,9.1,3.83,35.67,-1.0,3,90,0.07161239574377548,0
CAND_0000041,0.0010291231856658285,0.4,13.7,11.75,32.4,-1.0,3,90,0.1406115868989824,1
CAND_0001051,0.0010290658131585579,0.0,2.4,0.0,28.0,8.9,2,120,-0.04548961792367029,0
CAND_0004521,0.0010289148675796799,0.0,10.4,10.17,24.4,-1.0,2,150,0.020607212219173277,0
CAND_0000848,0.0010286007589693081,0.0,9.3,9.17,36.67,-1.0,2,90,0.013600615938355473,0
CAND_0000745,0.0010267939735679984,0.2,7.4,4.33,29.0,53.5,3,90,0.10906267344492795,1
CAND_0003711,0.0010261419794049451,0.0,6.3,2.25,24.67,-1.0,2,150,-0.01645101843249616,0
CAND_0000360,0.0010258247576334376,0.0,8.6,6.25,25.25,-1.0,3,90,0.006542319910302172,0
CAND_0000596,0.0010257474803843129,0.6,4.8,3.5,18.67,-1.0,3,90,0.14854069708807058,1
CAND_0004497,0.0010251881749248019,0.2,10.0,6.92,29.75,-1.0,2,30,0.18052895167342084,2
CAND_0003477,0.0010245901639344263,0.2,2.3,0.0,27.0,32.1,3,90,0.036616393442622935,0
CAND_0004609,0.0010240477271633434,0.0,4.9,4.83,29.0,38.0,2,150,0.008505002270430218,0
CAND_0004249,0.0010224837125144964,0.0,1.7,0.0,20.0,42.1,3,150,-0.01942784203719558,0
CAND_0002083,0.0010220967130415619,0.2,9.3,2.5,27.75,24.2,3,120,0.0986640309738728,1
CAND_0004539,0.0010216048511474771,0.0,12.9,12.83,38.5,-1.0,3,150,0.020453701874097008,0
CAND_0002439,0.0010215365196023186,0.0,6.0,0.0,23.33,24.3,2,120,0.005752266911648679,0
CAND_0001854,0.001021417996123599,0.4,3.2,3.17,19.0,-1.0,3,30,0.1724497779185956,2
CAND_0002884,0.0010213724770036438,0.0,6.4,6.33,25.33,14.7,3,60,0.10014882201707652,1
CAND_0000986,0.00102050363752604,0.0,12.4,8.83,24.33,-1.0,2,60,0.12043057638804684,1
CAND_0004212,0.001020235181758491,0.4,10.6,10.58,42.33,-1.0,3,30,0.2404249388169283,2
CAND_0000667,0.001020075146379518,0.0,7.9,5.67,31.0,-1.0,2,30,0.09942157807396987,1
CAND_0001970,0.0010200146362354936,0.2,5.0,5.0,30.0,-1.0,3,60,0.13042030736094534,1
CAND_0003586,0.0010195549409919148,0.4,10.5,10.42,31.25,-1.0,3,60,0.2404106537608302,2
CAND_0000715,0.0010193203447892308,0.0,9.7,1.17,22.6,-1.0,3,90,0.01740572724057382,0
CAND_0001910,0.0010186917243079421,0.4,7.4,3.58,17.4,-1.0,3,60,0.21439252621046678,2
CAND_0004373,0.0010180824446710387,0.2,9.5,9.25,22.2,-1.0,3,120,0.07537973133809181,0
CAND_0004079,0.0010162601626016261,0.0,6.3,2.75,37.5,-1.0,3,60,0.08334146341463415,1
CAND_0004411,0.0010158129437305638,0.2,11.9,4.83,35.25,-1.0,3,90,0.08033207181834184,0
CAND_0003328,0.001015625,0.0,13.6,12.58,26.67,35.3,3,90,0.056628125,0
CAND_0002857,0.001014866447542408,0.2,5.8,2.33,34.0,55.1,3,150,0.09441219539839057,1
CAND_0000072,0.0010148247120951835,0.4,7.0,0.0,20.5,19.8,2,30,0.23111131895399886,2
CAND_0000271,0.001014810171450131,0.0,7.7,7.58,22.75,-1.0,3,60,0.09731101360045274,1
CAND_0002677,0.0010135169469993395,0.0,9.3,5.5,36.67,20.8,3,90,0.03508385588698615,0
CAND_0002475,0.0010128132775497234,0.0,4.2,1.58,25.0,-1.0,3,60,0.06226907882854418,0
CAND_0000224,0.0010127137979644885,0.0,4.1,1.75,24.0,-1.0,1,60,0.11126698975725426,1
CAND_0004688,0.0010125887565688532,0.2,10.9,10.17,25.6,-1.0,3,90,0.08026436388794592,0
CAND_0003046,0.001012587788177432,0.0,7.1,4.33,20.75,-1.0,3,90,-0.00873565644827394,0
CAND_0001439,0.0010123992774733587,0.0,1.5,1.5,18.0,-1.0,2,60,0.03526038482694053,0
CAND_0000267,0.0010123623352779982,0.0,3.3,0.58,19.5,22.8,2,60,0.07705960904083796,0
CAND_0001309,0.0010119944005827994,0.4,13.6,12.42,32.4,-1.0,2,90,0.1402518824122388,1
CAND_0000876,0.001011777156521398,0.2,7.2,2.58,21.5,-1.0,3,90,0.05224732028694937,0
CAND_0003697,0.001011755917752068,0.0,12.6,5.0,21.29,-1.0,3,120,0.020246874272793425,0
CAND_0002472,0.0010116226086601696,0.0,13.0,2.33,30.8,8.0,2,90,0.029244074781863555,0
CAND_0003168,0.001011456814345966,0.0,4.7,4.67,28.0,17.8,3,150,-0.013959406898734705,0
CAND_0002142,0.0010088869237044832,0.0,14.3,7.75,28.17,-1.0,3,60,0.12018662539779415,1
CAND_0000669,0.0010085675872959121,0.2,13.4,11.33,31.6,-1.0,3,120,0.08017991933321414,0
CAND_0003026,0.001007818146553936,0.2,1.8,1.75,21.0,-1.0,1,90,0.04816418107763265,0
CAND_0002381,0.0010070445222071594,0.0,5.5,3.17,21.67,15.3,3,150,-0.008552065033649664,0
CAND_0003816,0.0010069732330674622,0.4,8.1,1.0,24.0,-1.0,2,90,0.12114643789441668,1
CAND_0001626,0.0010069706154347815,0.0,2.9,0.0,17.0,44.2,2,120,-0.005653617075869588,0
CAND_0004329,0.0010067703861962522,0.0,7.2,7.17,21.5,-1.0,3,90,-0.0078578218898787,0
CAND_0002023,0.001006498801800993,0.0,7.9,4.83,23.25,-1.0,1,60,0.14913647483782083,1
CAND_0003308,0.0010063047145111256,0.4,1.3,1.25,15.0,18.4,2,90,0.07253239900473363,0
CAND_0001934,0.0010062755451394527,0.0,6.1,6.0,24.0,-1.0,1,120,0.031131786447928494,0
CAND_0004065,0.0010059817525540813,0.0,8.6,0.0,34.0,65.0,3,90,0.07212561680363569,0
CAND_0001915,0.0010059801566637012,0.4,6.7,3.25,19.75,-1.0,3,90,0.10712558328993771,1
CAND_0001784,0.0010057502091960434,0.2,9.9,2.08,29.25,-1.0,3,150,0.07912075439311692,0
CAND_0000787,0.0010057100630709078,0.0,13.1,8.5,39.0,40.4,2,30,0.16151991132448906,1
CAND_0000473,0.0010057022661167075,0.0,6.5,4.75,25.67,-1.0,3,90,-0.014880252411549152,0
CAND_0001202,0.001005693545793118,0.2,1.7,1.67,20.0,-1.0,3,90,-0.0028804355383445363,0
CAND_0000450,0.0010053876763060437,0.4,3.5,3.5,42.0,-1.0,3,120,0.0751131412024269,0
CAND_0000251,0.0010052612140260416,0.2,11.4,6.25,27.0,-1.0,3,120,0.08011048549454688,0
CAND_0001254,0.0010044969318645713,0.0,1.9,1.83,22.0,36.7,2,30,0.076794435569156,0
CAND_0001654,0.001004360329540543,0.2,6.2,3.75,36.5,-1.0,3,120,0.0420915669203514,0
CAND_0003963,0.0010042582808396172,0.0,2.2,0.0,13.0,38.6,3,120,-0.01831057610236804,0
CAND_0000403,0.0010035668495379806,0.2,5.3,5.17,20.67,-1.0,1,90,0.08307490384029756,1
CAND_0001602,0.0010032436352565845,0.4,6.6,2.25,39.0,23.8,3,90,0.13086811634038828,1
CAND_0004396,0.0010032132542092701,0.2,11.4,4.92,33.75,-1.0,3,60,0.18006747833839468,2
CAND_0003927,0.0010027728299701335,0.4,9.6,0.0,38.33,-1.0,3,30,0.2360582294293728,2
CAND_0000535,0.0010027625933109975,0.2,5.4,5.33,32.0,-1.0,1,120,0.08405801445953096,1
CAND_0001883,0.0010023699009931802,0.2,9.8,1.08,23.2,-1.0,1,60,0.2280497679208568,2
CAND_0001047,0.0010022762071474076,0.2,8.7,0.0,52.0,-1.0,3,90,0.06704780035009553,0
CAND_0002145,0.0010021532440093058,0.4,2.9,0.0,17.0,28.4,2,120,0.0984452181241954,1
CAND_0003450,0.0010016624826407435,0.2,13.3,10.25,31.4,-1.0,3,150,0.0800349121354556,0
CAND_0000051,0.0010014521414309324,0.4,6.2,3.5,37.0,-1.0,3,90,0.10203049497004957,1
CAND_0003848,0.0010000145034735819,0.4,2.5,0.0,30.0,-1.0,3,90,0.0650003045729452,0
CAND_0001345,0.0009992497850752433,0.4,2.6,0.0,15.5,10.6,3,60,0.1775842454865801,2
CAND_0002835,0.0009990593115255036,0.0,13.6,7.08,40.5,-1.0,3,120,0.019980245542035577,0
CAND_0001797,0.0009990158754823505,0.2,4.4,0.0,52.0,-1.0,3,120,0.023979333385129364,0
CAND_0002116,0.000998003992015968,0.0,2.8,2.75,16.5,-1.0,1,90,-0.0020419161676646785,0
CAND_0002460,0.0009975565831150867,0.2,4.5,2.83,17.67,-1.0,2,30,0.12494868824541683,1
CAND_0001636,0.000996611733058825,0.0,9.2,9.0,36.0,-1.0,3,90,0.011928846394235318,0
CAND_0002694,0.0009963150427977842,0.2,13.1,13.0,39.0,-1.0,3,60,0.17992261589875347,2
CAND_0003040,0.0009954935913037842,0.0,8.6,4.17,34.0,-1.0,3,150,0.00590536541737946,0
CAND_0004324,0.0009947704537009378,0.0,10.1,8.33,29.75,-1.0,3,60,0.1198901795277197,1
CAND_0004712,0.000994689319232113,0.2,5.4,5.33,32.0,-1.0,2,30,0.13388847570387435,1
CAND_0000086,0.0009934712985009563,0.0,4.9,0.0,29.0,7.0,3,90,-0.023137102731479925,0
CAND_0001531,0.000993205646636647,0.2,6.3,2.0,25.0,35.4,3,60,0.1792573185793696,2
CAND_0000427,0.0009927619152450776,0.2,2.6,2.58,31.0,64.1,2,120,0.0709480002201466,0
CAND_0003705,0.0009919217472670937,0.4,2.6,1.33,15.0,-1.0,3,30,0.16583035669260895,2
CAND_0002282,0.0009914562784256585,0.0,8.2,8.08,32.33,47.9,3,90,0.05072058184693881,0
CAND_0000703,0.0009906712163830643,0.2,7.9,2.58,31.33,-1.0,2,60,0.15880409554404434,1
CAND_0004842,0.0009899553476435414,0.2,6.1,0.0,23.67,-1.0,3,60,0.14078906230051436,1
CAND_0004787,0.0009898974026968004,0.0,14.1,6.42,33.6,7.7,2,60,0.12848784545663283,1
CAND_0003821,0.0009895927065547074,0.2,7.3,3.83,43.0,-1.0,3,90,0.05278144683764882,0
CAND_0001670,0.0009894176312642434,0.2,9.6,5.58,37.67,-1.0,3,90,0.07577777025654911,0
CAND_0001861,0.0009889459963211005,0.2,13.9,7.75,33.0,31.1,3,90,0.11186786592274309,1
CAND_0001590,0.0009887616959628667,0.2,8.8,5.67,26.25,31.1,3,120,0.09986399561522022,1
CAND_0001536,0.0009881422924901185,0.0,9.3,6.92,27.25,-1.0,3,120,0.012750988142292502,0
CAND_0003987,0.0009881181336138085,0.2,6.6,6.5,39.0,-1.0,3,30,0.14575048080588998,1
CAND_0004603,0.000987476923220007,0.2,2.7,0.0,32.0,-1.0,3,90,0.006737015387620143,0
CAND_0000661,0.0009871923089331226,0.2,6.9,6.33,27.33,-1.0,3,30,0.14873103848759556,1
CAND_0000886,0.0009870078704085465,0.0,11.5,6.33,27.2,-1.0,2,60,0.11972716527857948,1
CAND_0004910,0.0009865851911544843,0.2,7.1,4.83,28.0,-1.0,3,120,0.05071828901424416,0
CAND_0003922,0.000985941461918266,0.0,8.1,0.0,32.0,29.8,3,120,0.03150477070028357,0
CAND_0003052,0.00098584337314265,0.2,3.2,0.0,19.0,-1.0,3,60,0.11170271083599564,1
CAND_0001190,0.0009855505571539844,0.2,12.1,12.0,36.0,9.4,2,30,0.19009656170023367,2
CAND_0000799,0.0009852216748768472,0.0,5.0,1.08,29.5,32.2,2,90,0.0028896551724137964,0
CAND_0004208,0.0009851895985336107,0.0,13.8,7.83,32.8,-1.0,2,90,0.019688981569205816,0
CAND_0000152,0.0009846359514237694,0.2,4.0,1.75,23.5,-1.0,3,150,0.019677354979899142,0
CAND_0002329,0.000984613038779089,0.4,3.3,1.25,19.0,44.6,3,120,0.11827687381436086,1
CAND_0002647,0.0009833560997932105,0.2,9.1,3.17,27.0,-1.0,2,90,0.07065047809565742,0
CAND_0002131,0.0009833171336438207,0.2,9.5,7.33,37.67,-1.0,3,90,0.07464965980652022,0
CAND_0003251,0.0009825767018054696,0.0,12.4,11.58,29.2,-1.0,3,30,0.11963411073791486,1
CAND_0002043,0.000982248738084774,0.2,2.5,0.0,14.5,-1.0,3,120,0.004627223499780259,0
CAND_0000079,0.0009817931786207685,0.0,13.2,13.08,26.17,-1.0,2,90,0.019617656751036133,0
CAND_0002636,0.0009811851392629045,0.2,7.9,0.0,31.33,-1.0,2,150,0.05860488792452098,0
CAND_0001572,0.0009806874293533225,0.4,9.0,3.25,35.67,-1.0,3,120,0.12959443601641976,1
CAND_0000358,0.0009806229283726433,0.2,2.8,2.75,16.5,30.2,3,60,0.1387930814958255,1
CAND_0002317,0.00098028729672292,0.6,6.2,3.0,24.67,32.8,3,90,0.19538603323118134,2
CAND_0002570,0.000980238666805831,0.4,7.2,6.0,28.33,-1.0,3,60,0.21158501200292246,2
CAND_0003372,0.000980170909309743,0.0,9.0,4.83,35.67,-1.0,3,120,0.009583589095504594,0
CAND_0003011,0.0009795456289815028,0.2,6.3,6.25,37.5,-1.0,2,90,0.04257045820861155,0
CAND_0003304,0.0009789682299023777,0.4,7.7,3.5,30.67,-1.0,2,150,0.11655833282794995,1
CAND_0002735,0.0009788305913955033,0.0,10.6,7.33,31.5,-1.0,3,60,0.11955544241930557,1
CAND_0002138,0.0009785094526772974,0.4,1.7,1.67,20.0,-1.0,3,30,0.15654869850622322,1
CAND_0002249,0.0009774907159578426,0.0,3.6,0.0,21.5,-1.0,3,90,-0.044472694964885304,0
CAND_0000497,0.0009774686079031757,0.0,1.6,1.58,19.0,-1.0,2,120,-0.06447315923403332,0
CAND_0000690,0.0009772505603697725,0.2,3.9,3.83,46.0,-1.0,3,120,0.018522261767765225,0
CAND_0000419,0.000977099180780728,0.2,7.4,7.25,21.75,-1.0,3,30,0.1535190827963953,1
CAND_0004726,0.0009770482681875088,0.4,9.0,0.0,26.5,-1.0,2,120,0.12951801363193766,1
CAND_0003944,0.00097689892331317,0.0,10.3,10.25,24.6,-1.0,3,30,0.11951487738957657,1
CAND_0000464,0.0009768296661961853,0.0,11.7,8.58,27.8,15.1,3,90,0.03561342299011988,0
CAND_0003338,0.0009768228333782306,0.0,8.2,3.67,32.67,-1.0,3,60,0.10151327950094283,1
CAND_0000974,0.0009768035460857884,0.2,11.2,5.33,33.0,17.9,3,150,0.09841287446780156,1
CAND_0004409,0.0009762562068933393,0.2,12.1,11.92,35.75,29.4,2,60,0.20990138034476014,2
CAND_0001606,0.0009757470209651661,0.4,4.3,0.0,17.0,56.4,2,120,0.13989068744026847,1
CAND_0003205,0.0009744824223660879,0.0,8.0,6.08,31.33,-1.0,2,150,-0.0005358691303121582,0
CAND_0001153,0.0009743906389866879,0.2,11.1,6.25,32.75,-1.0,1,60,0.22946220341872042,2
CAND_0003349,0.0009741358102285122,0.2,6.3,0.0,24.67,-1.0,2,90,0.042456852014798735,0
CAND_0001038,0.0009740391406113109,0.4,8.6,4.92,25.25,-1.0,3,90,0.12545482195283753,1
CAND_0002663,0.0009737731428336329,0.2,9.1,3.08,27.0,-1.0,3,120,0.07044923599950628,0
CAND_0002843,0.0009736792718915959,0.2,6.9,0.0,27.33,-1.0,3,90,0.04844726470972352,0
CAND_0002795,0.0009727626459143969,0.2,6.4,0.0,25.0,43.4,3,150,0.0878280155642023,1
CAND_0001548,0.0009725501770956316,0.4,2.7,0.0,16.0,35.5,3,120,0.10292355371900824,1
CAND_0000138,0.0009718545286820021,0.2,8.3,8.17,32.67,0.2,3,120,0.06360894510232207,0
CAND_0004209,0.0009718023947987586,0.0,11.9,11.83,35.5,-1.0,3,90,0.019407850290773923,0
CAND_0001704,0.000971487979305003,0.0,12.5,9.25,29.6,31.2,2,60,0.15160124756540508,1
CAND_0004408,0.0009708386331171372,0.2,10.1,3.75,30.0,11.3,3,90,0.09168761129545988,1
CAND_0004281,0.0009704371221575714,0.2,7.0,3.58,27.67,-1.0,3,90,0.04937917956530899,0
CAND_0004398,0.0009703295047602896,0.2,7.9,0.0,31.33,48.4,3,30,0.20777691959996608,2
CAND_0000156,0.0009701137621474657,0.0,5.5,5.42,21.67,-1.0,3,30,0.07437238900509678,0
CAND_0001195,0.0009699321047526673,0.2,1.7,1.08,10.0,-1.0,2,60,0.096368574199806,1
CAND_0002011,0.0009694976307103411,0.2,3.8,2.17,14.67,-1.0,3,60,0.11735945024491715,1
CAND_0004573,0.0009694330636728088,0.4,5.4,1.5,32.0,-1.0,2,60,0.19335809433712897,2
CAND_0002252,0.00096886607116956,0.0,1.3,1.25,15.0,-1.0,3,60,0.03234618749456076,0
CAND_0001413,0.0009677047302014627,0.4,8.2,4.33,32.33,-1.0,3,120,0.1213217993342307,1
CAND_0004030,0.0009669826928204661,0.0,8.4,0.0,24.75,22.6,3,120,0.026906636549229784,0
CAND_0003675,0.0009668862284867815,0.0,12.5,8.17,29.6,-1.0,3,60,0.11930461079822241,1
CAND_0000150,0.000966460874744855,0.2,5.4,5.33,32.0,-1.0,3,30,0.13329567836964196,1
CAND_0004308,0.0009660773652900791,0.4,2.3,0.0,13.0,-1.0,3,60,0.16228762467109165,1
CAND_0001719,0.0009658571231704122,0.0,14.4,8.5,24.43,41.8,3,90,0.062082999586578674,0
CAND_0000881,0.0009650508577921898,0.0,3.1,3.0,18.0,2.5,2,90,-0.04623393198636402,0
CAND_0000897,0.0009645797671475648,0.4,6.3,3.5,37.5,-1.0,3,90,0.10225617511009885,1
CAND_0002611,0.0009639410846920564,0.2,9.7,6.58,28.75,-1.0,3,30,0.17624276277853318,2
CAND_0004246,0.000963912962445252,0.0,2.9,0.0,34.0,25.1,3,90,-0.025657827788649723,0
CAND_0004403,0.000962841550069592,0.2,9.6,2.5,38.33,-1.0,2,60,0.17521967255146143,2
CAND_0000335,0.0009625802150179182,0.0,4.0,4.0,48.0,-1.0,3,150,-0.040785815484623726,0
CAND_0004299,0.0009624639076034649,0.2,9.9,1.08,23.4,-1.0,3,90,0.07821174205967277,0
CAND_0002968,0.0009622355802321847,0.0,5.8,3.42,22.67,3.9,3,150,-0.017893052815124127,0
CAND_0002668,0.0009617513077720691,0.0,6.9,6.75,27.0,47.0,3,30,0.13619677746321346,1
CAND_0000599,0.0009616527002652357,0.0,7.8,1.67,23.0,38.2,2,90,0.03639470670556996,0
CAND_0003925,0.000961602695816173,0.0,3.2,1.83,18.5,-1.0,3,120,-0.04880634338786037,0
CAND_0004116,0.0009605191198944082,0.0,8.7,0.0,25.5,-1.0,2,120,0.006170901517782559,0
CAND_0000784,0.0009600994582648504,0.4,3.8,1.0,14.67,48.6,2,120,0.12676208862356186,1
CAND_0004504,0.0009592879009813488,0.0,8.8,6.5,34.67,-1.0,2,60,0.10714504592060833,1
CAND_0004149,0.0009591025230689111,0.2,2.2,0.0,26.0,-1.0,3,90,0.0011411529844471274,0
CAND_0004912,0.0009587350568254538,0.6,4.6,3.0,27.5,0.4,2,30,0.2465334361933345,2
CAND_0004605,0.0009575991976658574,0.4,6.6,4.92,19.5,20.2,3,90,0.12630958315098298,1
CAND_0001615,0.0009575636645806249,0.0,7.9,4.33,47.0,-1.0,3,90,-0.001891163043806876,0
CAND_0000676,0.0009568331978942161,0.2,7.3,4.17,43.5,-1.0,2,60,0.15209349715577852,1
CAND_0002935,0.0009567512806685917,0.2,8.8,3.83,20.6,-1.0,1,150,0.1170917768940404,1
CAND_0003148,0.0009566090203165238,0.0,1.5,1.5,18.0,-1.0,2,150,-0.065911210573353,0
CAND_0004127,0.0009564460440074907,0.2,4.6,3.25,27.0,-1.0,2,90,0.025085366924157276,0
CAND_0004242,0.0009564400643794043,0.0,2.1,2.08,12.5,-1.0,3,30,0.04008524135196749,0
CAND_0003757,0.0009564191877705602,0.4,10.1,0.0,40.0,-1.0,3,90,0.13908480294318176,1
CAND_0002397,0.0009558596821300283,0.0,8.4,3.75,50.0,49.9,3,90,0.0539730533247306,0
CAND_0002458,0.0009556660832073737,0.4,8.4,1.25,24.75,63.1,3,150,0.18716898774735483,2
CAND_0000451,0.0009551013432801986,0.0,8.2,5.75,32.33,10.8,3,120,0.012857128208884155,0
CAND_0004996,0.0009550831043288793,0.2,2.3,0.0,27.0,-1.0,2,150,0.002056745190906456,0
CAND_0004515,0.0009546859589595287,0.0,8.3,3.0,24.5,-1.0,3,90,0.0020484051381501056,0
CAND_0004525,0.0009546460709911838,0.0,5.8,0.0,34.5,55.6,3,120,0.03364756749081485,0
CAND_0004456,0.0009541073784932839,0.0,2.6,0.0,31.0,-1.0,2,90,-0.05496374505164105,0
CAND_0000975,0.0009538079297895625,0.2,7.7,4.25,45.5,36.8,3,90,0.09382996652558082,1
CAND_0000246,0.0009538001458602977,0.0,4.6,4.5,27.0,-1.0,3,150,-0.03497019693693376,0
CAND_0003475,0.0009521022601777511,0.2,5.8,3.42,22.67,-1.0,2,90,0.03699414746373275,0
CAND_0002873,0.0009520961992002216,0.4,2.8,2.75,33.0,-1.0,3,150,0.06699402018320463,0
CAND_0004664,0.0009516566057530307,0.2,4.2,2.5,25.0,-1.0,1,60,0.17098478872081363,2
CAND_0001749,0.0009516093214340241,0.0,3.1,3.08,37.0,-1.0,3,90,-0.050016204249885496,0
CAND_0002822,0.0009514926240341366,0.4,2.3,2.17,13.0,-1.0,3,60,0.16198134510471685,1
CAND_0003744,0.0009513827299846812,0.0,4.3,4.25,25.5,-1.0,3,90,-0.038020962670321706,0
CAND_0003358,0.0009513372295484162,0.0,3.9,0.0,23.0,10.0,1,120,0.018978081820516732,0
CAND_0003890,0.0009513135598873901,0.0,10.3,1.17,30.5,4.4,2,90,0.0243775847576352,0
CAND_0004032,0.0009508324015077062,0.0,6.8,4.17,40.5,-1.0,2,30,0.08696748043166183,1
CAND_0003655,0.0009505874899078452,0.0,7.7,7.58,30.33,-1.0,3,60,0.09596233728806475,1
CAND_0003056,0.0009499174575216691,0.2,7.0,6.0,27.33,-1.0,2,150,0.048948266607955065,0
CAND_0001297,0.0009497307591279222,0.0,5.0,5.0,30.0,17.2,3,30,0.08714434594168635,1
CAND_0002678,0.0009496824433072157,0.0,7.0,2.08,27.67,-1.0,1,150,0.03894333130945152,0
CAND_0002637,0.0009494871930660735,0.2,4.4,4.33,26.0,13.2,2,90,0.03713923105438752,0
CAND_0004362,0.0009490178815508921,0.0,7.4,1.67,17.4,-1.0,3,90,-0.00707062448743126,0
CAND_0000071,0.0009489972911058123,0.2,1.8,0.0,21.0,53.3,3,120,0.05122894311322204,0
CAND_0004468,0.0009488057076383065,0.0,11.9,8.5,28.2,8.0,3,120,0.027924919860404435,0
CAND_0001149,0.0009487133173918944,0.4,3.1,0.0,37.0,-1.0,3,30,0.16992297966522976,2
CAND_0003803,0.0009483767367066975,0.2,9.2,6.25,36.33,-1.0,3,150,0.07091591147084064,0
CAND_0002427,0.0009482098576994641,0.0,8.6,7.17,34.0,-1.0,3,90,0.004912407011688727,0
CAND_0001222,0.0009477861510085806,0.0,1.3,1.25,15.0,4.4,3,60,0.037303509171180194,0
CAND_0000490,0.0009477301045901351,0.0,2.6,0.58,15.5,16.8,3,90,-0.03729766780360716,0
CAND_0003654,0.0009469053300373127,0.2,4.1,2.58,24.5,-1.0,2,60,0.11988501193078356,1
CAND_0001905,0.0009465052549453787,0.0,8.3,3.58,19.4,-1.0,3,60,0.10187661035385295,1
CAND_0001827,0.0009462557146480852,0.2,9.8,7.92,38.67,-1.0,2,120,0.07687137000760977,0
CAND_0000858,0.0009454587760331678,0.2,2.5,0.0,14.5,52.6,3,120,0.05745463429669653,0
CAND_0003380,0.0009453995867663189,0.2,10.2,10.08,40.33,-1.0,3,90,0.07885339132209271,0
CAND_0000213,0.0009450354411594722,0.0,3.0,0.0,17.5,-1.0,3,60,0.048845744264348914,0
CAND_0001456,0.0009449083477335925,0.2,2.9,0.0,34.0,-1.0,1,90,0.05784307530240543,0
CAND_0001329,0.0009428219505119535,0.4,9.4,4.17,27.75,-1.0,3,120,0.132799260960751,1
CAND_0001115,0.000942507068803016,0.0,5.8,0.0,23.0,34.6,3,90,0.012392648444863333,0
CAND_0001360,0.0009424232667606876,0.0,8.3,6.33,24.5,30.1,3,120,0.03289088860197445,0
CAND_0001368,0.0009415668680434724,0.4,7.7,7.67,30.67,-1.0,3,150,0.11577290422891293,1
CAND_0000400,0.0009413687145876626,0.2,14.1,13.92,27.83,-1.0,3,30,0.1787687430063409,2
CAND_0003677,0.000941107551208861,0.2,11.9,11.75,28.2,-1.0,2,30,0.17876325857538608,2
CAND_0003827,0.0009402440737428866,0.0,1.9,1.83,22.0,-1.0,3,60,0.037745125548600614,0
CAND_0004201,0.0009398989249367113,0.0,7.2,0.0,28.33,29.1,3,90,0.020837877423670936,0
CAND_0004578,0.0009396334175673828,0.0,1.4,1.33,16.0,-1.0,3,60,0.032732301768915034,0
CAND_0000723,0.0009394304676151252,0.0,14.7,13.25,34.8,36.0,3,90,0.05572803981991764,0
CAND_0001424,0.0009390455124058347,0.2,1.9,1.83,11.0,-1.0,3,90,-0.0022800442394774745,0
CAND_0001543,0.0009390299562103735,0.0,9.8,0.0,29.25,28.7,2,120,0.04641962908041783,0
CAND_0001326,0.0009385335822117431,0.0,7.1,7.08,42.5,-1.0,3,90,-0.010290794773553408,0
CAND_0004645,0.0009378533159609579,0.2,3.6,2.5,21.5,-1.0,3,60,0.11469491963518011,1
CAND_0000926,0.0009378456093784561,0.2,3.1,0.0,18.5,59.8,3,90,0.07049475779694755,0
CAND_0000047,0.0009373923799751199,0.2,2.4,2.33,28.0,-1.0,3,90,0.002685239979477505,0
CAND_0002347,0.0009363295880149813,0.2,7.6,3.17,45.0,-1.0,3,90,0.0546629213483146,0
CAND_0002998,0.0009361868767085457,0.4,2.2,0.0,26.0,-1.0,2,90,0.060659924410879446,0
CAND_0000808,0.0009355742296918767,0.0,2.0,2.0,24.0,-1.0,3,90,-0.061352941176470596,0
CAND_0004007,0.0009350732852832658,0.2,9.3,6.17,27.5,39.5,3,90,0.11213653899094861,1
CAND_0001163,0.0009346548630395162,0.0,10.6,5.67,25.2,-1.0,1,150,0.06862775212382985,0
CAND_0003551,0.0009344396140841338,0.0,1.5,1.5,18.0,-1.0,3,90,-0.0663767681042332,0
CAND_0000960,0.0009339124312031447,0.2,14.9,14.75,25.29,-1.0,3,60,0.17861216105526603,2
CAND_0004551,0.0009336223375056683,0.0,4.9,0.0,29.0,18.1,2,90,-0.013293930912380958,0
CAND_0004533,0.000933435092534061,0.0,13.4,9.25,32.0,-1.0,3,150,0.018602136943215275,0
CAND_0004580,0.0009331099508233165,0.0,13.6,11.08,23.0,-1.0,3,60,0.11859530896728965,1
CAND_0002437,0.0009320309638263484,0.0,8.4,8.33,33.33,0.9,2,120,0.004472650240353315,0
CAND_0000216,0.0009316598749159515,0.0,6.0,5.83,17.5,-1.0,3,90,-0.021435142626765033,0
CAND_0002022,0.0009314384482427501,0.2,5.2,5.17,31.0,48.5,2,30,0.18006020741309775,2
CAND_0004602,0.000930481264989172,0.0,1.9,1.83,22.0,8.5,1,90,-0.002959893435227401,0
CAND_0000796,0.0009294333137467492,0.4,8.6,8.42,25.25,-1.0,3,150,0.12451809958868171,1
CAND_0004237,0.0009292277796727547,0.0,5.7,3.08,22.67,-1.0,3,90,-0.024486216626872156,0
CAND_0002567,0.0009290540892333439,0.0,3.7,3.08,22.0,36.8,3,120,-0.006689864126099787,0
CAND_0000710,0.0009288431145836542,0.0,4.3,0.0,25.5,-1.0,2,90,-0.038494294593743275,0
CAND_0000645,0.0009280468131581847,0.0,9.6,1.58,28.5,37.4,3,150,0.052888983076321866,0
CAND_0004518,0.0009278462678752355,0.2,1.3,1.25,15.0,-1.0,1,60,0.14148477162537992,1
CAND_0002030,0.0009276437847866419,0.2,1.9,0.0,11.0,24.0,3,90,0.02248051948051949,0
CAND_0002726,0.0009275711425148478,0.0,5.5,5.5,33.0,-1.0,3,60,0.0734789939928118,0
CAND_0000463,0.0009257636221943481,0.0,2.2,2.17,26.0,-1.0,3,60,0.04044103606608131,0
CAND_0000126,0.0009247035484582761,0.0,2.5,0.0,30.0,6.4,3,120,-0.049181225482376204,0
CAND_0000164,0.0009246953360466511,0.4,3.7,0.0,44.0,-1.0,3,150,0.07541860205697967,0
CAND_0004175,0.0009238305441473659,0.0,10.6,5.58,31.25,-1.0,2,150,0.018400441427094683,0
CAND_0001986,0.0009236046971896029,0.0,12.8,9.42,30.2,2.1,3,60,0.12149569864098167,1
CAND_0003993,0.0009232037683013723,0.2,13.6,8.67,32.0,12.6,2,90,0.09198727913432883,1
CAND_0003785,0.0009227278477262864,0.2,8.0,4.5,31.33,-1.0,3,150,0.05837728480225199,0
CAND_0003019,0.0009220925781740152,0.0,13.5,8.42,26.5,-1.0,2,60,0.11836394414165433,1
CAND_0002348,0.0009209867212696963,0.0,7.2,3.08,43.0,-1.0,2,150,-0.009659278853336381,0
CAND_0000284,0.0009209206659267651,0.0,2.4,2.33,28.0,15.6,2,90,-0.04106066601553794,0
CAND_0002913,0.0009206369570358033,0.4,5.3,2.75,31.5,-1.0,3,90,0.09133337609775186,1
CAND_0000143,0.0009201043885634283,0.0,7.7,6.42,30.33,5.6,3,150,0.001922192159831984,0
CAND_0004120,0.000919756814026542,0.2,6.9,0.0,27.0,-1.0,3,150,0.047314893094557386,0
CAND_0003321,0.0009195321724354026,0.0,3.8,3.67,22.0,-1.0,3,60,0.056310175621143446,0
CAND_0004811,0.0009192276016902555,0.0,1.0,1.0,12.0,-1.0,2,90,-0.07169622036450464,0
CAND_0001939,0.0009186985327646791,0.0,7.2,2.75,28.33,43.2,3,60,0.13449266918805827,1
CAND_0003035,0.0009182604546680271,0.0,14.9,8.67,29.67,-1.0,3,30,0.11828346954802857,1
CAND_0001434,0.00091818371479045,0.2,7.4,3.08,29.33,-1.0,2,60,0.15228185801059946,1
CAND_0004243,0.0009180652526709073,0.2,7.1,7.0,42.0,-1.0,2,60,0.14927937030608907,1
CAND_0000073,0.0009179021036623035,0.0,12.1,9.25,35.75,-1.0,3,90,0.018275944176908365,0
CAND_0000901,0.0009175978234958017,0.0,2.4,0.75,14.0,-1.0,3,60,0.04226955429341184,0
CAND_0000643,0.0009175827442516085,0.0,4.7,0.83,27.5,-1.0,3,60,0.06526923762928377,0
CAND_0001770,0.0009171010091867512,0.0,12.9,4.17,38.25,35.3,3,60,0.15455912119292178,1
CAND_0002352,0.0009168361929048326,0.0,10.7,10.58,31.75,-1.0,3,60,0.11825356005100149,1
CAND_0002642,0.0009166351931444523,0.2,6.3,6.25,37.5,-1.0,3,60,0.14124933905603348,1
CAND_0000946,0.0009161023994803663,0.2,12.6,7.17,29.6,-1.0,3,90,0.07823815038908769,0
CAND_0000253,0.0009147695055214581,0.0,6.1,1.58,24.0,-1.0,3,90,-0.02078984038404938,0
CAND_0002981,0.000914495506448406,0.0,8.6,6.58,34.33,-1.0,3,120,0.004204405635416519,0
CAND_0002204,0.0009143257222873146,0.4,13.6,13.42,32.2,22.8,2,60,0.2620008401680336,3
CAND_0001929,0.00091413633695272,0.2,9.3,5.0,37.0,-1.0,2,120,0.07119686307600712,0
CAND_0003747,0.0009128160530089894,0.0,5.2,5.17,31.0,-1.0,1,60,0.12016913711318879,1
CAND_0000514,0.0009127362085498401,0.0,12.2,8.67,24.0,-1.0,2,90,0.01816746037954664,0
CAND_0004028,0.0009124671239575486,0.4,6.4,1.0,19.0,-1.0,3,60,0.2021618096031085,2
CAND_0001003,0.0009124241406948035,0.2,9.7,6.0,38.33,40.3,3,30,0.21646090695459086,2
CAND_0000807,0.0009120782380466863,0.2,6.2,2.5,37.0,-1.0,3,60,0.14015364299898042,1
CAND_0000533,0.0009116449023477745,0.0,2.4,2.33,28.0,0.7,2,60,0.04384454294930327,0
CAND_0001912,0.0009115770282588879,0.2,6.7,2.83,39.5,-1.0,3,60,0.14514311759343665,1
CAND_0001708,0.000910108688927254,0.2,2.7,2.67,32.0,-1.0,1,90,0.05511228246747232,0
CAND_0002156,0.0009099181073703367,0.2,3.0,0.0,36.0,23.7,3,90,0.032808280254777056,0
CAND_0003418,0.0009098339710509731,0.0,9.0,3.83,35.33,40.7,3,30,0.14980651339207043,1
CAND_0003939,0.0009093972205327866,0.0,7.7,3.67,46.0,-1.0,3,90,-0.0049026583688114855,0
CAND_0001589,0.0009089824531264166,0.0,12.2,10.0,36.25,9.8,3,120,0.02888863151565474,0
CAND_0002749,0.0009088483976094552,0.0,13.4,13.17,39.5,-1.0,3,90,0.018085816349798556,0
CAND_0003305,0.000908468509131239,0.2,3.4,3.33,40.0,-1.0,3,120,0.012077838691756007,0
CAND_0003161,0.0009082411539406126,0.0,4.8,4.75,28.5,-1.0,3,150,-0.033926935767247146,0
CAND_0002535,0.0009081153158656613,0.0,3.8,2.25,22.5,-1.0,3,60,0.05607042163317889,0
CAND_0002471,0.0009063018975932672,0.0,10.3,8.5,30.5,-1.0,2,90,0.01803233984945861,0
CAND_0002355,0.0009062917681401852,0.0,8.4,3.75,33.0,-1.0,3,90,0.0020321271309438893,0
CAND_0001171,0.00090624974730935,0.0,9.3,5.25,37.0,-1.0,3,60,0.11103124469349636,1
CAND_0002044,0.0009061858833041537,0.0,6.5,2.42,25.67,-1.0,2,150,-0.016970096450612787,0
CAND_0001281,0.0009059146167824099,0.0,6.9,6.75,27.0,-1.0,3,150,-0.012975793047569392,0
CAND_0000241,0.0009055221844597051,0.0,7.7,7.58,30.33,-1.0,2,120,-0.00498403412634621,0
CAND_0004775,0.0009050338334814637,0.2,13.1,5.92,31.2,-1.0,3,90,0.07800571050311073,0
CAND_0000321,0.0009047463886173563,0.4,12.1,2.58,36.0,-1.0,3,30,0.2379996741609645,2
CAND_0003103,0.0009047462276425332,0.0,3.9,1.33,23.0,-1.0,3,30,0.0569996707804932,0
CAND_0002940,0.0009042641332582381,0.2,10.0,6.08,39.33,6.1,3,60,0.185089546798423,2
CAND_0004318,0.0009041354957427819,0.0,2.4,0.0,28.0,-1.0,3,120,-0.05801315458940159,0
CAND_0002038,0.0009035965794720299,0.0,3.7,3.67,22.0,-1.0,3,60,0.05497552816891263,0
CAND_0001661,0.0009028504470618629,0.0,7.8,7.67,30.67,50.0,2,30,0.14695985938829914,1
CAND_0004282,0.0009026614647752037,0.0,7.0,0.0,41.5,-1.0,3,60,0.08795589076027928,1
CAND_0003943,0.0009025707200878376,0.0,3.7,0.0,22.0,-1.0,3,60,0.05495398512184459,0
CAND_0004657,0.0009024852969076076,0.0,4.0,3.92,23.5,16.5,3,90,-0.02454780876494024,0
CAND_0001002,0.0009020364602653141,0.2,2.2,2.17,26.0,-1.0,2,120,-5.7234334428404865e-05,0
CAND_0004305,0.0009018405138555327,0.2,1.6,0.0,19.0,-1.0,3,150,-0.006061349209033826,0
CAND_0000077,0.0009017646938589694,0.4,8.7,5.08,34.67,-1.0,3,120,0.12493705857103835,1
CAND_0004977,0.00090100524388247,0.0,4.9,3.67,29.0,-1.0,2,30,0.06692111012153187,0
CAND_0001718,0.0009009550486560098,0.2,7.5,6.0,29.33,-1.0,3,150,0.05292005602177621,0
CAND_0000188,0.000900599724450928,0.2,12.1,4.08,28.6,-1.0,3,60,0.1779125942134695,2
CAND_0002842,0.0009001643125730718,0.0,10.3,4.33,40.67,-1.0,3,60,0.1179034505640345,1
CAND_0004022,0.0009001270386008206,0.0,2.8,2.75,16.5,-1.0,3,60,0.04590266781061723,0
CAND_0000746,0.0008999943421999143,0.2,9.8,1.5,38.67,12.4,3,90,0.0892998811861982,1
CAND_0004762,0.0008999081875047566,0.0,4.5,4.42,17.67,-1.0,2,90,-0.03710192806240012,0
CAND_0003852,0.0008996419956427366,0.0,8.3,6.67,32.67,-1.0,2,90,0.0008924819084974722,0
CAND_0004963,0.000899371555319863,0.0,2.2,2.17,26.0,68.3,3,90,0.00918680266171712,0
CAND_0001675,0.0008984913627137164,0.2,6.1,0.0,24.0,-1.0,2,150,0.03886831861698803,0
CAND_0001369,0.0008981220960943481,0.2,10.8,8.33,32.0,-1.0,3,60,0.1778605640179813,2
CAND_0000061,0.0008980514603001606,0.0,7.7,0.5,30.67,-1.0,3,60,0.09485908066630337,1
CAND_0003139,0.0008969863658072398,0.2,10.9,5.33,32.25,-1.0,3,60,0.17783671368195203,2
CAND_0004894,0.000896756939505374,0.0,14.8,6.33,35.0,-1.0,3,120,0.017831895729612857,0
CAND_0004993,0.0008960033632970821,0.0,7.9,7.83,31.33,-1.0,2,30,0.09681607062923872,1
CAND_0004606,0.0008958085164199566,0.0,3.9,3.83,23.0,-1.0,3,120,-0.04318802115518092,0
CAND_0001037,0.0008957953398287792,0.0,8.8,4.42,34.67,-1.0,3,30,0.10581170213640437,1
CAND_0001417,0.0008954660841437332,0.0,12.8,6.08,30.4,-1.0,2,120,0.017804787767018396,0
CAND_0000365,0.0008952720213357459,0.0,7.4,7.33,29.33,-1.0,3,60,0.09180071244805067,1
CAND_0001734,0.0008950602262151801,0.0,7.9,7.75,23.25,29.9,2,60,0.1276962647505188,1
CAND_0004480,0.0008947691063530647,0.0,6.9,5.0,27.33,-1.0,3,30,0.08679015123341435,1
CAND_0002272,0.0008941237124541362,0.0,6.2,6.17,37.0,-1.0,3,30,0.07977659796153687,0
CAND_0004290,0.0008936859857041186,0.0,12.2,4.0,28.8,10.6,2,150,0.029367405699786492,0
CAND_0003823,0.0008928686228589797,0.0,6.0,0.0,35.5,63.6,3,60,0.14235024108003858,1
CAND_0002264,0.0008927309042609331,0.2,1.3,1.25,15.0,-1.0,3,150,-0.009252651010520418,0
CAND_0001792,0.0008922763260190077,0.0,2.5,2.5,30.0,-1.0,3,30,0.042737802846399164,0
CAND_0003248,0.0008920606601248885,0.2,8.8,2.08,34.67,17.9,3,90,0.08463327386262265,1
CAND_0004052,0.0008912744361261279,0.2,9.2,9.0,27.0,-1.0,2,30,0.1697167631586487,2
CAND_0004979,0.000890947645455295,0.0,11.7,11.58,46.33,-1.0,3,60,0.1177099005545612,1
CAND_0001404,0.0008907984604178702,0.0,9.5,9.42,37.67,36.9,3,90,0.05060676766877528,0
CAND_0004899,0.0008905382071155106,0.4,3.3,3.25,39.0,45.2,3,60,0.21690130234942573,2
CAND_0000984,0.0008904719501335708,0.2,9.8,5.67,29.25,35.0,2,30,0.211699910952805,2
CAND_0003740,0.0008903954419150861,0.0,1.2,1.17,14.0,44.8,3,90,-0.024501695719783195,0
CAND_0000288,0.000890347584713954,0.2,2.7,0.0,32.0,-1.0,3,30,0.10469729927899304,1
CAND_0002530,0.0008902582414579354,0.2,9.1,8.92,35.67,-1.0,3,90,0.06869542307061663,0
CAND_0003775,0.0008897549722115418,0.0,1.7,1.67,10.0,-1.0,3,120,-0.06531514558355762,0
CAND_0001255,0.0008894859697198904,0.0,10.3,7.92,30.5,-1.0,2,60,0.1176792053641177,1
CAND_0001889,0.0008894579842818613,0.2,7.7,2.33,30.33,-1.0,3,90,0.05467861766991908,0
CAND_0004874,0.000888933770415732,0.2,1.2,1.17,14.0,47.7,3,60,0.13836760917873037,1
CAND_0003593,0.0008889188945899721,0.0,10.2,7.67,24.0,-1.0,3,120,0.01766729678638941,0
CAND_0001799,0.0008889143499419766,0.0,7.8,4.0,23.0,-1.0,3,60,0.09566720134878151,1
CAND_0002634,0.0008881136517304906,0.0,8.4,6.0,24.75,-1.0,3,30,0.1016503866863403,1
CAND_0002235,0.000887585342503349,0.0,13.3,6.42,31.6,-1.0,3,120,0.01763929219257032,0
CAND_0003030,0.000887133908946383,0.2,6.9,2.08,20.25,-1.0,3,90,0.046629812087874034,0
CAND_0004923,0.0008870796117077652,0.0,9.3,0.0,27.5,28.0,3,120,0.03962867184586308,0
CAND_0003902,0.0008867102523803681,0.2,8.4,8.33,33.33,6.8,3,120,0.06942091529998773,0
CAND_0003460,0.0008863277908174527,0.4,2.9,2.83,34.0,-1.0,2,150,0.0666128836071665,0
CAND_0002829,0.0008862690880512856,0.0,8.7,3.5,25.5,-1.0,3,120,0.004611650849076984,0
CAND_0003734,0.000886189659594273,0.2,7.9,4.0,47.0,3.0,2,120,0.06060998285147973,0
CAND_0003684,0.0008861190712854704,0.2,7.2,1.5,21.25,-1.0,3,150,0.04960850049699486,0
CAND_0000435,0.0008855709701695048,0.0,14.9,9.25,29.67,-1.0,3,150,0.017596990373559607,0
CAND_0000255,0.0008854755481547689,0.0,8.0,2.58,23.75,-1.0,3,150,-0.0024050134887498575,0
CAND_0004902,0.000884764553325164,0.0,7.9,5.33,31.33,8.2,3,150,0.005780055619828431,0
CAND_0000118,0.0008846620307577486,0.2,7.2,0.0,43.0,-1.0,3,120,0.04957790264591272,0
CAND_0001520,0.0008845403448254772,0.0,7.8,4.92,30.67,-1.0,3,150,-0.004424652758664993,0
CAND_0003960,0.0008844099290849466,0.2,2.4,0.0,14.0,36.4,3,90,0.03897260851078385,0
CAND_0002838,0.0008842341249852304,0.0,6.5,1.75,19.0,-1.0,3,60,0.08256891662468985,0
CAND_0000163,0.000884134755102497,0.0,12.3,12.08,20.71,12.6,2,60,0.13116682985715244,1
CAND_0002933,0.0008834720020539092,0.0,11.8,6.17,35.0,13.2,2,90,0.031752912043132075,0
CAND_0004686,0.0008833488925372539,0.2,3.9,3.83,23.0,-1.0,3,90,0.01655032674328233,0
CAND_0000170,0.0008828397727484864,0.2,4.8,4.75,28.5,-1.0,3,60,0.12553963522771822,1
CAND_0001680,0.0008827151870587225,0.4,1.3,0.0,15.0,44.5,2,120,0.09603701892823319,1
CAND_0000030,0.000881994150765632,0.0,10.0,5.58,39.33,21.7,3,60,0.14022187716607828,1
CAND_0000230,0.0008817639918665874,0.2,1.9,1.83,22.0,36.4,2,90,0.03391704382919833,0
CAND_0000873,0.0008807555624503592,0.0,2.1,2.08,25.0,-1.0,3,60,0.038495866811457544,0
CAND_0004982,0.0008807154907056697,0.0,1.4,1.33,16.0,-1.0,2,60,0.03149502530481906,0
CAND_0002447,0.000880672250195535,0.2,3.2,0.58,19.0,-1.0,3,120,0.009494117254106232,0
CAND_0000184,0.000880140735176807,0.0,4.9,4.83,29.0,17.8,1,30,0.13528295543871294,1
CAND_0004549,0.0008799642392405774,0.2,8.2,8.08,48.5,-1.0,2,90,0.059479249024052105,0
CAND_0001634,0.0008793925683315659,0.0,10.4,5.08,24.6,-1.0,3,120,0.01746724393496288,0
CAND_0004685,0.0008793475232291906,0.0,3.1,3.08,37.0,-1.0,2,90,-0.051533702012187,0
CAND_0002928,0.0008792344056266575,0.0,14.8,14.67,35.2,19.6,3,90,0.03806392251815982,0
CAND_0002559,0.0008792196123732512,0.2,7.9,2.75,23.5,9.9,1,30,0.21736361185983827,2
CAND_0002944,0.0008791979338944977,0.2,5.6,5.58,33.5,5.1,2,60,0.13956315661178442,1
CAND_0003683,0.0008791101960963653,0.0,7.8,7.67,23.0,8.8,2,120,0.005261314118023663,0
CAND_0000227,0.0008789011615943507,0.0,7.6,7.42,22.25,44.8,1,90,0.08925692439348135,1
CAND_0000825,0.0008782607443406658,0.2,9.5,7.5,37.33,-1.0,3,60,0.17244347563115398,2
CAND_0003780,0.0008781153895977781,0.0,8.5,8.42,50.5,21.9,2,60,0.12534042318155333,1
CAND_0001583,0.000877963125548727,0.2,7.3,2.75,21.5,-1.0,3,60,0.15043722563652326,1
CAND_0000500,0.0008778933608242708,0.2,7.5,0.0,29.67,-1.0,1,120,0.10243576057730966,1
CAND_0001769,0.0008777089622490893,0.0,12.9,5.17,25.33,-1.0,3,90,0.017431888207230878,0
CAND_0000777,0.0008771303884085839,0.2,7.5,7.42,44.5,-1.0,3,30,0.15241973815658028,1
CAND_0004106,0.0008767675509986179,0.0,7.6,5.67,22.25,58.8,3,90,0.05321211857097097,0
CAND_0001585,0.0008764241893076249,0.0,3.4,3.25,13.0,-1.0,1,30,0.10140490797546012,1
CAND_0000046,0.0008761109578430682,0.2,7.8,7.75,31.0,20.9,3,30,0.17729833011470444,2
CAND_0004849,0.0008749809067185423,0.0,2.0,2.0,24.0,-1.0,3,90,-0.06262540095891062,0
CAND_0000515,0.0008748262672937665,0.2,12.3,6.42,28.8,-1.0,2,150,0.07737135161316908,0
CAND_0000632,0.0008746303830676538,0.0,3.7,0.0,22.0,28.9,3,60,0.08426723804442073,1
CAND_0002331,0.0008745857473325381,0.2,2.7,2.67,32.0,-1.0,3,90,0.004366300693983277,0
CAND_0001054,0.0008743943017563186,0.2,5.6,5.5,33.0,16.8,3,150,0.05116228033688269,0
CAND_0000713,0.0008737739716000585,0.2,2.9,0.0,34.0,-1.0,2,150,0.006349253403601221,0
CAND_0003109,0.0008735298271096855,0.2,8.0,1.25,31.67,48.9,3,90,0.10724412636930339,1
CAND_0001215,0.0008733190141713382,0.0,2.0,0.0,24.0,7.9,3,90,-0.0537603007024019,0
CAND_0004871,0.0008723334047860387,0.2,6.3,6.17,24.67,-1.0,1,60,0.1903190015005068,2
CAND_0002001,0.0008721038914677636,0.0,7.7,7.58,30.33,-1.0,3,60,0.09431418172082304,1
CAND_0003027,0.0008718395815170009,0.0,3.2,3.17,38.0,-1.0,2,120,-0.05069136878814299,0
CAND_0004276,0.0008710801393728223,0.2,4.8,0.0,28.5,-1.0,3,60,0.12529268292682927,1
CAND_0004532,0.0008702731903505879,0.2,8.7,3.83,20.2,-1.0,3,30,0.16427573699736234,2
CAND_0004162,0.0008701584209077231,0.2,6.7,4.17,26.67,30.1,2,120,0.0753733268390622,0
CAND_0003782,0.0008700707221202007,0.2,12.9,11.0,25.33,-1.0,2,90,0.07727148516452423,0
CAND_0002537,0.000869922322715197,0.2,8.5,6.08,33.33,-1.0,3,120,0.062268368777019134,0
CAND_0003275,0.000869170719292713,0.0,12.9,11.92,30.6,-1.0,3,120,0.017252585105146975,0
CAND_0002205,0.0008690399566820936,0.2,11.8,9.25,27.8,-1.0,3,60,0.17724983909032396,2
CAND_0004530,0.0008685051940621463,0.4,5.8,4.17,23.0,7.3,3,30,0.20353860907530505,2
CAND_0002465,0.000868130494190633,0.4,9.9,8.25,39.33,-1.0,3,60,0.2362307403780033,2
CAND_0004331,0.0008680415200973139,0.4,4.2,3.0,25.0,-1.0,3,120,0.07922887192204359,0
CAND_0003095,0.0008679778029189135,0.4,13.3,7.92,31.4,-1.0,3,60,0.2372275338612972,2
CAND_0004172,0.0008679159653655521,0.2,7.1,5.75,28.0,-1.0,2,60,0.1482262352726766,1
CAND_0000233,0.0008678881388621022,0.0,12.5,4.42,29.6,-1.0,3,90,0.017225650916104146,0
CAND_0002182,0.0008674253163665609,0.0,5.3,3.08,21.0,-1.0,3,90,-0.029784068356302235,0
CAND_0004368,0.0008673326387850984,0.2,9.2,7.83,27.25,-1.0,3,90,0.06921398541448706,0
CAND_0003519,0.0008672935980692858,0.2,12.6,3.58,29.8,30.8,3,90,0.10901316555945498,1
CAND_0001825,0.0008665059153658502,0.0,6.9,4.08,27.33,-1.0,3,120,-0.013803375777317148,0
CAND_0003772,0.0008658709684209168,0.0,1.6,0.0,19.0,-1.0,3,90,-0.06681670966316075,0
CAND_0000130,0.0008658630193256701,0.4,8.6,5.42,34.0,-1.0,3,150,0.12318312340583906,1
CAND_0004400,0.0008658332833351453,0.2,14.5,7.92,28.67,-1.0,3,90,0.07718249895003806,0
CAND_0002070,0.0008656630479321118,0.2,13.7,12.17,26.83,-1.0,3,90,0.07717892400657433,0
CAND_0001662,0.0008652758343396215,0.2,14.4,7.58,43.0,22.5,3,120,0.10067079252113204,1
CAND_0003781,0.000864304235090752,0.0,6.2,4.08,37.0,16.2,2,90,-0.0036496110630942075,0
CAND_0004885,0.0008637259791835275,0.2,2.4,0.0,28.0,19.1,3,60,0.12123824556285409,1
CAND_0000785,0.000863671734927703,0.0,5.3,0.0,31.5,43.3,3,30,0.11443710643348176,1
CAND_0001591,0.0008632091793128319,0.0,7.9,7.75,31.0,-1.0,2,120,-0.0038726072344305307,0
CAND_0004969,0.000862555661286435,0.2,2.4,1.25,14.0,-1.0,1,90,0.0511136688870151,0
CAND_0004723,0.0008622284933522029,0.0,6.0,0.0,23.67,3.8,1,150,0.031906798360396255,0
CAND_0002392,0.0008613042859602185,0.4,1.5,0.0,18.0,-1.0,3,150,0.052087390005164574,0
CAND_0001093,0.0008612708158525897,0.4,5.9,2.67,35.0,-1.0,1,120,0.14608668713290437,1
CAND_0000093,0.0008612374259335814,0.2,8.2,6.92,24.0,20.1,2,90,0.08018598594460521,0
CAND_0003542,0.0008603869270264421,0.2,13.6,6.83,40.5,-1.0,3,120,0.07706812546755529,0
CAND_0003211,0.000859927207705892,0.4,9.8,6.25,39.0,-1.0,3,90,0.13505847136182372,1
CAND_0000567,0.0008593453763526613,0.4,4.4,4.33,52.0,-1.0,3,60,0.1810462529034059,2
CAND_0002240,0.0008593244362333271,0.0,5.2,3.25,30.5,-1.0,3,120,-0.03095418683910013,0
CAND_0004057,0.0008582754827206858,0.0,11.4,4.92,27.0,-1.0,3,30,0.1170237851371344,1
CAND_0000804,0.0008578923153133686,0.0,9.9,3.33,29.5,-1.0,3,60,0.11601573862158074,1
CAND_0003749,0.0008577689643723975,0.0,9.8,7.83,29.0,-1.0,3,60,0.11501314825182035,1
CAND_0001430,0.000857478256059028,0.2,2.3,2.25,27.0,-1.0,2,90,7.043377239585036e-06,0
CAND_0001366,0.0008572743461416539,0.2,12.1,12.0,48.0,-1.0,3,150,0.07700276126897473,0
CAND_0001355,0.0008557335530499505,0.4,8.2,1.42,32.0,-1.0,3,120,0.11897040461404895,1
CAND_0002509,0.0008557089791419335,0.0,3.6,2.75,21.0,-1.0,3,60,0.05296988856198061,0
CAND_0001505,0.0008556266679423614,0.0,8.8,6.58,26.25,-1.0,2,120,0.0049681600267895976,0
CAND_0004323,0.0008555912772115737,0.0,14.5,14.33,43.0,-1.0,3,90,0.016967416821443038,0
CAND_0004513,0.000855314326785487,0.0,1.3,1.25,15.0,-1.0,3,90,-0.07003839913750479,0
CAND_0003517,0.0008552763556121515,0.0,8.8,6.33,25.75,-1.0,3,60,0.10496080346785519,1
CAND_0003878,0.0008552647613411403,0.0,4.5,0.0,54.0,-1.0,3,60,0.06196055998816394,0
CAND_0001507,0.0008544557357974966,0.0,9.9,4.5,23.4,-1.0,3,120,0.01594357045174742,0
CAND_0004317,0.0008534702254576325,0.0,4.7,4.58,18.33,-1.0,2,120,-0.036077125265389726,0
CAND_0002222,0.0008530528086862004,0.2,5.0,1.75,19.67,37.6,3,90,0.0655141089824102,0
CAND_0003173,0.0008522380158845734,0.0,14.1,14.0,28.0,8.3,3,120,0.026196998333576027,0
CAND_0004876,0.0008520541012134789,0.0,11.7,4.17,27.6,-1.0,2,120,0.016893136125483058,0
CAND_0001025,0.0008514841884537532,0.0,7.9,7.75,23.25,59.7,3,120,0.056581167957528794,0
CAND_0001133,0.0008505360884305177,0.0,4.0,4.0,48.0,26.6,3,60,0.08446125785704087,1
CAND_0004189,0.0008504971262564575,0.2,7.3,0.0,28.67,-1.0,2,120,0.04986043965138559,0
CAND_0000475,0.0008504771850957804,0.0,6.8,2.17,26.67,-1.0,3,90,-0.015139979112988616,0
CAND_0000872,0.0008499739093743992,0.0,7.9,6.67,31.0,-1.0,3,90,-0.004150547903137625,0
CAND_0000194,0.0008498495539000122,0.0,1.8,0.0,10.5,-1.0,3,120,-0.06515315936809975,0
CAND_0004798,0.0008485504378703322,0.0,4.2,4.17,25.0,-1.0,2,60,0.05881955919527698,0
CAND_0000207,0.0008483644507393977,0.2,5.4,5.33,32.0,-1.0,3,90,0.030815653465527365,0
CAND_0002609,0.0008482484124035378,0.0,2.6,2.58,31.0,-1.0,2,120,-0.05718678333952571,0
CAND_0000743,0.0008477639039375397,0.0,6.9,0.0,27.33,47.8,3,90,0.03460304198268835,0
CAND_0000708,0.0008475674332788278,0.2,4.2,4.08,16.33,-1.0,3,30,0.11879891609885537,1
CAND_0003999,0.0008475448822100958,0.0,8.9,8.75,35.0,2.9,3,60,0.10969844252641202,1
CAND_0001015,0.000847457627118644,0.2,4.1,2.08,24.5,-1.0,3,120,0.01779661016949151,0
CAND_0000479,0.0008470081115702566,0.0,13.1,8.75,31.0,-1.0,3,60,0.1167871703429754,1
CAND_0002929,0.0008462898765535058,0.2,13.0,11.08,30.6,-1.0,3,60,0.17677208740762362,2
CAND_0001446,0.0008461930382524599,0.0,6.3,6.25,25.0,58.8,2,90,0.03957005380330164,0
CAND_0001102,0.0008458583800166682,0.2,14.0,13.83,33.2,-1.0,2,60,0.17676302598035004,2
CAND_0003641,0.0008454052400466519,0.2,7.5,5.33,29.67,-1.0,3,60,0.1517535100409797,1
CAND_0002987,0.0008450068074957189,0.2,5.2,5.08,30.5,-1.0,3,60,0.12874514295741007,1
CAND_0002263,0.000844948620605646,0.0,4.2,2.75,24.5,-1.0,3,60,0.05874392103271857,0
CAND_0004718,0.0008448743662268165,0.0,5.8,5.67,22.67,-1.0,3,90,-0.02525763830923687,0
CAND_0003812,0.0008446232245963323,0.2,10.5,10.33,31.0,-1.0,3,90,0.07673708771652296,0
CAND_0004633,0.0008445442441825805,0.2,3.6,3.5,21.0,-1.0,3,60,0.11273542912783419,1
CAND_0004125,0.0008443444106094708,0.0,9.3,5.92,27.5,43.4,3,150,0.0541312326227989,0
CAND_0000827,0.0008440641120509272,0.0,2.5,2.5,30.0,31.2,3,90,-0.026074653646930526,0
CAND_0002806,0.0008438463087778264,0.0,5.8,3.42,22.67,-1.0,3,90,-0.025279227515665664,0
CAND_0001416,0.0008436155308629195,0.4,1.6,1.58,19.0,-1.0,3,90,0.05271592614812129,0
CAND_0001924,0.0008433373349339736,0.4,9.2,0.0,36.33,-1.0,3,120,0.12871008403361342,1
CAND_0003049,0.0008426396178283493,0.0,7.4,5.58,29.0,-1.0,3,90,-0.00930456802560467,0
CAND_0003951,0.0008422618509886112,0.2,9.7,4.08,28.5,-1.0,3,120,0.07368749887076081,0
CAND_0004018,0.000841666017037399,0.2,3.1,0.67,18.0,50.1,3,90,0.05877498635778536,0
CAND_0000944,0.0008415969243031624,0.0,4.1,4.0,24.0,-1.0,3,90,-0.0423264645896336,0
CAND_0004522,0.0008403361344537816,0.0,9.6,1.17,28.5,45.7,2,90,0.05934705882352939,0
CAND_0000783,0.0008402517863218782,0.4,1.5,0.0,18.0,-1.0,2,60,0.15164528751275946,1
CAND_0001876,0.0008399372945566113,0.0,13.7,9.92,32.4,36.7,3,90,0.05433868318568885,0
CAND_0002612,0.0008399289542565126,0.0,6.9,6.83,41.0,73.5,3,120,0.06013850803938678,0
CAND_0003623,0.0008395569415436434,0.0,4.7,3.75,27.5,-1.0,3,120,-0.0363693042275835,0
CAND_0004055,0.0008384314754460587,0.0,3.6,3.5,21.0,-1.0,3,120,-0.04739293901563277,0
CAND_0004943,0.0008382229673093043,0.0,8.1,0.0,32.0,29.2,3,120,0.02780268231349539,0
CAND_0003416,0.0008378971634064,0.2,7.7,2.33,30.0,-1.0,3,90,0.0535958404315344,0
CAND_0002450,0.0008376990384465132,0.2,10.5,4.17,41.67,-1.0,3,60,0.17659167980737678,2
CAND_0004565,0.0008371212121212121,0.2,12.3,11.67,24.33,-1.0,3,90,0.07657954545454546,0
CAND_0000045,0.000836314663350478,0.2,12.2,10.83,20.43,-1.0,3,60,0.17656260793036005,2
CAND_0001659,0.0008358783698684375,0.0,9.7,4.25,38.33,47.7,3,90,0.06225344576723715,0
CAND_0004859,0.000835421888053467,0.2,9.2,2.67,36.67,51.8,3,90,0.12134385964912281,1
CAND_0000959,0.0008354145125660988,0.0,3.2,3.17,38.0,-1.0,3,150,-0.051456295236111935,0
CAND_0005000,0.0008348249380596983,0.0,1.9,1.83,22.0,25.4,3,30,0.061931323699253665,0
CAND_0004210,0.0008344343024089128,0.0,6.6,6.42,25.67,-1.0,3,120,-0.01747687964941283,0
CAND_0004941,0.0008342662252984252,0.0,5.5,1.75,21.67,25.0,3,120,-0.0024804092687330803,0
CAND_0003108,0.0008341540573611483,0.0,9.5,9.42,37.67,-1.0,3,150,0.011517235204584114,0
CAND_0001935,0.0008339084426040948,0.0,9.4,8.67,27.75,-1.0,3,60,0.11051207729468598,1
CAND_0001288,0.0008337880488187121,0.2,7.9,1.33,31.0,40.1,1,60,0.24660954902519294,2
CAND_0003917,0.0008336904739722113,0.0,7.3,5.67,28.67,56.2,2,60,0.14670749995341645,1
CAND_0004576,0.0008335509123164468,0.0,12.6,5.0,37.25,-1.0,3,60,0.11650456915864539,1
CAND_0000034,0.0008333687567534094,0.4,14.5,13.42,24.29,-1.0,3,90,0.1365007438918216,1
CAND_0004271,0.0008321460782497753,0.2,1.9,0.0,22.0,42.7,3,90,0.03917506764324527,0
CAND_0003381,0.0008314689356648414,0.2,12.8,12.67,38.0,2.1,2,90,0.07956084764896165,0
CAND_0000338,0.0008312975320045233,0.0,7.9,7.83,47.0,20.0,3,90,0.016457248172094985,0
CAND_0004364,0.0008310996327809877,0.0,4.6,4.5,27.0,-1.0,3,90,-0.03754690771159927,0
CAND_0002021,0.0008304624016978472,0.0,8.4,0.0,24.75,0.5,3,90,0.0019397104356547873,0
CAND_0001848,0.0008301665601928384,0.4,11.2,11.0,26.4,38.2,2,60,0.2756334977640496,3
CAND_0004303,0.0008301241998418811,0.0,13.2,8.92,31.2,19.4,3,90,0.036832608196679495,0
CAND_0000398,0.0008299404133672267,0.2,10.0,6.17,39.67,-1.0,2,120,0.07642874868071176,0
CAND_0001713,0.0008298755186721991,0.2,2.8,2.75,33.0,73.8,2,30,0.17922738589211618,2
CAND_0002406,0.0008297087504300112,0.0,8.2,5.67,32.0,-1.0,2,90,-0.0015761162409697882,0
CAND_0001420,0.0008296375046174955,0.2,8.5,4.75,20.0,27.7,3,90,0.09012238759696742,1
CAND_0002568,0.0008294731566834117,0.0,5.2,3.17,31.0,-1.0,3,150,-0.03158106370964836,0
CAND_0004652,0.0008294699139084412,0.0,12.4,5.33,37.0,-1.0,2,150,0.01641886819207726,0
CAND_0004752,0.0008294694997896163,0.0,1.1,1.08,13.0,-1.0,3,30,0.02741885949558194,0
CAND_0002617,0.00082918331886643,0.0,1.0,1.0,12.0,-1.0,3,90,-0.07358715030380497,0
CAND_0001400,0.0008282082941649697,0.0,11.0,10.92,26.2,-1.0,3,90,0.016392374177464364,0
CAND_0001243,0.0008279141828103104,0.0,11.9,9.58,35.25,-1.0,3,150,0.016386197839016514,0
CAND_0002961,0.0008279018383444757,0.0,11.5,7.83,22.5,-1.0,3,30,0.116385938605234,1
CAND_0003731,0.0008275189116728956,0.0,5.4,5.33,32.0,17.1,3,60,0.08847789714513081,1
CAND_0003132,0.0008274038339799493,0.2,9.0,3.83,35.33,36.9,3,60,0.2042754805135789,2
CAND_0002879,0.0008273012372466372,0.0,6.4,6.33,38.0,-1.0,3,90,-0.01962667401782063,0
CAND_0003124,0.0008266380081335802,0.2,6.5,6.42,38.5,35.7,3,90,0.07805939817080518,0
CAND_0003255,0.0008265283177110027,0.2,10.4,7.92,20.33,-1.0,3,90,0.07635709467193105,0
CAND_0002985,0.0008265187386796661,0.0,9.3,9.17,27.5,-1.0,3,60,0.109356893512273,1
CAND_0002494,0.0008265174343521309,0.0,5.8,2.08,22.67,-1.0,3,150,-0.025643133878605257,0
CAND_0003712,0.0008259991867084931,0.0,3.5,3.42,20.5,-1.0,2,60,0.05134598292087836,0
CAND_0002584,0.0008257638315441783,0.0,1.2,0.0,14.0,9.1,3,90,-0.06155895953757226,0
CAND_0000346,0.000822574955256511,0.2,4.6,4.58,27.5,-1.0,3,150,0.022274074060386714,0
CAND_0000329,0.0008218574543318384,0.0,1.9,0.0,22.0,-1.0,3,150,-0.0647409934590314,0
CAND_0000265,0.0008215489393540781,0.0,3.8,0.0,45.0,-1.0,3,90,-0.04574747227356437,0
CAND_0000082,0.000821269162460273,0.0,7.4,7.33,29.33,-1.0,3,120,-0.009753347588334266,0
CAND_0003252,0.0008212141736866367,0.2,1.5,0.0,18.0,-1.0,2,60,0.09124549764741936,1
CAND_0004759,0.0008206776310167158,0.4,13.1,10.08,31.0,-1.0,3,90,0.13623423025135104,1
CAND_0000239,0.0008205619754734807,0.2,4.4,4.33,52.0,-1.0,3,60,0.12023180148494308,1
CAND_0003624,0.0008194597316935474,0.2,9.6,0.67,28.5,-1.0,2,60,0.17220865436556448,2
CAND_0001274,0.0008183557452192877,0.0,2.4,2.33,28.0,20.3,3,90,-0.03851452935039497,0
CAND_0001805,0.0008177382468506332,0.0,3.0,3.0,36.0,-1.0,2,30,0.04617250318386329,0
CAND_0003685,0.0008175874887419823,0.0,3.7,2.17,22.0,-1.0,3,60,0.053169337263581626,0
CAND_0000651,0.0008171928347815586,0.2,1.5,1.5,18.0,-1.0,3,60,0.09116104953041272,1
CAND_0002858,0.0008170936321003021,0.4,9.5,4.58,28.25,36.3,2,30,0.26845896627410637,3
CAND_0003470,0.0008168834833537969,0.0,12.3,8.5,24.33,15.8,2,150,0.03295455315042975,0
CAND_0002750,0.0008164857624216312,0.0,13.9,10.0,33.0,29.8,3,120,0.046946201010854255,0
CAND_0001024,0.0008161772867655221,0.4,7.3,7.08,28.33,-1.0,3,120,0.10913972302207595,1
CAND_0000144,0.0008151305604933905,0.0,14.7,7.75,28.83,-1.0,2,60,0.1161177417703612,1
CAND_0002597,0.0008151225942764485,0.0,2.2,2.17,13.0,-1.0,2,150,-0.06188242552019459,0
CAND_0002459,0.0008147975441565166,0.0,12.9,12.75,38.25,-1.0,3,60,0.11611074842728686,1
CAND_0000396,0.0008143627278272168,0.4,5.6,1.75,33.0,30.6,2,30,0.22370161728437155,2
CAND_0000210,0.000814345223190913,0.0,6.3,6.17,24.67,61.8,3,120,0.04190124968700917,0
CAND_0000057,0.0008141656900324244,0.2,3.3,3.25,19.5,-1.0,2,60,0.10909747949068091,1
CAND_0001410,0.000814056951953068,0.2,5.4,5.25,21.0,-1.0,2,60,0.13009519599101443,1
CAND_0003572,0.0008138962671346583,0.0,7.9,7.83,31.33,-1.0,3,60,0.09509182160982782,1
CAND_0002708,0.0008134557088985639,0.0,3.9,0.0,23.0,-1.0,3,90,-0.044917430113130166,0
CAND_0000286,0.000813227935205354,0.0,9.0,3.58,26.25,-1.0,3,60,0.10607778663931243,1
CAND_0002603,0.0008129352173271335,0.2,5.4,3.33,32.0,42.1,3,150,0.0731716395638698,0
CAND_0000175,0.0008127314497183924,0.0,3.7,2.17,22.0,-1.0,2,60,0.05306736044408625,0
CAND_0003723,0.0008121055052724337,0.2,5.2,3.83,30.5,30.1,3,30,0.15915421561072113,1
CAND_0003632,0.0008120266866253009,0.0,4.6,1.0,27.5,42.6,3,60,0.10565256041913132,1
CAND_0003976,0.0008112584665248197,0.0,9.4,4.33,22.2,15.5,3,120,0.026536427797021228,0
CAND_0003070,0.000810980153477307,0.0,11.0,5.92,26.0,-1.0,1,30,0.16603058322302344,2
CAND_0001701,0.0008102733146347184,0.0,8.4,7.0,33.0,-1.0,3,60,0.1000157396073291,1
CAND_0003256,0.0008099658236804339,0.0,13.8,13.58,32.6,-1.0,3,120,0.01600928229728911,0
CAND_0000931,0.0008092767831337881,0.0,4.1,4.0,24.0,11.6,3,60,0.06959481244580955,0
CAND_0003638,0.0008090237758486928,0.0,9.4,2.58,37.33,-1.0,1,90,0.059989499292822546,0
CAND_0004158,0.0008088171176032727,0.0,14.4,2.75,34.0,-1.0,2,60,0.11598515946966872,1
CAND_0001280,0.0008088136580311272,0.0,3.8,3.75,22.5,-1.0,2,90,-0.04601491318134634,0
CAND_0001155,0.0008082037637700545,0.2,6.6,3.25,26.0,-1.0,3,60,0.14197227903917115,1
CAND_0003036,0.0008081496195873021,0.0,4.5,0.0,54.0,29.5,3,60,0.09147114201133334,1
CAND_0001467,0.0008079417500848217,0.2,11.7,9.17,27.8,-1.0,3,120,0.07596677675178123,0
CAND_0001968,0.0008074366961379662,0.0,4.4,4.33,26.0,-1.0,2,60,0.05995617061889729,0
CAND_0001948,0.0008064736697462533,0.0,12.3,5.67,29.2,29.7,3,30,0.1466359470646713,1
CAND_0001021,0.0008064093820008021,0.2,12.1,7.17,28.6,-1.0,3,60,0.17593459702201686,2
CAND_0001331,0.0008062811124565146,0.0,14.5,10.5,28.67,4.5,3,150,0.021431903361586804,0
CAND_0003873,0.0008057617303822162,0.0,14.9,9.17,25.14,-1.0,3,30,0.11592099633802655,1
CAND_0000754,0.0008057302575400111,0.0,12.8,9.58,25.33,-1.0,2,120,0.01592033540834023,0
CAND_0002661,0.0008051529790660225,0.2,5.6,5.5,33.0,18.3,3,150,0.05120821256038646,0
CAND_0004727,0.0008051119528719097,0.2,11.5,3.08,34.25,-1.0,2,120,0.0759073510103101,0
CAND_0002313,0.0008042036927869115,0.2,10.3,6.08,24.2,-1.0,3,90,0.07588827754852515,0
CAND_0001503,0.0008033581026281756,0.0,13.1,6.5,25.83,46.8,3,90,0.0636705201551917,0
CAND_0000765,0.0008030679411731678,0.2,1.7,1.67,20.0,-1.0,3,60,0.09286442676463652,1
CAND_0002105,0.0008030081143158316,0.0,9.4,6.0,28.0,-1.0,2,150,0.009863170400632448,0
CAND_0000851,0.0008029409240936058,0.2,5.2,5.17,31.0,-1.0,3,60,0.12786175940596572,1
CAND_0004170,0.0008026849904631487,0.4,14.5,3.25,34.4,5.0,3,150,0.14185638479972612,1
CAND_0002129,0.000802226971935363,0.2,1.3,1.25,15.0,28.7,2,90,0.01854676641064261,0
CAND_0003650,0.0008021782987308154,0.2,6.9,6.83,27.33,-1.0,2,60,0.14484574427334712,1
CAND_0002854,0.0008019217319589279,0.2,10.7,10.58,42.33,41.0,2,30,0.2178403563711375,2
CAND_0000174,0.0008017717748497054,0.0,2.7,2.67,32.0,-1.0,3,60,0.042837207271843813,0
CAND_0001811,0.0008015228204267982,0.0,8.5,2.58,33.67,-1.0,3,120,0.000831979228962762,0
CAND_0000381,0.0008013063658859768,0.0,3.4,2.0,20.0,-1.0,3,150,-0.050172566316394496,0
CAND_0004957,0.000801085757857342,0.2,10.0,2.25,39.67,-1.0,2,150,0.07582280091500418,0
CAND_0002385,0.0008009786847385757,0.0,4.6,4.5,27.0,-1.0,3,60,0.06182055237951009,0
CAND_0004711,0.0008009011389220903,0.0,7.5,6.67,29.67,11.1,3,120,0.002918923917363883,0
CAND_0004371,0.0008007160901227155,0.2,12.5,6.33,29.8,45.2,2,90,0.12201503789257703,1
CAND_0002692,0.0008006405124099279,0.2,2.0,2.0,24.0,65.7,2,30,0.1625134507606085,1
CAND_0001057,0.0008005940868375095,0.0,3.1,3.08,37.0,-1.0,3,120,-0.0531875241764123,0
CAND_0004839,0.000800363731640029,0.0,4.0,2.75,23.5,-1.0,3,150,-0.044192361635559396,0
CAND_0003614,0.0008003452469692808,0.2,1.5,1.5,18.0,-1.0,3,150,-0.00919274981364511,0
CAND_0004148,0.0008000833803369547,0.2,12.2,5.5,36.25,-1.0,2,90,0.07580175098707606,0
CAND_0002012,0.0007998245546138266,0.0,9.4,9.25,37.0,-1.0,2,60,0.10979631564689035,1
CAND_0000831,0.0007996476595510412,0.0,5.8,1.67,34.5,-1.0,3,120,-0.026207399149428143,0
CAND_0000589,0.0007995276092798252,0.0,10.1,7.17,40.0,11.8,3,30,0.12859007979487633,1
CAND_0004869,0.0007992299201017376,0.0,5.0,3.25,19.67,-1.0,2,60,0.06578382832213649,0
CAND_0002394,0.0007990610709113894,0.0,5.9,5.83,35.0,-1.0,2,150,-0.02521971751086083,0
CAND_0003783,0.0007990378494834255,0.0,1.7,1.67,20.0,6.1,3,150,-0.06012020516084807,0
CAND_0003605,0.0007990134775076359,0.0,3.3,3.25,39.0,-1.0,3,60,0.04877928302766035,0
CAND_0002453,0.000798637636872931,0.0,4.1,1.42,24.0,11.9,3,90,-0.030328609625668468,0
CAND_0002183,0.0007985383158866136,0.2,3.1,3.08,37.0,-1.0,3,120,0.006769304633618883,0
CAND_0002442,0.0007980845969672786,0.2,4.1,2.08,24.5,32.6,1,90,0.10035977653631281,1
CAND_0001315,0.0007978548371559042,0.2,8.6,0.0,25.5,-1.0,3,90,0.06175495158027397,0
CAND_0001649,0.0007968710937691483,0.2,4.7,4.67,28.0,5.6,3,90,0.029334292969152104,0
CAND_0001306,0.0007967864287075217,0.2,3.2,3.17,38.0,-1.0,3,60,0.10773251500285795,1
CAND_0002853,0.000795810398409898,0.4,9.8,3.5,39.0,-1.0,3,60,0.23371201836660785,2
CAND_0001839,0.0007956199109013561,0.0,5.0,1.17,19.67,-1.0,3,150,-0.03429198187107152,0
CAND_0001604,0.0007950756291079798,0.0,13.9,13.67,32.8,-1.0,2,90,0.01569658821126757,0
CAND_0001378,0.000794977846059766,0.2,4.8,4.75,57.0,29.1,2,60,0.15379453476725508,1
CAND_0001592,0.0007949424232579552,0.2,1.8,1.75,21.0,-1.0,2,60,0.09369379088841706,1
CAND_0000109,0.0007944540458667495,0.0,2.2,2.17,13.0,-1.0,3,90,-0.06231646503679827,0
CAND_0002028,0.000794399263294538,0.0,6.7,3.08,19.5,23.9,2,120,0.007582384529185304,0
CAND_0001466,0.0007943587783016863,0.0,3.2,1.08,19.0,-1.0,3,60,0.04768153434433541,0
CAND_0000409,0.0007942364708182375,0.0,2.8,2.75,33.0,-1.0,3,90,-0.056321034112817026,0
CAND_0001951,0.0007935121944028331,0.0,5.5,5.33,21.33,-1.0,2,150,-0.029336243917540514,0
CAND_0002759,0.0007932322740712913,0.4,3.0,0.0,36.0,-1.0,3,30,0.16565787775549712,2
CAND_0003133,0.0007930214115781126,0.0,3.7,3.67,44.0,36.5,3,90,-0.009846550356859635,0
CAND_0003489,0.0007927380678563214,0.2,10.5,7.08,24.6,-1.0,3,60,0.17564749942498276,2
CAND_0004556,0.0007926561479053526,0.4,6.8,2.5,40.5,-1.0,3,90,0.10364577910601239,1
CAND_0003313,0.0007924685142446998,0.0,3.8,3.75,22.5,16.0,2,90,-0.029358161200861307,0
CAND_0003265,0.000792340797174488,0.2,14.1,7.08,27.83,-1.0,3,30,0.17563915674066424,2
CAND_0002834,0.0007922623892804195,0.2,2.5,2.42,14.5,-1.0,3,60,0.10063751017488881,1
CAND_0002436,0.0007922168933272014,0.0,6.6,6.5,26.0,-1.0,2,90,-0.018363445240128784,0
CAND_0002146,0.0007916609932688835,0.0,5.0,2.17,29.5,-1.0,3,30,0.06562488085864655,0
CAND_0002815,0.0007913015580971965,0.2,2.2,2.17,26.0,-1.0,3,90,-0.0023826672799588805,0
CAND_0004571,0.0007910592113216765,0.0,3.0,3.0,36.0,-1.0,2,30,0.045612243437755204,0
CAND_0002046,0.0007908736677915438,0.0,10.1,8.58,29.75,-1.0,3,30,0.11560834702362242,1
CAND_0001611,0.000790846890950013,0.0,1.6,1.58,19.0,-1.0,2,120,-0.06839221529004974,0
CAND_0002654,0.0007906020840105124,0.2,5.2,4.08,31.0,40.5,3,60,0.16910264376422077,2
CAND_0000587,0.0007904695613213963,0.0,7.5,3.17,22.25,39.3,3,90,0.03089986078774931,0
CAND_0003241,0.0007903316590584946,0.0,4.6,4.58,55.0,-1.0,3,120,-0.038403035159771615,0
CAND_0000856,0.0007898993954555515,0.0,3.7,1.5,22.0,-1.0,3,120,-0.047412112695433425,0
CAND_0003546,0.0007897278404516252,0.0,8.8,2.33,34.67,-1.0,1,120,0.05358428464948414,0
CAND_0001207,0.0007896628426018007,0.0,7.7,3.25,30.33,-1.0,3,120,-0.0074170803053622,0
CAND_0004465,0.0007896277661892095,0.0,3.4,0.0,40.0,4.1,3,150,-0.045317816910026607,0
CAND_0003223,0.0007894794314159774,0.2,3.5,3.5,42.0,-1.0,3,90,0.010579068059735519,0
CAND_0001973,0.0007893693917508089,0.0,9.7,9.58,38.33,-1.0,3,30,0.11257675722676698,1
CAND_0001920,0.0007887634921634639,0.0,9.2,6.25,36.33,-1.0,3,90,0.007564033335432735,0
CAND_0003066,0.000788646598782729,0.0,2.1,2.08,25.0,-1.0,3,150,-0.06343842142556269,0
CAND_0004254,0.0007886440195034826,0.2,10.1,10.0,30.0,-1.0,2,90,0.07556152440957312,0
CAND_0002407,0.0007886435331230284,0.2,3.2,1.08,19.0,59.0,3,90,0.06756151419558357,0
CAND_0002165,0.0007885492989267401,0.0,10.4,10.25,30.75,-1.0,3,30,0.11555953527746154,1
CAND_0001048,0.0007881358650448885,0.2,12.3,8.08,36.5,-1.0,2,30,0.17555085316594266,2
CAND_0000064,0.0007880492220598641,0.4,4.5,4.42,26.5,-1.0,2,60,0.18054903366325714,2
CAND_0003760,0.0007874786377689833,0.2,6.2,6.17,24.67,-1.0,3,60,0.13753705139314865,1
CAND_0004865,0.0007870275208404705,0.2,5.9,2.75,35.0,-1.0,3,150,0.03452757793764988,0
CAND_0003432,0.0007857109470297231,0.2,1.6,0.0,19.0,-1.0,3,30,0.09149992988762418,1
CAND_0003005,0.0007850646914925473,0.4,5.1,3.33,30.0,-1.0,2,150,0.08648635852134348,1
CAND_0004819,0.0007845487685360737,0.2,14.2,14.0,33.6,-1.0,3,60,0.17547552413925754,2
CAND_0001362,0.0007844484098245195,0.2,12.0,8.67,28.4,-1.0,3,60,0.1754734166063149,2
CAND_0000711,0.0007842280363131804,0.2,12.9,12.75,38.25,14.3,2,150,0.0907687887625768,1
CAND_0001008,0.000784147081038802,0.0,1.6,0.0,19.0,-1.0,3,150,-0.06853291129818517,0
CAND_0001988,0.0007826633119910787,0.2,7.6,7.5,30.0,-1.0,3,150,0.05143592955181264,0
CAND_0002984,0.0007824412675351054,0.4,10.1,5.75,30.0,-1.0,3,90,0.1354312666182372,1
CAND_0000425,0.0007822950195871991,0.0,9.5,6.92,28.25,-1.0,3,60,0.11042819541133118,1
CAND_0004470,0.0007818324043245265,0.0,1.5,0.0,18.0,-1.0,3,90,-0.06958151950918495,0
CAND_0003261,0.0007815440772425594,0.0,4.9,4.83,29.0,-1.0,3,60,0.06441242562209375,0
CAND_0001249,0.0007814779501441179,0.2,2.8,2.75,33.0,-1.0,3,60,0.10341103695302648,1
CAND_0000039,0.000781395354349091,0.0,3.9,0.0,23.0,-1.0,3,30,0.05440930244133091,0
CAND_0004261,0.0007813886533493718,0.0,5.7,1.83,33.5,-1.0,3,60,0.0724091617203368,0
CAND_0000571,0.0007812450349404011,0.0,5.8,5.0,22.67,-1.0,3,90,-0.02659385426625159,0
CAND_0001711,0.000780981476178735,0.0,14.7,9.33,35.0,-1.0,3,90,0.015400610999753428,0
CAND_0000402,0.0007805712837496176,0.0,12.6,12.42,29.8,-1.0,1,60,0.16539199695874196,2
CAND_0002096,0.0007799269251415609,0.0,5.1,0.75,30.0,7.7,3,120,-0.02492153457202724,0
CAND_0003592,0.0007797480627494944,0.0,5.0,0.67,29.5,-1.0,3,30,0.06537470931773938,0
CAND_0001283,0.0007794881719389633,0.0,6.2,6.08,36.5,-1.0,2,30,0.07736925161071824,0
CAND_0003061,0.0007793247034958838,0.0,3.8,3.75,22.5,-1.0,3,150,-0.04663418122658645,0
CAND_0001486,0.0007790827181178173,0.2,6.4,6.33,38.0,40.6,3,90,0.08096073708047416,0
CAND_0003473,0.0007788812654253301,0.4,12.8,9.33,30.2,-1.0,3,60,0.23535650657393192,2
CAND_0001807,0.0007782101167315176,0.2,3.0,0.0,36.0,-1.0,1,120,0.05534241245136187,0
CAND_0000907,0.0007779744621849885,0.2,8.1,8.0,32.0,-1.0,3,60,0.15633746370588475,1
CAND_0002539,0.0007778927323707136,0.0,9.2,6.33,27.0,-1.0,3,30,0.10733574737978499,1
CAND_0004095,0.0007776571187818584,0.0,11.1,9.17,26.2,-1.0,3,90,0.015330799494419026,0
CAND_0002783,0.0007773497268626294,0.0,7.5,5.25,22.0,43.7,3,90,0.035024344264115215,0
CAND_0003464,0.0007769890564921621,0.0,9.1,9.0,36.0,-1.0,3,150,0.006316770186335391,0
CAND_0001063,0.000776750788494471,0.0,5.3,5.25,31.5,-1.0,2,120,-0.031688233441616115,0
CAND_0004234,0.0007766874345201209,0.0,1.3,1.25,15.0,-1.0,3,30,0.02831043612492254,0
CAND_0000231,0.0007765118747574313,0.2,6.9,1.67,27.33,25.5,3,60,0.17080674936990606,2
CAND_0002715,0.0007764452350439611,0.6,14.7,8.58,34.8,-1.0,3,60,0.29530534993592317,3
CAND_0002041,0.0007762298209660198,0.2,9.8,5.25,39.0,-1.0,3,150,0.07330082624028642,0
CAND_0003872,0.0007761474473019407,0.0,8.9,6.67,26.25,-1.0,3,30,0.10429909639334076,1
CAND_0004119,0.000775760702249071,0.0,9.7,4.67,28.75,-1.0,3,60,0.11229097474723047,1
CAND_0004078,0.0007756386359398367,0.2,2.1,2.08,25.0,-1.0,3,90,-0.003711588645263428,0
CAND_0001043,0.0007751112657301551,0.0,4.2,2.25,16.33,-1.0,3,120,-0.04272266341966675,0
CAND_0003807,0.0007750899776343468,0.0,14.9,14.75,35.4,-1.0,3,90,0.015276889530321275,0
CAND_0001179,0.0007747364736125654,0.2,13.1,8.67,25.83,44.7,3,30,0.22096946594586386,2
CAND_0002490,0.0007746333866540064,0.2,9.9,3.0,23.2,-1.0,3,60,0.17426730111973415,2
CAND_0000997,0.000773976169396236,0.0,5.8,2.5,17.0,-1.0,3,120,-0.026746500442679053,0
CAND_0002538,0.0007739107107210453,0.0,5.1,5.0,30.0,-1.0,3,120,-0.03374787507485806,0
CAND_0003343,0.0007738840216937839,0.0,6.0,5.92,23.67,29.0,3,150,0.005251564455569457,0
CAND_0001834,0.000773712549174522,0.0,10.1,5.58,39.67,-1.0,2,30,0.11524796353266496,1
CAND_0002703,0.0007735749014586126,0.0,6.7,6.67,26.67,-1.0,3,90,-0.01775492706936914,0
CAND_0003438,0.0007734450531743474,0.2,6.4,5.17,18.75,-1.0,1,60,0.1892423461166613,2
CAND_0003330,0.0007727233715890507,0.0,5.1,5.0,30.0,-1.0,2,30,0.06622719080337006,0
CAND_0003442,0.0007726638399564847,0.2,12.1,0.0,36.0,-1.0,3,30,0.1752259406390862,2
CAND_0004550,0.000772631238909178,0.2,7.4,7.25,29.0,38.8,1,90,0.13902525601709273,1
CAND_0003111,0.0007726214767892457,0.2,1.9,0.0,22.0,29.7,3,150,0.024925051012574154,0
CAND_0000953,0.0007720079643914776,0.0,12.1,9.58,28.6,49.9,3,30,0.16611216725222103,2
CAND_0003069,0.0007719600538943584,0.0,6.1,6.0,24.0,0.1,3,150,-0.022688838868218472,0
CAND_0004791,0.0007718524266530052,0.0,3.2,0.0,38.0,-1.0,3,90,-0.05279109904028689,0
CAND_0000512,0.0007718059040314645,0.2,11.7,11.58,34.75,-1.0,3,90,0.07520792398466075,0
CAND_0004508,0.0007714169260514983,0.0,13.3,6.25,31.6,-1.0,2,90,0.015199755447081464,0
CAND_0001518,0.00077134741801661,0.2,14.2,7.0,28.0,-1.0,3,90,0.0751982957783488,0
CAND_0000070,0.0007710338980815865,0.0,4.2,4.17,25.0,-1.0,3,90,-0.042808288140286685,0
CAND_0002798,0.0007706307554070064,0.2,1.9,1.83,22.0,-1.0,2,60,0.09418324586354714,1
CAND_0003584,0.0007700337202868747,0.2,11.8,11.67,35.0,49.0,3,90,0.12517070812602435,1
CAND_0004838,0.0007698229407236335,0.0,7.1,3.58,27.67,34.4,3,90,0.021566281755196287,0
CAND_0002580,0.0007696762152343815,0.2,8.7,3.75,34.33,-1.0,3,60,0.162163200519922,1
CAND_0002758,0.0007692047268170279,0.0,12.3,3.33,24.33,-1.0,3,60,0.1151532992631576,1
CAND_0001893,0.0007680610613567539,0.2,14.1,11.0,42.0,-1.0,2,60,0.17512928228849184,2
CAND_0003287,0.0007680459885205397,0.4,7.6,7.5,30.0,-1.0,3,150,0.1111289657589313,1
CAND_0004391,0.0007679971819392888,0.2,5.8,3.92,22.67,-1.0,3,60,0.13312794082072504,1
CAND_0002566,0.0007675491087813363,0.0,12.8,3.67,30.2,-1.0,3,120,0.015118531284408057,0
CAND_0004763,0.0007674503396534001,0.0,4.9,4.83,29.0,28.9,3,60,0.0940164571327214,1
CAND_0004250,0.0007668919341955176,0.2,7.6,7.5,45.0,-1.0,2,60,0.15110473061810586,1
CAND_0000701,0.0007663426267288216,0.2,11.0,9.17,26.0,-1.0,3,30,0.17509319516130525,2
CAND_0004292,0.0007662557769167577,0.2,5.6,0.0,33.5,-1.0,3,60,0.1310913713152519,1
CAND_0004629,0.0007660683886745508,0.0,10.8,10.75,43.0,44.3,3,90,0.060387436162165575,0
CAND_0001188,0.0007658342350805299,0.0,12.7,8.67,30.0,-1.0,2,90,0.01508251893669113,0
CAND_0003115,0.0007658282400188908,0.4,2.0,2.0,24.0,-1.0,3,120,0.05508239304039669,0
CAND_0001285,0.0007656738565527473,0.0,12.0,3.25,35.5,-1.0,2,90,0.01507915098760769,0
CAND_0004102,0.0007652591893888732,0.0,1.6,1.58,19.0,26.7,3,120,-0.041229557022833666,0
CAND_0002293,0.0007651152020048473,0.2,11.2,5.33,33.25,-1.0,3,90,0.07506741924210178,0
CAND_0000147,0.0007645915336932506,0.0,5.2,0.0,31.0,-1.0,3,60,0.06705642220755827,0
CAND_0003929,0.0007643918329442791,0.0,13.7,5.33,27.0,-1.0,3,90,0.015052228491829855,0
CAND_0001671,0.0007640223459583034,0.0,11.9,5.83,28.2,-1.0,3,30,0.11504446926512438,1
CAND_0003628,0.0007635622789477754,0.4,4.6,3.83,27.0,-1.0,3,60,0.18103480785790327,2
CAND_0003714,0.000763352967070734,0.0,13.6,12.0,32.4,33.4,1,150,0.0994304123084854,1
CAND_0002266,0.0007625083836912093,0.0,13.0,6.08,38.5,39.5,3,60,0.1555126760575154,1
CAND_0004228,0.0007618038379488124,0.2,12.1,5.17,28.6,-1.0,2,90,0.07499788059692505,0
CAND_0000050,0.0007616579865587239,0.0,13.5,3.0,40.0,44.7,1,90,0.11069481771773318,1
CAND_0000586,0.0007614728056418657,0.0,6.2,5.42,24.33,22.4,1,90,0.05039092891847918,0
CAND_0001440,0.000761306266548985,0.0,7.5,6.0,22.0,-1.0,3,30,0.08998743159752867,1
CAND_0004854,0.0007612108493248416,0.2,5.2,2.17,31.0,-1.0,3,90,0.026985427835821668,0
CAND_0002901,0.0007611704426933586,0.0,11.5,9.67,27.2,-1.0,3,60,0.11498457929656053,1
CAND_0003667,0.0007611547502933435,0.0,3.9,0.0,46.0,35.6,1,90,0.040584249756160234,0
CAND_0001566,0.0007610557171624486,0.2,1.7,1.67,20.0,3.8,3,60,0.09678217006041141,1
CAND_0003436,0.0007609162529971782,0.0,10.9,4.67,32.25,-1.0,3,60,0.11497924131294074,1
CAND_0001082,0.000760794920842071,0.2,6.8,6.67,26.67,-1.0,2,60,0.14297669333768348,1
CAND_0001259,0.0007593695782390436,0.2,12.8,7.17,30.4,-1.0,3,60,0.17494676114301994,2
CAND_0001900,0.000759325717626033,0.4,6.4,1.58,19.0,0.8,3,60,0.20074584007014667,2
CAND_0004914,0.0007591546845178204,0.0,6.6,6.42,25.67,25.0,3,120,0.006942248374874227,0
CAND_0000826,0.0007584010756333096,0.2,9.3,5.83,36.67,17.1,3,120,0.08602642258829951,1
CAND_0004598,0.0007583646748656689,0.0,11.5,10.33,22.67,-1.0,3,60,0.11492565817217905,1
CAND_0001333,0.0007581861555983553,0.0,10.5,5.33,31.25,-1.0,3,60,0.11492190926756546,1
CAND_0002938,0.0007580970731259748,0.4,8.6,8.58,34.33,-1.0,3,120,0.12092003853564545,1
CAND_0003934,0.0007576898337855538,0.4,1.8,1.75,21.0,19.7,3,90,0.07361148650949664,0
CAND_0004074,0.0007575757575757576,0.2,5.7,0.0,22.33,19.5,3,30,0.15240909090909088,1
CAND_0003665,0.0007572389946292296,0.2,1.4,1.33,16.0,-1.0,1,60,0.13890201888721382,1
CAND_0004050,0.0007571430056552156,0.0,6.4,2.75,25.33,-1.0,3,90,-0.02109999688124048,0
CAND_0004213,0.0007569410574459492,0.0,8.7,0.83,34.0,36.0,3,30,0.13889576220636493,1
CAND_0003621,0.0007568153305919566,0.0,14.5,10.0,34.4,-1.0,1,120,0.0648931219424311,0
CAND_0004192,0.0007566015836542177,0.0,13.1,4.75,25.83,48.6,3,90,0.06448863325673856,0
CAND_0004864,0.0007564009293633245,0.0,1.6,1.58,19.0,-1.0,3,90,-0.06911558048337019,0
CAND_0004682,0.0007560923924560287,0.4,14.7,6.58,34.6,12.8,3,150,0.1486779402415766,1
CAND_0004076,0.0007554555446870146,0.0,3.8,3.75,22.5,-1.0,3,60,0.0528645664384273,0
CAND_0002134,0.0007552870090634441,0.0,3.7,0.67,22.0,-1.0,3,60,0.05186102719033233,0
CAND_0003185,0.000754064843037956,0.0,13.5,9.33,32.2,-1.0,3,60,0.11483536170379707,1
CAND_0002621,0.0007536027011485053,0.0,4.9,0.0,29.0,-1.0,2,90,-0.0361743432758814,0
CAND_0000913,0.0007535795026375283,0.4,3.7,2.25,21.5,-1.0,3,90,0.07182516955538809,0
CAND_0000357,0.0007534081002364447,0.0,7.7,7.67,46.0,18.7,1,90,0.06152157010496531,0
CAND_0001826,0.0007533943760270716,0.2,13.5,6.67,31.8,-1.0,2,120,0.0748212818965685,0
CAND_0004489,0.0007533522297098593,0.0,14.1,8.58,33.2,40.9,3,60,0.15672039682390704,1
CAND_0002421,0.000753188807971015,0.2,1.7,0.0,20.0,-1.0,3,150,-0.008183035032608699,0
CAND_0001105,0.0007530120481927711,0.2,4.7,1.0,18.33,-1.0,3,60,0.12181325301204819,1
CAND_0001211,0.000752905843213062,0.2,5.8,5.75,34.5,8.6,3,30,0.1424110227074743,1
CAND_0001377,0.0007527848955060897,0.0,13.4,3.83,22.43,-1.0,2,120,0.014808482805627882,0
CAND_0002369,0.000752677069925046,0.2,2.3,2.25,27.0,-1.0,3,90,-0.0021937815315740405,0
CAND_0002461,0.0007520705520739907,0.2,9.5,8.25,28.0,39.1,3,30,0.20989348159355378,2
CAND_0004809,0.0007510299094904819,0.2,9.3,6.33,27.5,-1.0,3,60,0.16777162809930013,2
CAND_0004930,0.000750571448835805,0.2,6.0,5.83,23.33,-1.0,3,90,0.03476200042555189,0
CAND_0001553,0.0007501530511797751,0.0,9.7,6.83,28.75,-1.0,3,120,0.011753214074775253,0
CAND_0000154,0.0007494387640455753,0.2,9.9,3.0,39.33,-1.0,3,150,0.07373821404495709,0
CAND_0001245,0.0007492152583024299,0.0,3.4,3.33,20.0,-1.0,2,60,0.04873352042435103,0
CAND_0000890,0.0007492045448213221,0.2,2.6,0.0,31.0,-1.0,2,30,0.10073329544124776,1
CAND_0002349,0.0007490752999861555,0.0,2.6,2.58,31.0,-1.0,3,120,-0.05926941870029074,0
CAND_0003507,0.0007489374078701225,0.0,3.8,0.0,22.5,11.4,3,60,0.06512768556527257,0
CAND_0004461,0.0007488644353310613,0.0,12.7,1.58,30.0,30.0,2,30,0.1457261531419523,1
CAND_0001679,0.0007488418204991138,0.2,7.4,0.0,29.33,-1.0,3,60,0.14872567823048138,1
CAND_0003409,0.0007486637147479195,0.0,7.0,2.58,27.67,-1.0,3,30,0.08472193800970632,1
CAND_0003134,0.0007486286869997674,0.2,1.6,0.0,19.0,-1.0,3,90,-0.009278797573004899,0
CAND_0004538,0.000748591173544138,0.0,10.6,10.5,31.5,-1.0,3,60,0.11472041464442691,1
CAND_0000269,0.0007480115751001531,0.0,14.3,8.25,28.17,19.0,3,60,0.13470824307710322,1
CAND_0003686,0.0007475771836426425,0.0,12.4,12.25,29.4,-1.0,3,120,0.014699120856495496,0
CAND_0001270,0.0007472410219931671,0.2,3.8,1.0,22.5,-1.0,1,60,0.1626920614618565,1
CAND_0002766,0.0007471963125612457,0.0,7.4,4.92,17.4,-1.0,1,60,0.13869112256378618,1
CAND_0002343,0.0007468259895444362,0.0,3.3,1.33,19.0,49.7,3,30,0.09838334578043317,1
CAND_0000141,0.0007465982965075524,0.2,1.5,1.5,18.0,-1.0,3,90,-0.010321435773341409,0
CAND_0001817,0.0007456982790894537,0.0,1.8,0.0,21.0,-1.0,2,60,0.03265966386087853,0
CAND_0004618,0.0007451564828614009,0.0,3.2,0.0,19.0,-1.0,3,60,0.04664828614008942,0
CAND_0000137,0.0007444631555584376,0.0,10.9,3.0,25.8,43.9,3,60,0.15953372626672718,1
CAND_0000217,0.0007443076381269725,0.0,4.5,4.42,17.67,-1.0,3,90,-0.040369539599333586,0
CAND_0002232,0.0007442682755075051,0.2,3.9,3.83,46.0,48.3,2,60,0.1629296337856576,1
CAND_0001234,0.0007441516521867373,0.0,3.3,0.0,39.0,-1.0,3,60,0.04762718469592148,0
CAND_0000366,0.0007440070274393767,0.2,1.7,1.67,10.0,-1.0,2,30,0.0916241475762269,1
CAND_0000543,0.0007438284018293754,0.0,6.7,6.67,26.67,-1.0,3,30,0.08162039643841688,0
CAND_0004025,0.0007433967335507235,0.0,3.7,3.58,21.5,19.8,3,60,0.0724113314045652,0
CAND_0000672,0.0007426923926363777,0.2,2.1,2.08,25.0,-1.0,3,30,0.09559654024536393,1
CAND_0002918,0.0007422115004134865,0.0,13.5,6.75,22.57,38.9,3,30,0.15448644150868324,1
CAND_0000486,0.0007421547445240117,0.2,7.8,5.33,23.0,45.4,3,30,0.19898524963500425,2
CAND_0001728,0.0007420461495979334,0.0,12.8,9.67,30.4,23.5,2,60,0.1390829691415566,1
CAND_0004169,0.000741927368466664,0.2,5.2,1.25,20.33,19.4,2,120,0.04698047473779993,0
CAND_0002247,0.0007413040329422476,0.4,10.9,6.0,32.25,-1.0,2,30,0.2345673846917872,2
CAND_0002975,0.0007412060233539411,0.0,2.8,2.75,33.0,-1.0,3,60,0.04256532649043276,0
CAND_0000572,0.000741073788187163,0.0,6.1,0.0,36.0,-1.0,1,30,0.1255625495519304,1
CAND_0001809,0.0007408537610459424,0.0,3.4,2.58,20.0,25.8,3,60,0.07535792898196479,0
CAND_0003867,0.0007407835061152938,0.0,1.6,1.08,9.5,-1.0,2,120,-0.06944354637157885,0
CAND_0002495,0.0007407363425912182,0.0,6.2,6.08,36.5,-1.0,3,150,-0.02344453680558442,0
CAND_0002520,0.0007406800603466519,0.2,14.4,10.75,34.2,-1.0,3,90,0.07455428126727967,0
CAND_0001451,0.0007394707380865072,0.2,5.6,3.42,22.0,12.1,3,60,0.14362888549981664,1
CAND_0000019,0.0007391797803159852,0.0,6.5,3.67,25.67,-1.0,1,60,0.1295227753866357,1
CAND_0004909,0.0007390983000739098,0.0,4.7,4.58,18.33,-1.0,3,120,-0.0384789356984479,0
CAND_0000226,0.0007389239124085088,0.0,3.5,0.5,21.0,49.0,3,150,-0.0004825978394213115,0
CAND_0001977,0.0007381996232843393,0.0,11.6,11.42,34.25,-1.0,3,90,0.01450219208897112,0
CAND_0004634,0.0007381725273684959,0.0,7.6,4.67,30.0,24.2,3,30,0.11570162307473841,1
CAND_0000363,0.0007379661451740317,0.0,2.1,2.08,25.0,-1.0,3,150,-0.06450271095134534,0
CAND_0004058,0.0007377886871846153,0.0,2.2,2.17,26.0,46.9,3,90,-0.015606437569123083,0
CAND_0000904,0.0007377651557614937,0.0,2.5,2.42,14.5,-1.0,3,60,0.03949306827099137,0
CAND_0000026,0.00073710173823992,0.2,6.8,6.67,26.67,-1.0,3,30,0.14247913650303834,1
CAND_0002193,0.0007367131573359957,0.0,2.7,2.58,15.5,-1.0,3,60,0.04147097630405591,0
CAND_0000753,0.0007364079199640199,0.2,7.8,0.58,30.67,-1.0,2,150,0.05246456631924443,0
CAND_0003267,0.0007363774209852778,0.0,10.1,6.42,40.0,-1.0,3,90,0.014463925840690825,0
CAND_0001885,0.0007362053096253027,0.2,10.2,7.08,30.0,-1.0,3,60,0.17446031150213137,2
CAND_0001740,0.0007357369990638017,0.2,12.2,10.83,29.0,-1.0,3,120,0.07445047698033982,0
CAND_0000303,0.0007355173247969722,0.2,2.3,2.25,27.0,-1.0,3,150,-0.0025541361792635886,0
CAND_0003486,0.0007353228686498299,0.2,1.7,0.0,20.0,39.3,3,30,0.13174178024164643,1
CAND_0003192,0.0007352839331754333,0.2,4.8,0.0,28.5,6.0,3,30,0.12944096259668408,1
CAND_0004435,0.0007351023800678192,0.2,12.4,9.92,29.2,-1.0,3,30,0.1744371499814242,2
CAND_0001181,0.0007349520413265745,0.0,6.4,0.0,38.0,-1.0,3,30,0.07843399286785807,0
CAND_0004765,0.0007346556717960227,0.0,2.4,2.33,28.0,-1.0,3,150,-0.06157223089228353,0
CAND_0003060,0.000734477504003306,0.0,3.6,1.83,21.0,-1.0,3,150,-0.04957597241593058,0
CAND_0000167,0.0007344680024948678,0.0,9.1,5.67,21.4,44.6,3,60,0.15102382805239223,1
CAND_0003854,0.000734085257112735,0.0,5.8,0.0,22.67,44.1,3,90,0.01751579039936743,0
CAND_0003017,0.0007336245679531157,0.2,10.5,9.0,31.0,-1.0,3,90,0.07440611592701543,0
CAND_0001926,0.0007335296956384271,0.2,5.4,2.33,32.0,-1.0,3,60,0.12840412360840697,1
CAND_0003814,0.0007333984485166357,0.0,9.8,9.67,38.67,-1.0,2,150,0.01240136741884934,0
CAND_0002446,0.0007333413145492018,0.2,5.1,5.08,30.5,-1.0,3,150,0.025400167605533236,0
CAND_0001128,0.0007331378299120235,0.4,6.4,4.17,25.33,-1.0,1,90,0.14839589442815246,1
CAND_0000735,0.0007328983583550545,0.0,7.4,7.33,44.0,-1.0,3,90,-0.011609134474543856,0
CAND_0004542,0.0007328827823394929,0.2,2.1,0.75,12.0,-1.0,2,120,-0.0046094615708706516,0
CAND_0003160,0.0007327238456246903,0.2,6.0,0.83,23.33,-1.0,3,60,0.1343872007581185,1
CAND_0002682,0.0007320740398557294,0.0,6.2,3.83,36.5,-1.0,3,90,-0.023626445163029683,0
CAND_0004042,0.0007318772052916832,0.0,1.8,0.0,21.0,-1.0,3,30,0.03236942131112534,0
CAND_0000914,0.0007316393247007608,0.0,10.4,8.25,24.6,-1.0,3,120,0.01436442581871597,0
CAND_0001317,0.0007316258054166779,0.0,9.1,1.83,21.4,-1.0,3,120,0.005364141913750231,0
CAND_0004223,0.0007309941520467836,0.2,8.4,0.0,25.0,3.6,3,30,0.16295087719298246,1
CAND_0004584,0.0007308075824192857,0.0,2.4,2.33,28.0,-1.0,3,90,-0.061653040769195006,0
CAND_0002596,0.0007307864549962229,0.0,12.5,10.25,29.6,-1.0,3,150,0.014346515554920683,0
CAND_0002655,0.0007303465765004227,0.2,12.2,9.42,36.25,-1.0,1,150,0.12433727810650888,1
CAND_0004971,0.0007295023272466882,0.0,2.7,0.0,32.0,11.8,3,60,0.054119548872180456,0
CAND_0000199,0.0007294225942967619,0.0,3.6,3.58,21.5,-1.0,1,90,0.0003178744802320027,0
CAND_0003008,0.0007292744457181818,0.0,12.7,11.33,29.8,37.9,3,60,0.15321476336008183,1
CAND_0002480,0.0007292209669419445,0.0,2.7,2.67,32.0,10.8,1,90,0.003113640305780846,0
CAND_0000459,0.0007288307845505224,0.0,7.9,6.75,23.5,-1.0,3,30,0.09330544647556097,1
CAND_0000266,0.0007288018692130888,0.0,2.7,2.67,32.0,-1.0,2,30,0.04130483925347487,0
CAND_0002173,0.000728447707902614,0.0,6.8,1.33,26.67,-1.0,3,120,-0.01770259813404511,0
CAND_0003703,0.0007283321194464676,0.4,9.0,2.83,26.5,-1.0,1,150,0.1742949745083758,2
CAND_0004294,0.0007282810605515758,0.0,5.2,5.08,30.5,-1.0,2,30,0.06629390227158309,0
CAND_0002852,0.0007281177712614979,0.4,6.2,2.25,18.25,-1.0,2,60,0.19629047319649146,2
CAND_0000193,0.0007261672193072408,0.4,5.7,1.67,34.0,33.6,3,90,0.12584951160545202,1
CAND_0001538,0.0007261047328676104,0.2,12.4,6.58,36.5,-1.0,3,90,0.07424819939021982,0
CAND_0001176,0.0007256782665927852,0.2,2.6,2.58,15.5,0.9,3,90,0.0021392435984484842,0
CAND_0000439,0.0007254695047143507,0.2,13.5,11.33,26.5,-1.0,3,150,0.07423485959900136,0
CAND_0001985,0.0007253525556292796,0.2,1.0,1.0,12.0,-1.0,3,90,-0.015767596331785136,0
CAND_0001517,0.0007253110430827182,0.0,12.8,12.67,30.4,-1.0,3,120,0.014231531904737083,0
CAND_0004850,0.0007228261922756429,0.0,9.2,3.17,27.25,33.3,2,150,0.04047935003778849,0
CAND_0004437,0.0007228109457537913,0.2,5.4,2.83,21.33,30.9,3,90,0.060079029860829636,0
CAND_0004190,0.0007225416873134587,0.4,3.9,0.0,23.0,-1.0,3,120,0.07317337543358263,0
CAND_0004341,0.0007221040592330999,0.0,8.7,8.5,20.4,-1.0,3,90,0.0011641852438950828,0
CAND_0002143,0.0007216131386039619,0.2,5.2,2.33,20.33,34.3,3,60,0.16145387591068322,1
CAND_0003213,0.0007214636381819978,0.0,6.2,0.0,36.5,-1.0,2,60,0.07615073640182196,0
CAND_0002796,0.0007210814403971791,0.0,3.4,3.33,20.0,18.4,3,120,-0.032457289751659235,0
CAND_0001629,0.00072088051436579,0.2,12.4,3.5,29.2,-1.0,3,30,0.1741384908016816,2
CAND_0003896,0.0007208273284119614,0.2,9.8,4.75,19.17,-1.0,3,120,0.07213737389665117,0
CAND_0001982,0.0007208271412059089,0.4,14.3,6.67,34.2,36.3,3,60,0.2714373699653241,3
CAND_0001484,0.0007208027265606807,0.2,13.0,12.25,30.8,-1.0,3,90,0.07413685725777427,0
CAND_0001831,0.0007195302597076793,0.4,10.3,4.42,30.5,42.8,3,30,0.2779101354538613,3
CAND_0002054,0.0007194686007498232,0.0,3.3,0.0,19.5,-1.0,2,150,-0.05289115938425372,0
CAND_0000237,0.0007188753777447735,0.2,14.9,9.33,29.33,-1.0,3,90,0.07409638293264023,0
CAND_0003155,0.0007187483576986451,0.4,6.8,3.0,40.5,-1.0,3,30,0.20209371551167155,2
CAND_0002626,0.0007183976892875404,0.0,9.6,6.5,28.5,-1.0,3,90,0.010086351475038335,0
CAND_0003376,0.0007182623854152883,0.2,9.3,3.33,22.0,-1.0,3,90,0.06708351009372107,0
CAND_0004989,0.0007175422804745073,0.0,12.6,7.0,24.83,-1.0,3,30,0.11406838788996465,1
CAND_0004178,0.000716888043201302,0.2,4.8,1.33,28.0,-1.0,3,150,0.02205464890722733,0
CAND_0004426,0.0007168670757057938,0.2,2.0,2.0,24.0,-1.0,3,60,0.09405420858982166,1
CAND_0003462,0.0007164253898114927,0.0,8.3,8.25,33.0,-1.0,3,90,-0.0029550668139586567,0
CAND_0001692,0.0007164176202168634,0.0,14.2,8.58,28.0,-1.0,2,60,0.11404477002455414,1
CAND_0004272,0.0007163415267103819,0.0,2.7,2.58,15.5,-1.0,2,90,-0.05895682793908198,0
CAND_0004547,0.0007159044324972,0.0,3.2,3.08,18.5,-1.0,3,60,0.0460339930824412,0
CAND_0000908,0.0007157703462392518,0.2,2.9,0.0,34.0,-1.0,3,90,0.0030311772710242824,0
CAND_0002820,0.0007155214884871782,0.2,8.9,5.17,35.0,-1.0,3,60,0.16302595125823074,2
CAND_0002630,0.0007152522029363038,0.0,14.3,13.0,28.33,-1.0,1,30,0.16402029626166237,2
CAND_0000279,0.0007150358488189246,0.0,2.9,1.17,17.0,-1.0,2,120,-0.05698424717480259,0
CAND_0003463,0.0007146739881750942,0.2,6.9,1.75,27.33,-1.0,2,150,0.043008153751676964,0
CAND_0003323,0.0007144670322267652,0.2,3.0,3.0,36.0,-1.0,2,90,0.004003807676762061,0
CAND_0000495,0.0007144286035064577,0.2,1.8,0.0,21.0,40.2,2,120,0.0332030006736356,0
CAND_0004257,0.000714222192578759,0.2,4.1,2.58,24.0,6.7,3,60,0.12269866604415393,1
CAND_0003246,0.0007140557594488442,0.2,7.9,7.83,47.0,-1.0,3,90,0.052995170948425735,0
CAND_0000028,0.0007139230966565146,0.2,1.1,0.0,13.0,-1.0,3,60,0.0849923850297868,1
CAND_0002747,0.0007136915070381419,0.4,10.6,10.5,31.5,-1.0,2,60,0.23398752164780098,2
CAND_0002871,0.0007134943345456688,0.2,1.1,0.0,13.0,48.6,3,60,0.13458338102545903,1
CAND_0002248,0.0007133271239571754,0.0,3.9,3.83,23.0,-1.0,3,30,0.05297986960310068,0
CAND_0001161,0.0007130193918457961,0.2,12.1,7.83,28.6,-1.0,3,90,0.0739734072287617,0
CAND_0003225,0.0007126787577334148,0.0,14.8,9.25,21.75,-1.0,3,30,0.11396625391240171,1
CAND_0001593,0.0007125332504942049,0.0,7.2,7.17,28.67,-1.0,3,150,-0.014036801739621699,0
CAND_0004219,0.0007121945499173065,0.0,4.6,4.58,27.5,19.3,3,150,-0.019743914451736566,0
CAND_0002364,0.0007121720951867789,0.2,1.4,0.0,16.0,11.6,3,90,0.0005556139989223441,0
CAND_0003182,0.0007120174110983566,0.0,9.6,3.67,28.5,41.2,1,150,0.10215236563306548,1
CAND_0000478,0.0007120041819429171,0.0,2.2,2.17,26.0,-1.0,3,60,0.03595208782080126,0
CAND_0004081,0.0007119372523222949,0.0,5.9,5.83,23.33,32.1,3,90,0.006050682298768192,0
CAND_0002720,0.0007115323437345603,0.0,4.6,4.58,55.0,38.2,3,120,-0.0008578207815742311,0
CAND_0003135,0.0007114007683920816,0.2,7.5,2.08,29.67,-1.0,1,60,0.19893941613623373,2
CAND_0003424,0.0007112293592734111,0.0,3.8,2.75,22.5,37.7,2,120,-0.00936418345525837,0
CAND_0000080,0.0007109026583260971,0.2,8.3,3.83,32.67,-1.0,1,90,0.10692895582484804,1
CAND_0004068,0.0007106825994672392,0.0,10.3,5.83,40.67,-1.0,3,150,0.013924334588812023,0
CAND_0000639,0.0007103438857514841,0.4,11.5,2.75,22.33,33.4,2,90,0.16831722160078114,2
CAND_0003646,0.0007103281550748469,0.4,12.1,12.0,36.0,31.6,3,30,0.2665168912565718,3
CAND_0004872,0.0007102272727272727,0.6,2.7,0.83,15.5,60.1,2,90,0.1820147727272727,2
CAND_0000214,0.0007100432839262597,0.0,9.5,3.67,37.67,-1.0,1,90,0.058910908962451464,0
CAND_0001666,0.0007098045461216816,0.4,7.2,7.08,28.33,44.9,3,30,0.2518058954685553,3
CAND_0000209,0.0007097861578598776,0.0,10.3,2.42,30.5,6.3,3,120,0.021205509315057436,0
CAND_0004260,0.0007097129338321717,0.2,9.0,8.83,26.5,-1.0,3,60,0.1639039716104756,2
CAND_0001605,0.0007096127832906408,0.0,12.5,10.33,24.5,-1.0,3,150,0.01390186844910346,0
CAND_0002383,0.0007095838838288768,0.0,10.7,3.25,25.4,-1.0,2,150,0.013901261560406414,0
CAND_0001069,0.0007095398687378782,0.0,9.9,5.58,39.0,-1.0,3,30,0.11290033724349545,1
CAND_0002374,0.0007086625957854406,0.4,8.3,6.58,32.67,17.0,3,30,0.23488191451149426,2
CAND_0002564,0.0007086551040846522,0.0,6.1,6.0,24.0,22.8,3,60,0.0986817571857777,1
CAND_0003549,0.0007084270481824916,0.0,3.1,0.0,37.0,-1.0,3,90,-0.05512303198816768,0
CAND_0001685,0.0007080416263640024,0.0,10.4,5.92,30.75,-1.0,3,60,0.11386887415364405,1
CAND_0003279,0.0007077252100567911,0.4,7.5,7.33,29.33,36.6,3,60,0.24646222941119258,2
CAND_0002149,0.0007075100267915493,0.0,12.8,6.33,25.33,-1.0,3,150,0.013857710562622527,0
CAND_0002613,0.000707442888725129,0.0,6.0,5.92,35.5,-1.0,2,90,-0.026143699336772297,0
CAND_0004890,0.0007073158165120726,0.0,3.9,3.83,23.0,-1.0,3,30,0.052853632146753524,0
CAND_0001303,0.0007068790938527614,0.0,10.9,8.33,21.33,-1.0,3,60,0.11384446097090799,1
CAND_0003892,0.000706801939022992,0.2,11.5,10.17,27.2,-1.0,3,120,0.07384284071948283,0
CAND_0000095,0.0007064289621997589,0.0,6.7,3.58,40.0,-1.0,2,150,-0.01916499179380507,0
CAND_0000436,0.0007058709163927555,0.2,8.8,3.75,34.67,21.5,3,60,0.18432328924424787,2
CAND_0001972,0.0007053958231912707,0.0,8.8,4.58,26.25,-1.0,3,90,0.0018133122870166857,0
CAND_0002124,0.0007047760049324554,0.2,14.5,8.08,24.57,-1.0,3,90,0.07380029610358155,0
CAND_0004476,0.0007047091356224846,0.0,11.4,8.67,33.75,-1.0,2,120,0.013798891848072176,0
CAND_0004519,0.0007042253521126761,0.2,4.0,2.5,24.0,-1.0,3,90,0.013788732394366177,0
CAND_0001664,0.0007039513984723175,0.0,9.2,6.17,36.67,-1.0,1,30,0.15578297936791868,1
CAND_0004036,0.0007036511170218285,0.0,9.0,5.58,35.33,-1.0,2,60,0.10377667345745839,1
CAND_0004340,0.000703558549170245,0.2,1.7,1.67,20.0,-1.0,3,120,-0.00922527046742487,0
CAND_0002217,0.0007031022525741813,0.0,8.1,6.75,32.0,-1.0,3,60,0.09476514730405781,1
CAND_0004182,0.0007019817616592456,0.2,3.2,3.17,19.0,28.5,3,90,0.035241616994844155,0
CAND_0004040,0.0007016313143433821,0.0,5.9,1.83,35.0,-1.0,2,150,-0.027265742398788984,0
CAND_0003001,0.0007016227348302403,0.0,4.5,4.42,26.5,22.2,3,30,0.08193407743143505,0
CAND_0002608,0.0007012705372085896,0.2,6.9,5.25,27.33,46.0,3,150,0.0897266812813804,1
CAND_0001123,0.0007005054496205489,0.0,8.4,0.0,24.75,45.4,2,90,0.044110614442031515,0
CAND_0000416,0.00070049984007919,0.2,2.4,0.0,28.0,-1.0,1,120,0.047710496641662964,0
CAND_0000954,0.0007003551340366743,0.2,3.7,3.67,44.0,14.5,3,60,0.12620745781477016,1
CAND_0003054,0.0007000815067781899,0.0,5.9,5.83,35.0,37.7,2,60,0.111401711642342,1
CAND_0001286,0.0006996155721879514,0.2,1.8,1.75,21.0,-1.0,3,90,-0.008308072984053033,0
CAND_0000387,0.000699586341876811,0.0,10.4,10.33,31.0,-1.0,1,90,0.06369131317941304,0
CAND_0003502,0.0006993006993006993,0.4,8.3,3.0,33.0,15.1,1,120,0.1827853146853147,2
CAND_0000942,0.0006992085828492994,0.0,6.0,3.08,35.5,-1.0,3,90,-0.026316619760164722,0
CAND_0003065,0.0006984281089619899,0.2,13.2,5.08,31.2,-1.0,2,60,0.1736669902882018,2
CAND_0003229,0.0006982150851746883,0.0,12.6,11.25,29.8,9.6,3,90,0.024262516788668448,0
CAND_0004967,0.0006977826355146256,0.0,14.0,8.25,33.4,-1.0,3,150,0.013653435345807138,0
CAND_0000861,0.0006974405923633857,0.2,2.0,2.0,12.0,47.0,3,60,0.14164625243963108,1
CAND_0003355,0.0006973524361523791,0.0,1.7,1.67,20.0,-1.0,3,150,-0.06935559884080005,0
CAND_0000523,0.0006970761232746566,0.2,12.8,10.92,30.2,20.7,1,150,0.14533859858876777,1
CAND_0003199,0.0006969923399076493,0.2,6.1,3.75,24.0,-1.0,1,30,0.18463683913806062,2
CAND_0004163,0.0006967786702417577,0.2,2.9,2.83,17.0,-1.0,2,90,0.0026323520750768936,0
CAND_0000430,0.0006966602092661483,0.2,9.3,2.83,27.5,20.4,3,120,0.08802986439458912,1
CAND_0001099,0.0006964794004647975,0.2,11.3,7.67,26.8,14.8,3,60,0.18942606740976076,2
CAND_0003521,0.0006957733674075501,0.0,10.8,6.58,32.0,-1.0,3,120,0.013611240715558554,0
CAND_0002003,0.00069569614099663,0.2,11.7,7.42,46.33,47.1,3,90,0.12170961896092924,1
CAND_0002977,0.0006949150264816376,0.0,13.9,9.83,32.8,-1.0,3,120,0.013593215556114382,0
CAND_0004145,0.0006945321083759964,0.0,2.4,2.33,28.0,46.7,3,60,0.08528517427589594,1
CAND_0002332,0.0006945290414581101,0.4,5.0,3.92,19.67,-1.0,3,60,0.18358510987062032,2
CAND_0001084,0.0006940772373981252,0.0,7.5,1.83,29.67,-1.0,3,90,-0.011424378014639386,0
CAND_0003737,0.0006938229614502924,0.2,8.6,8.5,25.5,15.5,3,30,0.17607028219045612,2
CAND_0004795,0.0006936961633422629,0.0,6.1,2.25,36.0,-1.0,2,90,-0.02543238056981248,0
CAND_0003128,0.0006936185300044431,0.0,6.4,3.33,38.0,-1.0,2,30,0.0775659891300933,0
CAND_0003949,0.0006933060608952856,0.0,5.0,0.0,19.67,-1.0,3,30,0.063559427278801,0
CAND_0003335,0.0006929890362430044,0.4,12.4,12.25,36.75,-1.0,3,60,0.2335527697611031,2
CAND_0001579,0.0006927061929490293,0.0,4.7,4.67,56.0,-1.0,3,60,0.060546830051929616,0
CAND_0000935,0.0006926706628711324,0.0,5.7,5.67,22.67,-1.0,1,150,0.02054608392029378,0
CAND_0000172,0.0006922578695503451,0.2,10.9,7.25,32.25,-1.0,3,60,0.17353741526055724,2
CAND_0000484,0.0006922226225658213,0.6,9.7,8.0,23.0,-1.0,3,150,0.1905366750738822,2
CAND_0004954,0.0006922129989140298,0.0,11.4,5.58,27.2,-1.0,3,60,0.11353647297719463,1
CAND_0003629,0.0006921706599661199,0.0,5.8,0.0,34.0,0.6,1,60,0.12313558385928852,1
CAND_0003437,0.0006920279849028813,0.4,14.5,10.17,34.4,-1.0,1,90,0.18353258768296052,2
CAND_0001779,0.0006919672205504849,0.2,5.8,5.67,22.67,-1.0,3,60,0.13153131163156018,1
CAND_0002136,0.0006919591680279712,0.4,3.1,2.0,18.5,-1.0,1,60,0.2145311425285874,2
CAND_0001335,0.0006918763144087784,0.0,1.7,1.67,20.0,-1.0,3,120,-0.06947059739741565,0
CAND_0001720,0.0006917922335662955,0.2,1.1,1.08,13.0,35.4,3,60,0.1209276369048922,1
CAND_0004061,0.0006917908768957283,0.0,5.1,1.92,20.0,-1.0,3,150,-0.03547239158518972,0
CAND_0000441,0.0006916948795929688,0.2,7.5,5.17,21.75,-1.0,2,90,0.04852559247145233,0
CAND_0004950,0.0006916913977827974,0.0,13.3,4.75,39.5,-1.0,3,90,0.013525519353438736,0
CAND_0000299,0.0006916233179405991,0.0,10.1,4.42,29.75,-1.0,2,90,0.013524089676752574,0
CAND_0003887,0.000691425494844188,0.4,12.8,9.33,30.4,-1.0,3,120,0.13351993539172793,1
CAND_0002690,0.000690966584343398,0.2,6.2,4.33,36.5,-1.0,3,90,0.035510298271211355,0
CAND_0003449,0.0006907271755281957,0.0,2.6,2.58,15.5,26.6,1,90,0.017105270686092106,0
CAND_0002253,0.0006905792391661424,0.0,10.4,5.5,20.67,-1.0,3,90,0.013502164022488994,0
CAND_0001478,0.0006904879105528797,0.0,4.4,3.75,26.0,-1.0,3,30,0.05750024612161048,0
CAND_0002297,0.0006902626284953179,0.2,4.6,4.5,27.0,-1.0,3,90,0.01949551519840166,0
CAND_0002163,0.000690249586923685,0.0,13.7,5.75,32.4,-1.0,3,60,0.11349524132539739,1
CAND_0000081,0.0006898270767493877,0.2,10.1,10.0,30.0,-1.0,3,90,0.07348636861173713,0
CAND_0001836,0.0006897945986211968,0.4,10.1,9.92,39.67,-1.0,3,120,0.13348568657104512,1
CAND_0001997,0.0006894664007010966,0.0,7.2,5.33,21.0,-1.0,3,90,-0.014521205585276975,0
CAND_0001392,0.000689393123213816,0.0,6.8,1.33,26.67,-1.0,3,90,-0.018522744412509867,0
CAND_0001014,0.0006892872385830132,0.6,8.7,8.58,25.75,2.5,3,120,0.18397503201024326,2
CAND_0003245,0.0006883205467460301,0.4,13.7,8.17,26.83,-1.0,3,60,0.23345473148166662,2
CAND_0001050,0.0006876618079937583,0.2,12.3,12.08,24.17,-1.0,3,150,0.07344089796786893,0
CAND_0003582,0.0006872852233676976,0.2,8.2,1.58,32.67,-1.0,2,120,0.055432989690721635,0
CAND_0000140,0.0006869447928296316,0.0,8.1,8.0,32.0,-1.0,3,150,-0.005574159350577743,0
CAND_0004064,0.0006868159946362942,0.2,5.3,5.25,31.5,-1.0,2,90,0.02642313588736217,0
CAND_0002274,0.0006867301882407623,0.4,2.6,2.58,31.0,-1.0,3,90,0.05942133395305599,0
CAND_0001365,0.0006863518243822718,0.4,3.5,0.83,13.33,41.6,2,60,0.2110133883120277,2
CAND_0001657,0.0006860246849652006,0.2,8.9,3.08,26.0,6.3,1,90,0.11970651838426924,1
CAND_0001884,0.0006859540115082706,0.2,4.1,2.33,24.0,-1.0,3,90,0.014405034241673664,0
CAND_0000281,0.0006856265538752778,0.4,1.5,1.5,18.0,12.0,3,90,0.06139815763138082,0
CAND_0004806,0.0006854579870935337,0.2,4.8,1.25,18.67,46.8,3,90,0.06919461772896421,0
CAND_0002435,0.0006849315068493151,0.2,2.9,1.33,17.0,-1.0,3,150,0.002383561643835602,0
CAND_0001409,0.0006847315170800645,0.2,7.0,6.92,27.67,-1.0,2,30,0.14337936185868136,1
CAND_0002115,0.0006847216588989186,0.4,5.3,5.25,31.5,-1.0,3,90,0.08637915483687728,1
CAND_0003776,0.0006845347623611497,0.0,11.9,6.08,35.5,40.6,3,30,0.15497523000958416,1
CAND_0004280,0.0006843023585940642,0.2,10.5,8.25,41.67,-1.0,1,90,0.12337034953047535,1
CAND_0001534,0.0006840809765409153,0.2,11.2,8.67,26.4,-1.0,3,150,0.07336570050735922,0
CAND_0003588,0.0006836579524134027,0.0,14.6,9.0,24.57,-1.0,3,30,0.11335681700068145,1
CAND_0002376,0.000683476963333802,0.2,6.1,2.25,36.0,-1.0,2,30,0.13435301623000984,1
CAND_0001320,0.0006834235772307067,0.2,13.4,10.75,31.8,-1.0,2,60,0.17335189512184485,2
CAND_0001683,0.0006834215167548501,0.0,7.0,3.17,20.25,-1.0,3,90,-0.016648148148148148,0
CAND_0000499,0.0006833344566367766,0.0,11.0,9.08,26.0,48.9,3,30,0.1632500235893723,2
CAND_0002707,0.0006832505123820449,0.0,13.8,9.17,32.6,-1.0,2,150,0.013348260760022948,0
CAND_0001496,0.0006827759570418924,0.0,1.1,1.08,13.0,-1.0,2,150,-0.07566170490212026,0
CAND_0002718,0.0006814736533795631,0.0,11.0,7.5,26.4,-1.0,3,60,0.11331094672097083,1
CAND_0002993,0.0006814415693934858,0.0,10.3,8.83,24.2,-1.0,3,60,0.1133102729572632,1
CAND_0003125,0.000681218127005987,0.0,8.1,3.58,23.75,-1.0,3,90,-0.005694419332874276,0
CAND_0004481,0.0006811314814995116,0.2,6.7,4.25,19.5,42.5,3,60,0.18380376111148974,2
CAND_0001275,0.0006811191885652543,0.0,5.0,2.58,29.5,-1.0,3,150,-0.03669649704012966,0
CAND_0001690,0.000680993983351191,0.4,11.5,11.33,34.0,-1.0,2,90,0.13330087365037502,1
CAND_0001098,0.0006806823454594172,0.0,6.9,5.0,27.33,-1.0,3,60,0.08229432925464776,0
CAND_0003490,0.0006802721088435374,0.0,1.1,1.08,13.0,11.3,2,90,-0.06341428571428571,0
CAND_0000968,0.0006801901221340245,0.2,13.4,12.08,31.6,45.6,3,150,0.11988399256481452,1
CAND_0000334,0.0006801745181622764,0.0,1.4,1.33,16.0,11.7,3,30,0.0399836648814078,0
CAND_0002250,0.0006797842467828933,0.0,9.6,5.08,38.33,15.9,3,90,0.026175469182440764,0
CAND_0000106,0.0006794647961046027,0.2,6.6,6.5,39.0,-1.0,3,90,0.039268760718196655,0
CAND_0000868,0.000679160745954639,0.0,2.9,2.83,34.0,-1.0,3,90,-0.057737624334952595,0
CAND_0003220,0.0006791409064077119,0.2,8.6,0.0,34.33,32.6,3,30,0.19286195903456194,2
CAND_0004037,0.0006790886527701754,0.0,10.8,3.92,32.0,-1.0,3,60,0.11326086170817369,1
CAND_0003417,0.0006787836690591958,0.0,14.2,8.67,28.17,-1.0,3,90,0.013254457050243112,0
CAND_0002725,0.0006786243083876666,0.2,13.0,7.67,25.67,-1.0,2,60,0.173251110476141,2
CAND_0002291,0.0006784260515603799,0.2,4.7,0.0,28.0,62.6,3,90,0.08384694708276796,1
CAND_0003926,0.000678078165144878,0.0,10.4,4.58,30.5,-1.0,3,90,0.013239641468042435,0
CAND_0000438,0.000677827593348222,0.2,3.5,0.0,42.0,9.9,2,30,0.11913437946031268,1
CAND_0004143,0.0006776947286862301,0.2,9.0,3.08,35.67,-1.0,3,120,0.06323158930241082,0
CAND_0001956,0.0006776856414086559,0.0,7.6,5.67,30.0,-1.0,2,120,-0.01076860153041824,0
CAND_0003746,0.0006774388761007392,0.2,12.5,8.58,37.0,-1.0,1,90,0.12322621639811551,1
CAND_0003804,0.0006767936252903126,0.0,11.4,11.25,27.0,-1.0,1,120,0.06321266613109658,0
CAND_0002844,0.0006766033928165675,0.2,8.9,8.75,35.0,-1.0,3,60,0.16220867124914792,1
CAND_0003131,0.000676365334287308,0.0,2.4,2.33,14.0,-1.0,3,90,-0.06279632797996654,0
CAND_0001453,0.0006763295172395527,0.0,5.7,3.58,34.0,6.5,3,60,0.07770291986203061,0
CAND_0001904,0.000676167926418359,0.4,11.2,11.08,33.25,-1.0,2,90,0.13319952645478553,1
CAND_0002281,0.0006760927285182127,0.2,5.0,0.0,29.5,-1.0,2,150,0.023197947298882457,0
CAND_0000583,0.0006759637485794924,0.2,13.5,9.25,40.25,30.6,2,60,0.20479523872016936,2
CAND_0002060,0.0006758714669465177,0.2,12.7,9.92,30.0,-1.0,3,120,0.07319330080587685,0
CAND_0003725,0.0006756249606958907,0.0,1.7,1.67,20.0,-1.0,3,120,-0.06981187582538631,0
CAND_0001550,0.0006753815331308072,0.0,10.7,5.75,25.4,40.8,3,90,0.054983012195746944,0
CAND_0002898,0.0006753114670734809,0.0,3.8,3.75,22.5,-1.0,3,120,-0.04881845919145691,0
CAND_0003674,0.0006752392934549897,0.0,6.6,2.75,39.0,-1.0,3,60,0.07918002516255479,0
CAND_0001756,0.0006750084127364282,0.2,14.6,8.83,34.6,-1.0,3,90,0.07317517666746501,0
CAND_0004540,0.0006735623763098312,0.0,7.7,5.42,30.33,-1.0,2,90,-0.009855190097493555,0
CAND_0004399,0.000673229940504105,0.0,1.1,1.08,13.0,-1.0,3,120,-0.0758621712494138,0
CAND_0001916,0.0006731236845183232,0.2,2.2,2.08,12.5,-1.0,2,90,-0.004864402625115213,0
CAND_0002625,0.0006728419629139866,0.0,1.3,1.25,15.0,19.7,3,120,-0.05317031877880629,0
CAND_0002467,0.0006721812982999402,0.2,14.7,11.75,29.0,-1.0,3,90,0.07311580726429875,0
CAND_0003577,0.0006720948760350703,0.2,8.2,8.17,32.67,-1.0,3,90,0.05511399239673645,0
CAND_0003215,0.000672086516191216,0.4,6.0,5.92,35.5,13.2,3,60,0.2073138168400155,2
CAND_0004366,0.0006719093675615415,0.0,6.0,5.92,35.5,-1.0,3,120,-0.026889903281207633,0
CAND_0002971,0.0006718389506985049,0.0,6.2,4.33,36.5,-1.0,3,120,-0.024891382035331394,0
CAND_0002256,0.0006711439565577012,0.4,6.0,2.58,35.5,-1.0,3,90,0.09309402308771172,1
CAND_0004214,0.0006704910666832111,0.2,10.9,5.83,25.8,-1.0,3,90,0.07308031240034743,0
CAND_0004729,0.0006704267568814462,0.2,5.5,5.42,32.5,-1.0,3,150,0.028078961894510368,0
CAND_0004934,0.000670390340863855,0.2,4.4,3.25,26.0,-1.0,3,90,0.017078197158140962,0
CAND_0000103,0.0006702747153157164,0.0,11.7,7.92,34.5,-1.0,2,90,0.013075769021630046,0
CAND_0000537,0.0006702629007133049,0.0,12.1,11.92,35.75,-1.0,3,90,0.013075520914979405,0
CAND_0004486,0.0006702178264030372,0.0,6.1,6.0,24.0,33.9,3,150,0.008974574354463777,0
CAND_0001562,0.0006696900374764093,0.0,10.1,8.25,24.0,31.4,3,90,0.045463490787004596,0
CAND_0003293,0.000669561654788281,0.2,13.5,8.0,32.0,-1.0,2,150,0.07306079475055391,0
CAND_0004352,0.0006695067412710784,0.0,12.5,6.83,29.6,-1.0,2,30,0.11305964156669265,1
CAND_0001502,0.0006694743625612478,0.0,7.4,4.92,29.0,-1.0,3,60,0.0870589616137862,1
CAND_0001479,0.0006694624937667189,0.0,5.4,5.25,21.0,-1.0,3,60,0.0670587123691011,0
CAND_0003299,0.0006694119981256886,0.0,6.0,5.83,17.5,1.8,3,60,0.07585765196063946,0
CAND_0003982,0.0006691757031983407,0.2,10.9,10.75,32.25,-1.0,3,90,0.07305268976716514,0
CAND_0001875,0.0006691188397840281,0.4,8.4,5.75,25.0,-1.0,2,150,0.1170514956354646,1
CAND_0001810,0.0006689756479878022,0.2,11.6,5.5,34.25,-1.0,3,120,0.07304848860774385,0
CAND_0002017,0.0006689462881666653,0.4,14.2,12.5,33.4,-1.0,1,60,0.28304787205149995,3
CAND_0004617,0.0006687031333337549,0.0,3.9,0.0,23.0,-1.0,3,120,-0.04795723419999115,0
CAND_0004035,0.0006685028122193166,0.2,8.3,2.67,32.67,-1.0,3,60,0.15603855905660563,1
CAND_0003280,0.0006683506088791908,0.0,12.7,12.5,30.0,33.2,3,90,0.04723536278646301,0
CAND_0002714,0.0006683288781746723,0.0,13.0,5.58,38.75,-1.0,2,30,0.11303490644166812,1
CAND_0004608,0.0006681470144599311,0.2,4.1,4.08,49.0,-1.0,2,90,0.01403108730365854,0
CAND_0000893,0.0006680418541984453,0.0,6.8,2.5,27.0,39.6,3,150,0.02162887893816734,0
CAND_0001738,0.0006679949809097615,0.0,14.9,11.08,25.14,4.6,3,90,0.018627894599104994,0
CAND_0001783,0.0006674378143915304,0.0,12.3,6.08,29.0,-1.0,3,120,0.013016194102222142,0
CAND_0000397,0.0006666666666666666,0.0,9.9,4.58,29.5,0.2,3,150,0.013200000000000003,0
CAND_0002075,0.0006666400277045207,0.0,5.8,3.83,22.67,-1.0,3,90,-0.029000559418205077,0
CAND_0000998,0.0006664321425060493,0.0,8.4,7.0,24.75,24.2,3,60,0.12219507499262704,1
CAND_0004132,0.0006661326400128095,0.0,14.4,14.17,24.29,-1.0,2,30,0.112988785440269,1
CAND_0002600,0.0006660524847647976,0.0,10.4,2.83,30.75,-1.0,3,60,0.11298710218006075,1
CAND_0004086,0.0006657476350068515,0.2,2.2,0.0,26.0,28.2,3,90,0.024180700335143884,0
CAND_0003904,0.0006655772146483884,0.0,9.1,7.17,36.0,-1.0,3,90,0.003977121507616144,0
CAND_0001072,0.0006655636004243182,0.2,3.0,0.0,36.0,3.4,3,60,0.10737683560891068,1
CAND_0001907,0.0006655558936297521,0.0,14.8,13.0,29.17,16.2,3,60,0.1301766737662248,1
CAND_0002166,0.0006652400731991666,0.0,1.1,1.08,13.0,-1.0,3,60,0.023970041537182497,0
CAND_0002519,0.0006652131801707954,0.2,9.1,9.0,36.0,-1.0,3,60,0.1639694767835867,2
CAND_0003174,0.0006649488331579451,0.0,6.2,6.08,24.33,-1.0,3,60,0.07496392549631685,0
CAND_0004861,0.000664856942485442,0.0,4.7,4.67,28.0,-1.0,3,90,-0.040038004207805726,0
CAND_0003607,0.0006648229318178295,0.2,1.5,1.5,18.0,12.4,3,90,0.0013612815681744161,0
CAND_0003928,0.0006645575775629715,0.2,7.3,2.5,29.0,-1.0,1,150,0.09595570912882237,1
CAND_0001780,0.0006644091517706157,0.2,5.5,2.67,32.5,-1.0,3,90,0.027952592187182906,0
CAND_0003306,0.0006644001784634071,0.2,7.8,3.25,31.0,-1.0,3,150,0.05095240374773155,0
CAND_0002804,0.0006643367819888549,0.0,6.1,6.0,36.0,-1.0,3,120,-0.026048927578234057,0
CAND_0001476,0.0006642587813701804,0.0,11.1,6.58,43.67,46.3,1,90,0.1102494344087738,1
CAND_0003351,0.0006639133817020649,0.2,11.3,7.0,33.5,-1.0,3,60,0.17294218101574338,2
CAND_0002473,0.000663719136896091,0.0,2.7,2.67,32.0,9.9,2,90,-0.04916189812518209,0
CAND_0002299,0.0006636975282715335,0.0,4.9,3.67,19.33,3.7,3,60,0.06663764809370219,0
CAND_0002015,0.0006636903426511719,0.4,1.8,1.75,21.0,-1.0,3,150,0.050937497195674614,0
CAND_0001138,0.0006636334148629338,0.2,6.8,2.83,26.67,-1.0,3,60,0.14093630171212163,1
CAND_0002118,0.0006635962382634628,0.0,7.9,3.17,31.0,-1.0,3,90,-0.008064478996467284,0
CAND_0002868,0.0006632717391920846,0.4,6.9,6.75,20.25,-1.0,3,90,0.10192870652303376,1
CAND_0001182,0.0006632249925164586,0.0,9.2,1.75,36.33,-1.0,3,90,0.004927724842845621,0
CAND_0004866,0.0006630802265012371,0.2,14.5,11.42,34.6,34.4,2,120,0.10832468475652599,1
CAND_0004266,0.0006628718518549396,0.0,8.6,0.0,34.0,24.5,3,90,0.024420308888953718,0
CAND_0000657,0.0006627790894297898,0.0,2.3,0.67,13.5,48.9,2,150,-0.014181639121974426,0
CAND_0003083,0.0006623391942637683,0.2,2.7,0.0,15.5,-1.0,3,120,-9.087692046086393e-05,0
CAND_0000006,0.0006622399781562171,0.2,6.0,3.17,35.5,-1.0,3,150,0.03290703954128055,0
CAND_0004860,0.0006621720775422963,0.2,2.8,0.0,33.0,28.3,2,60,0.13020561362838823,1
CAND_0004959,0.0006620576932123942,0.0,14.4,8.92,34.2,-1.0,3,90,0.01290321155746027,0
CAND_0001539,0.0006620135930480758,0.2,12.8,7.67,38.0,-1.0,3,30,0.1729022854540096,2
CAND_0004700,0.0006616689588017301,0.0,6.6,1.75,26.0,-1.0,3,90,-0.021104951865163674,0
CAND_0003948,0.0006611585241465628,0.2,3.8,0.0,22.0,44.4,3,60,0.1562843290070778,1
CAND_0000012,0.0006609955511170074,0.0,1.1,0.0,13.0,-1.0,3,60,0.023880906573457157,0
CAND_0001768,0.0006608726272315402,0.2,8.4,3.58,25.0,-1.0,2,150,0.05687832517186234,0
CAND_0004202,0.0006607086970129013,0.0,6.9,1.08,16.2,-1.0,3,90,-0.01812511736272908,0
CAND_0001669,0.0006606638877863662,0.4,6.3,4.5,24.67,-1.0,3,150,0.09587394164351368,1
CAND_0003033,0.0006606227129335498,0.2,14.8,8.58,35.2,-1.0,3,150,0.07287307697160453,0
CAND_0003073,0.0006605019815059445,0.0,7.2,3.17,28.33,7.2,3,120,-0.006929458388375165,0
CAND_0003880,0.0006603264615815487,0.2,5.3,4.33,20.67,8.9,2,90,0.0357668556932125,0
CAND_0000511,0.0006603092604188409,0.0,5.6,0.0,33.0,21.6,3,30,0.09146649446879566,1
CAND_0003539,0.0006599518719448294,0.4,6.8,6.67,26.67,-1.0,3,60,0.20085898931084142,2
CAND_0001391,0.0006597833975671058,0.4,13.5,9.17,26.5,-1.0,3,150,0.13285545134890922,1
CAND_0004816,0.0006596306068601583,0.2,7.6,4.42,30.0,-1.0,3,120,0.04885224274406333,0
CAND_0002991,0.000659598685359817,0.0,8.8,6.92,26.0,-1.0,2,30,0.10085157239255617,1
CAND_0003208,0.0006595608470273272,0.0,9.1,8.92,35.67,-1.0,3,120,0.003850777787573867,0
CAND_0003916,0.000659412497173006,0.0,2.6,2.58,31.0,-1.0,3,120,-0.06115233755936688,0
CAND_0003931,0.0006582421004059247,0.4,2.0,0.0,24.0,-1.0,3,90,0.052823084108524404,0
CAND_0004599,0.0006582056449748549,0.2,11.2,7.33,33.25,3.7,3,150,0.07752231854447195,0
CAND_0000983,0.0006581797075334397,0.0,14.2,8.67,33.4,-1.0,1,150,0.06282177385820223,0
CAND_0003404,0.0006580795568902661,0.0,1.2,0.0,14.0,-1.0,3,60,0.024819670694695588,0
CAND_0001991,0.0006566959067698932,0.4,5.5,4.17,21.33,-1.0,3,30,0.18779061404216774,2
CAND_0001490,0.0006564328618774042,0.0,12.6,8.83,29.8,14.4,3,30,0.1281850900994255,1
CAND_0000608,0.0006562539201949306,0.0,11.1,10.92,43.67,-1.0,3,30,0.11278133232409354,1
CAND_0003790,0.0006560345784892412,0.2,5.1,0.67,30.0,12.5,3,120,0.03727672614827407,0
CAND_0004155,0.0006559831090714063,0.4,13.4,13.25,31.8,-1.0,1,60,0.28277564529049953,3
CAND_0001260,0.0006559589471565647,0.2,14.2,10.67,24.0,-1.0,3,150,0.07277513789028786,0
CAND_0002379,0.000655928266462912,0.0,1.6,1.58,19.0,-1.0,3,90,-0.07122550640427885,0
CAND_0004099,0.000655747192717647,0.2,4.8,1.5,28.5,-1.0,2,120,0.020770691047070577,0
CAND_0000185,0.000655307994757536,0.2,6.1,6.0,36.0,54.1,3,90,0.08886146788990826,1
CAND_0002278,0.0006552237519408223,0.0,1.3,0.0,15.0,-1.0,3,60,0.02575969879075727,0
CAND_0000793,0.0006550885494733278,0.2,5.0,0.58,29.5,-1.0,3,120,0.02275685953893987,0
CAND_0002907,0.000655030824979999,0.0,14.9,7.5,35.6,-1.0,1,150,0.06275564732457997,0
CAND_0001143,0.0006544502617801048,0.2,9.2,7.33,27.25,-1.0,2,30,0.16474345549738217,2
CAND_0003779,0.0006543542683977506,0.2,4.9,2.83,19.33,25.1,3,150,0.04784143963635276,0
CAND_0003566,0.0006541838383270608,0.6,12.9,8.92,25.33,49.6,3,150,0.24333786060486826,2
CAND_0001318,0.0006541003331760713,0.2,11.2,9.75,26.4,-1.0,3,30,0.1727361069966975,2
CAND_0002656,0.0006539243020858016,0.0,8.7,7.08,25.75,4.7,3,150,0.005432410343801819,0
CAND_0000999,0.0006537776316722938,0.2,2.1,0.75,12.0,-1.0,3,90,-0.006270669734881842,0
CAND_0000168,0.0006534897929618361,0.2,10.7,1.67,31.5,30.5,3,30,0.20422328565219858,2
CAND_0002903,0.0006528222536798559,0.0,15.0,14.83,44.5,-1.0,3,60,0.11270926732727699,1
CAND_0001201,0.0006524944245694327,0.2,5.9,0.75,23.0,-1.0,2,60,0.1317023829159581,1
CAND_0003016,0.000651875475204866,0.2,4.6,4.5,27.0,-1.0,2,90,0.01868938497930217,0
CAND_0002422,0.000651620228696793,0.2,14.2,10.42,33.8,-1.0,2,90,0.07268402480263264,0
CAND_0004235,0.0006515738077276985,0.2,1.7,1.67,20.0,2.4,1,90,0.043083049962281655,0
CAND_0002276,0.0006514516851819416,0.2,3.1,0.0,37.0,-1.0,3,30,0.10368048538882077,1
CAND_0003853,0.0006512334071882424,0.0,9.2,7.5,27.25,-1.0,2,60,0.10467590155095309,1
CAND_0000629,0.0006510992533817645,0.0,14.1,14.0,33.6,-1.0,3,60,0.11267308432101705,1
CAND_0001753,0.0006506741975141684,0.0,8.9,2.75,35.33,-1.0,3,120,0.001664158147797537,0
CAND_0000520,0.0006504891678542264,0.2,9.0,4.5,35.33,-1.0,3,60,0.16266027252493875,1
CAND_0004933,0.0006503387343907074,0.0,3.9,0.0,46.0,-1.0,3,90,-0.048342886577795154,0
CAND_0002505,0.0006498069717440126,0.2,6.1,6.08,36.5,-1.0,3,60,0.13364594640662425,1
CAND_0000433,0.000649416680533215,0.2,10.4,5.08,30.5,41.7,2,60,0.21533775029119753,2
CAND_0000443,0.0006491787017266599,0.4,10.8,6.75,25.4,40.0,3,90,0.17363275273625986,2
CAND_0004881,0.000649050455973139,0.0,2.8,2.75,33.0,-1.0,3,120,-0.05936994042456409,0
CAND_0004738,0.0006489672452309196,0.0,3.5,3.5,21.0,-1.0,3,150,-0.05237168785015069,0
CAND_0001824,0.0006487137477054666,0.0,11.0,7.92,32.75,-1.0,3,60,0.11262298870181481,1
CAND_0000412,0.000648623763531389,0.2,2.5,2.5,30.0,-1.0,2,90,-0.002378900965840841,0
CAND_0001796,0.0006485083696407454,0.0,9.4,6.17,22.2,-1.0,3,60,0.10661867576245565,1
CAND_0003613,0.0006481877206866334,0.4,5.3,5.25,31.5,-1.0,2,150,0.08561194213441928,1
CAND_0003789,0.0006480243317120748,0.2,5.1,5.0,30.0,-1.0,3,120,0.023608510965953566,0
CAND_0003179,0.0006479360489409222,0.2,8.5,4.75,33.67,-1.0,3,90,0.057606657027759356,0
CAND_0002262,0.0006473568062250183,0.2,1.9,1.83,22.0,-1.0,3,60,0.09159449293072539,1
CAND_0004824,0.0006471262011539065,0.0,7.3,5.75,28.67,45.7,3,90,0.032289650224232025,0
CAND_0004647,0.0006470507545708355,0.0,12.0,6.58,35.5,-1.0,2,150,0.01258806584598754,0
CAND_0002280,0.0006467276342196843,0.0,3.9,2.33,23.0,-1.0,2,90,-0.048418719681386634,0
CAND_0000750,0.0006466636504361687,0.0,1.3,0.0,15.0,-1.0,3,150,-0.07442006334084046,0
CAND_0001733,0.0006459948320413437,0.0,9.0,3.67,21.4,61.9,1,30,0.2154658914728682,2
CAND_0004024,0.0006458554701327439,0.0,7.0,6.92,41.5,-1.0,3,30,0.08256296487278762,0
CAND_0003913,0.000645657264021063,0.0,5.3,2.25,31.5,-1.0,3,60,0.06555880254444232,0
CAND_0003543,0.0006452915152801535,0.6,13.8,10.67,41.0,-1.0,3,60,0.2925511218208832,3
CAND_0004296,0.0006450978900385474,0.0,2.7,1.75,15.5,-1.0,3,90,-0.06045294430919051,0
CAND_0004424,0.0006450555250352155,0.2,1.6,1.58,19.0,-1.0,3,60,0.08854616602573952,1
CAND_0004395,0.0006446251031252878,0.2,14.5,3.5,28.67,-1.0,3,90,0.07253712716563104,0
CAND_0003847,0.0006445839685336606,0.2,2.3,1.5,13.5,-1.0,3,120,-0.004463736660793138,0
CAND_0003600,0.000644424724570444,0.0,1.2,0.0,14.0,-1.0,3,150,-0.07546708078402069,0
CAND_0003166,0.0006443703931872844,0.2,13.8,8.33,32.8,-1.0,3,90,0.07253177825693297,0
CAND_0001996,0.0006443298969072165,0.0,7.3,5.75,29.0,58.2,3,60,0.14473092783505154,1
CAND_0000823,0.0006442315167147382,0.4,13.2,10.0,31.2,18.4,3,90,0.15192886185100948,1
CAND_0003901,0.0006440410418310971,0.4,2.5,2.5,15.0,45.7,2,90,0.104224861878453,1
CAND_0001981,0.0006440039998932602,0.2,8.1,0.0,48.0,-1.0,3,120,0.05352408399775846,0
CAND_0001353,0.0006436655505933129,0.0,3.4,3.33,20.0,41.2,3,60,0.08871697656245958,1
CAND_0001732,0.0006433030013557475,0.0,6.7,6.67,40.0,-1.0,3,30,0.0795093630284707,0
CAND_0003297,0.0006433029115869094,0.2,6.6,3.33,26.0,-1.0,3,150,0.038509361143325094,0
CAND_0004784,0.0006432960032456788,0.0,14.6,8.5,34.6,10.3,3,60,0.12380921606815926,1
CAND_0002372,0.000642661764636357,0.4,13.3,6.0,31.4,-1.0,2,120,0.1324958970573635,1
CAND_0004420,0.0006425008965014044,0.2,1.4,1.33,16.0,-1.0,3,90,-0.013507481173470517,0
CAND_0001061,0.0006423841149051754,0.2,10.7,6.5,42.33,-1.0,3,60,0.17249006641300868,2
CAND_0002226,0.0006421151155046622,0.0,4.0,3.92,15.67,38.0,2,30,0.09148441742559792,1
CAND_0003597,0.0006417802509826201,0.0,9.6,8.33,19.0,-1.0,1,120,0.058477385270635035,0
CAND_0004663,0.000641715202374848,0.0,13.6,13.33,26.67,22.3,3,90,0.03577601924987181,0
CAND_0001339,0.0006415020238314293,0.0,10.8,6.75,32.25,-1.0,1,120,0.062471542500460026,0
CAND_0000415,0.0006413111339213276,0.4,9.7,9.5,22.8,17.0,3,60,0.24746753381234787,2
CAND_0004889,0.0006412459950394411,0.0,4.3,4.25,25.5,17.6,2,30,0.07406616589582826,0
CAND_0001818,0.0006409401710428376,0.0,8.0,5.58,31.67,-1.0,3,30,0.0924597435918996,1
CAND_0004690,0.0006405893956423329,0.0,2.7,2.58,15.5,-1.0,3,60,0.039452377308488995,0
CAND_0000509,0.0006404729273878567,0.2,10.4,7.25,24.2,-1.0,2,90,0.07244993147514497,0
CAND_0003184,0.0006404492884523313,0.0,8.2,7.0,24.25,-1.0,3,90,-0.005550564942501057,0
CAND_0004758,0.0006399115810277241,0.6,1.3,1.25,15.0,14.5,3,60,0.22093814320158223,2
CAND_0001045,0.0006397248039902458,0.0,3.9,0.83,23.0,-1.0,2,60,0.051434220883795165,0
CAND_0004475,0.0006392283958823882,0.2,12.3,9.0,29.0,22.5,2,60,0.19592379631353016,2
CAND_0001432,0.0006392089699636123,0.2,11.5,10.08,34.0,-1.0,2,150,0.07242338836923587,0
CAND_0000308,0.0006390527385861756,0.0,2.0,0.0,24.0,-1.0,3,90,-0.06757989248969032,0
CAND_0003968,0.000638990412705287,0.0,4.2,2.75,24.5,-1.0,3,90,-0.04558120133318898,0
CAND_0003169,0.0006385696040868455,0.2,8.4,2.5,33.33,-1.0,2,120,0.05640996168582377,0
CAND_0000386,0.0006381620931716656,0.4,9.6,1.83,18.67,-1.0,3,90,0.12840140395660496,1
CAND_0000573,0.0006380728269938687,0.2,13.2,11.0,39.25,-1.0,3,30,0.17239952936687125,2
CAND_0004129,0.0006379873117887195,0.0,4.4,4.33,26.0,-1.0,3,90,-0.043602266452436894,0
CAND_0004662,0.0006376721476861384,0.0,10.7,4.42,31.5,-1.0,3,150,0.012391115101408903,0
CAND_0002942,0.0006376592852157582,0.2,11.3,11.17,26.8,-1.0,1,150,0.12239084498953093,1
CAND_0001129,0.0006374742569850515,0.0,12.9,6.92,38.25,-1.0,3,150,0.012386959396686076,0
CAND_0004794,0.0006374663756788307,0.4,4.8,0.0,57.0,-1.0,3,90,0.08038679388925543,0
CAND_0001148,0.0006371233839044998,0.0,12.2,9.92,28.8,-1.0,1,90,0.062379591061994505,0
CAND_0004417,0.0006369796041167843,0.4,1.6,0.0,19.0,10.8,2,90,0.06017657168645246,0
CAND_0000123,0.0006366475713962313,0.0,10.0,9.92,29.75,-1.0,3,90,0.012369598999320858,0
CAND_0004779,0.000636595567013062,0.2,5.6,1.5,22.0,37.9,2,90,0.06726850690727429,0
CAND_0003565,0.0006363216616070701,0.0,1.8,1.75,21.0,-1.0,3,90,-0.06963724510625154,0
CAND_0003798,0.0006360531812873943,0.0,6.9,2.75,27.0,-1.0,2,60,0.08135711680703528,0
CAND_0004884,0.0006359826217623113,0.4,10.3,10.17,24.4,-1.0,1,120,0.18235563505700855,2
CAND_0003574,0.0006359515799485235,0.0,9.5,9.33,28.0,-1.0,2,60,0.10735498317891899,1
CAND_0004244,0.0006351946270429626,0.2,6.4,0.0,25.33,-1.0,3,120,0.03633908716790221,0
CAND_0002434,0.0006348566168638847,0.2,14.6,14.33,28.67,-1.0,3,60,0.1723319889541416,2
CAND_0003860,0.0006342601057553,0.0,6.6,4.08,39.5,-1.0,2,60,0.07831946222086131,0
CAND_0000689,0.0006338335877158986,0.2,4.2,0.0,24.5,-1.0,3,30,0.11431050534203388,1
CAND_0003336,0.0006337428493962977,0.0,12.8,10.58,30.4,-1.0,1,30,0.16230859983732226,1
CAND_0002322,0.000633319817885368,0.2,2.9,2.83,34.0,-1.0,1,60,0.15129971617559274,1
CAND_0000634,0.0006331513983446268,0.0,10.0,6.58,29.5,47.0,3,60,0.16029617936523716,1
CAND_0004786,0.0006331378617338112,0.0,8.4,8.33,33.33,-1.0,2,120,-0.0037041049035899665,0
CAND_0004019,0.0006323457891625162,0.2,13.1,8.5,31.0,-1.0,3,120,0.07227926157241285,0
CAND_0004615,0.0006321257102269439,0.0,6.2,3.17,37.0,-1.0,3,150,-0.025725360085234183,0
CAND_0002319,0.0006319162984582656,0.2,10.2,6.67,20.0,-1.0,1,30,0.2222702422676236,2
CAND_0004925,0.0006317483319653115,0.2,9.4,9.25,37.0,-1.0,3,90,0.06626671497127154,0
CAND_0001112,0.0006317119393556538,0.4,1.1,1.08,13.0,27.9,3,150,0.07216595072646872,0
CAND_0004725,0.0006312947910941462,0.0,5.8,2.08,34.5,-1.0,3,120,-0.029742809387022937,0
CAND_0000686,0.0006312303317267556,0.4,14.3,14.08,33.8,-1.0,3,60,0.23225583696626187,2
CAND_0004124,0.0006309983134507099,0.2,3.9,3.83,46.0,36.6,3,30,0.14885096458246488,1
CAND_0004801,0.0006309893510144015,0.0,13.7,11.25,32.4,44.1,2,90,0.057350776371302425,0
CAND_0003382,0.0006308073115003808,0.0,6.2,6.08,24.33,36.3,3,60,0.111546953541508,1
CAND_0004404,0.0006307797194851206,0.4,13.1,12.92,25.83,-1.0,2,60,0.23224637410918753,2
CAND_0004740,0.0006305982730017783,0.2,9.9,3.17,23.4,-1.0,3,60,0.17124256373303734,2
CAND_0001390,0.0006304983931679274,0.2,10.8,6.83,25.6,7.9,3,90,0.08114046625652646,0
CAND_0000328,0.0006303131829516024,0.0,11.7,9.67,27.6,22.5,3,60,0.13573657684198365,1
CAND_0003037,0.0006301727767096475,0.2,5.2,4.08,20.33,-1.0,3,60,0.1242336283109026,1
CAND_0004369,0.0006297229219143577,0.2,7.3,7.08,21.25,54.3,3,90,0.10052418136020147,1
CAND_0004572,0.0006294849191885495,0.2,10.0,1.67,29.75,-1.0,3,90,0.07221918330295954,0
CAND_0001545,0.0006293266205160479,0.2,6.9,3.67,27.33,31.7,1,90,0.12391585903083699,1
CAND_0000748,0.0006291208791208791,0.0,13.2,8.75,31.4,-1.0,2,60,0.11221153846153846,1
CAND_0002895,0.0006290359196851982,0.0,10.1,6.33,30.0,26.8,3,60,0.1400097543133892,1
CAND_0001007,0.000628987181112246,0.0,9.0,6.58,35.67,49.2,3,90,0.052408730803357145,0
CAND_0004137,0.0006285101006155858,0.0,4.0,4.0,48.0,30.8,3,120,-0.016001287887072696,0
CAND_0000181,0.0006278953966741396,0.0,4.7,4.58,18.33,-1.0,3,90,-0.040814196669843074,0
CAND_0003550,0.0006277444721631117,0.0,3.6,0.0,43.0,39.3,3,60,0.08848263391542535,1
CAND_0002303,0.000627467588639111,0.2,14.7,8.33,29.17,21.5,3,60,0.1946768193614213,2
CAND_0001955,0.0006269204007364487,0.2,11.7,8.17,34.5,39.1,3,120,0.11226532841546541,1
CAND_0003522,0.000626818605676194,0.0,4.5,4.42,26.5,-1.0,3,90,-0.042836809280799935,0
CAND_0004716,0.0006267242140160337,0.0,2.1,1.5,12.5,31.2,3,90,-0.03463879150566329,0
CAND_0002128,0.0006265034446137454,0.0,11.6,11.42,34.25,-1.0,3,60,0.11215657233688865,1
CAND_0001408,0.0006264436713768454,0.0,8.9,6.83,35.33,-1.0,2,30,0.10115531709891376,1
CAND_0004002,0.0006262892687072147,0.2,2.1,0.0,12.0,5.4,2,90,-0.00044792535714849313,0
CAND_0004953,0.0006260761257498148,0.0,13.1,9.17,25.83,-1.0,3,60,0.11214759864074611,1
CAND_0002649,0.0006258160206595196,0.2,5.8,1.83,34.0,-1.0,3,60,0.13014213643384992,1
CAND_0000702,0.0006252050813293958,0.0,6.9,4.08,27.33,-1.0,2,60,0.08112930670791732,0
CAND_0004635,0.0006250620408973595,0.2,6.8,4.92,20.0,-1.0,3,150,0.040126302858844526,0
CAND_0000961,0.0006250484663828504,0.0,6.2,6.08,24.33,-1.0,3,120,-0.02587398220596014,0
CAND_0001073,0.000625033634521791,0.0,11.9,8.83,35.0,-1.0,3,120,0.012125706324957602,0
CAND_0004926,0.0006247836491428743,0.0,7.4,4.58,44.0,37.3,1,120,0.07442045663200036,0
CAND_0003044,0.0006246671297002843,0.0,9.1,5.5,36.0,9.3,3,60,0.11341800972370597,1
CAND_0001795,0.0006238397027261739,0.2,9.3,7.08,37.0,-1.0,3,30,0.16510063375724965,2
CAND_0003224,0.0006237361595172273,0.2,14.8,11.5,44.0,43.5,2,90,0.1165984593498618,1
CAND_0002880,0.0006228393034689726,0.4,1.0,0.0,12.0,24.2,2,120,0.06727962537284843,0
CAND_0000437,0.000622602959516395,0.2,11.9,6.0,28.2,-1.0,3,60,0.1720746621498443,2
CAND_0000413,0.0006222383204405075,0.2,14.0,7.5,27.67,46.1,3,60,0.21916700472925066,2
CAND_0001833,0.0006219655674076156,0.0,13.2,10.08,31.4,-1.0,2,60,0.11206127691555993,1
CAND_0003081,0.0006219251671804435,0.0,4.7,3.0,18.67,-1.0,2,60,0.05906042851078931,0
CAND_0004056,0.0006216874152594602,0.2,5.4,2.33,21.33,-1.0,3,60,0.12605543572044867,1
CAND_0002000,0.0006212762155848427,0.2,8.2,7.08,32.0,17.0,3,60,0.17204680052728172,2
CAND_0003006,0.0006211751294826037,0.0,12.2,12.08,29.0,-1.0,3,60,0.11204467771913468,1
CAND_0004600,0.0006209018698192088,0.0,13.2,7.0,31.2,11.5,3,150,0.02453893926620339,0
CAND_0000042,0.000620822542641836,0.2,5.0,4.92,19.67,-1.0,3,30,0.12203727339547855,1
CAND_0003753,0.0006203476237775965,0.2,13.0,7.92,38.5,33.2,2,30,0.20622730009932955,2
CAND_0002152,0.0006197837901078173,0.0,1.4,0.0,16.0,-1.0,2,60,0.02601545959226416,0
CAND_0003059,0.0006197129820081802,0.0,14.9,11.08,35.4,-1.0,3,60,0.11201397262217179,1
CAND_0000640,0.000619590340993502,0.0,9.6,9.5,28.5,41.7,3,30,0.15071139716086354,1
CAND_0001140,0.0006195786864931846,0.4,6.2,2.25,36.5,62.0,3,150,0.15701115241635685,1
CAND_0000385,0.0006194346351675252,0.0,10.9,6.08,25.6,-1.0,3,60,0.11200812733851803,1
CAND_0003978,0.0006192231303949278,0.0,13.8,9.75,32.6,-1.0,3,90,0.012003685738293482,0
CAND_0002498,0.0006190082074625837,0.2,2.1,2.08,25.0,-1.0,3,30,0.09299917235671426,1
CAND_0001990,0.0006188118811881188,0.0,7.2,1.33,28.33,-1.0,3,120,-0.016004950495049505,0
CAND_0001693,0.0006187023260193992,0.2,1.6,1.58,19.0,-1.0,3,60,0.08799274884640738,1
CAND_0000800,0.0006180237852151235,0.0,13.1,6.42,31.0,-1.0,3,90,0.011978499489517597,0
CAND_0002238,0.000617790456926409,0.2,1.3,0.0,15.0,-1.0,3,150,-0.01502640040454542,0
CAND_0000788,0.0006176652254478073,0.4,2.0,1.0,12.0,-1.0,3,90,0.05197096973440393,0
CAND_0004438,0.0006174467426021508,0.0,14.2,5.92,42.25,48.9,3,60,0.16186638159464517,1
CAND_0002589,0.0006171950366640195,0.4,3.0,3.0,18.0,-1.0,3,30,0.1619610957699444,1
CAND_0001174,0.0006170937178953386,0.2,8.4,8.25,24.75,-1.0,3,120,0.05595896807580211,0
CAND_0003846,0.0006170383926841744,0.0,11.3,6.58,33.75,-1.0,3,90,0.011957806246367664,0
CAND_0000525,0.0006170360053133312,0.4,10.5,6.08,31.0,-1.0,3,120,0.13195775611157995,1
CAND_0001393,0.0006169103247130813,0.0,4.1,4.0,24.0,-1.0,3,30,0.052955116818974704,0
CAND_0000383,0.0006168978305459778,0.0,3.7,1.08,22.0,-1.0,1,90,-0.001045145558534466,0
CAND_0000882,0.0006164465479260677,0.2,2.4,2.33,14.0,-1.0,3,60,0.09594537750644741,1
CAND_0004093,0.0006163112177957328,0.0,6.0,4.67,23.67,-1.0,2,120,-0.02805746442628962,0
CAND_0003072,0.0006154971037989302,0.0,13.9,9.5,27.17,-1.0,3,150,0.011925439179777536,0
CAND_0000374,0.000615019864130594,0.2,4.4,0.5,26.0,-1.0,1,60,0.16591541714674246,2
CAND_0000337,0.0006148009365995533,0.0,10.6,10.5,25.2,-1.0,2,120,0.011910819668590616,0
CAND_0003970,0.0006147237738019076,0.0,3.4,3.33,40.0,-1.0,3,90,-0.05409080075015994,0
CAND_0004433,0.0006145677426178829,0.0,1.6,1.08,9.5,23.2,2,150,-0.047894077405024466,0
CAND_0003392,0.0006142964230815675,0.0,9.3,8.17,18.33,-1.0,3,60,0.10490022488471293,1
CAND_0003799,0.0006141062884483938,0.0,7.7,5.08,22.75,-1.0,3,150,-0.011103767942583734,0
CAND_0002224,0.0006137192555877677,0.0,7.1,4.67,28.0,-1.0,2,60,0.08288810436734312,0
CAND_0000297,0.0006135006270503341,0.2,6.5,3.67,25.67,-1.0,2,90,0.03688351316805702,0
CAND_0003888,0.0006134969325153375,0.0,7.8,0.0,23.0,-1.0,3,90,-0.010116564417177926,0
CAND_0001323,0.0006134413465408889,0.0,8.5,4.83,33.67,-1.0,3,150,-0.0031177317226413342,0
CAND_0003924,0.0006133951045124576,0.0,14.8,13.25,35.0,-1.0,3,90,0.011881297194761609,0
CAND_0001042,0.0006133911919607917,0.2,11.0,6.92,43.67,-1.0,2,90,0.07188121503117662,0
CAND_0002483,0.0006132706927392567,0.0,9.3,8.17,22.0,-1.0,2,30,0.1048786845475244,1
CAND_0004046,0.0006131609244039645,0.0,12.5,8.5,29.4,-1.0,2,150,0.011876379412483248,0
CAND_0001791,0.0006129662090954938,0.2,11.6,4.75,27.6,-1.0,3,150,0.07187229039100537,0
CAND_0001677,0.0006129574589370933,0.2,2.0,2.0,24.0,-1.0,3,30,0.09187210663767896,1
CAND_0004227,0.0006128987143999144,0.4,2.0,0.0,24.0,-1.0,3,30,0.15187087300239818,1
CAND_0004630,0.0006127079865827524,0.2,1.5,1.5,18.0,-1.0,3,60,0.0868668677182378,1
CAND_0001110,0.000612461722249805,0.2,13.2,2.83,39.0,-1.0,3,120,0.07186169616724589,0
CAND_0002187,0.0006124600281496052,0.2,1.4,1.33,16.0,-1.0,3,120,-0.014138339408858294,0
CAND_0000060,0.000612369871402327,0.0,8.0,0.0,23.75,-1.0,2,120,-0.008140232700551142,0
CAND_0002338,0.0006122182802719171,0.0,8.1,3.83,48.0,-1.0,3,90,-0.007143416114289744,0
CAND_0000316,0.0006117999881158126,0.2,12.8,6.67,21.57,5.1,3,90,0.07794779975043206,0
CAND_0001067,0.0006114646803243587,0.0,12.7,9.17,37.5,-1.0,3,90,0.011840758286811526,0
CAND_0000555,0.0006113663405751563,0.0,10.5,6.17,25.0,-1.0,3,120,0.011838693152078278,0
CAND_0003242,0.0006112917087023129,0.0,14.9,7.33,35.2,-1.0,3,90,0.011837125882748573,0
CAND_0001233,0.0006108758630687663,0.0,13.0,9.17,38.5,12.1,3,120,0.024928393124444087,0
CAND_0003269,0.0006105024002345267,0.0,2.5,1.33,14.5,-1.0,3,90,-0.06317944959507495,0
CAND_0001421,0.0006103440608634539,0.0,4.2,0.0,50.0,-1.0,3,60,0.053817225278132534,0
CAND_0004248,0.0006099073931850851,0.2,7.9,6.92,23.25,-1.0,3,150,0.05080805525688678,0
CAND_0004588,0.0006097209439272927,0.2,3.8,3.75,22.5,-1.0,2,90,0.009804139822473135,0
CAND_0001293,0.0006093830353580368,0.0,4.8,3.33,28.0,15.4,3,150,-0.02380295625748123,0
CAND_0003806,0.0006093573107090826,0.0,12.5,12.33,29.6,13.1,3,90,0.02589650352489073,0
CAND_0004593,0.0006092868253101407,0.2,2.9,0.58,17.0,23.1,3,60,0.12489502333151295,1
CAND_0004836,0.0006090133982947625,0.2,2.7,0.0,32.0,10.1,1,90,0.05988928136419,0
CAND_0001868,0.0006086387906007507,0.0,14.3,6.67,28.17,-1.0,3,150,0.011781414602615767,0
CAND_0002059,0.0006085568228379618,0.2,3.2,3.17,38.0,-1.0,2,60,0.1037796932795972,1
CAND_0001627,0.0006080537660659994,0.2,13.0,9.25,38.5,49.6,3,90,0.12236912908738601,1
CAND_0000369,0.0006079766094883252,0.2,2.0,2.0,24.0,-1.0,3,90,-0.008232491200745179,0
CAND_0000488,0.0006069443288501408,0.2,9.2,4.92,27.25,25.0,3,150,0.08974583090585295,1
CAND_0001879,0.0006064939880290269,0.4,7.3,3.0,28.67,18.3,3,90,0.12403637374860954,1
CAND_0002847,0.000606274402049712,0.0,3.8,2.67,15.0,-1.0,3,60,0.04973176244304395,0
CAND_0003301,0.0006057245040008148,0.2,13.4,3.0,26.33,-1.0,3,90,0.07172021458401709,0
CAND_0001699,0.0006056935190793458,0.2,10.0,4.67,29.25,29.9,3,90,0.10261956390066629,1
CAND_0002284,0.000605420054200542,0.4,10.6,9.17,31.25,33.7,3,90,0.16641382113821138,2
CAND_0004947,0.0006054048253536744,0.0,1.2,1.17,14.0,29.5,3,90,-0.045786498667572846,0
CAND_0002573,0.0006045158151242395,0.0,13.2,9.0,39.0,38.8,2,90,0.051494832117609024,0
CAND_0002542,0.0006044668573742188,0.2,1.0,1.0,12.0,-1.0,3,150,-0.018306195995141425,0
CAND_0000559,0.0006035260242311927,0.2,4.7,4.58,27.5,19.4,3,60,0.13907404650885505,1
CAND_0000951,0.0006031363088057901,0.2,7.8,0.0,30.67,-1.0,3,90,0.04966586248492158,0
CAND_0002840,0.0006023087234659902,0.2,2.8,0.0,16.0,-1.0,3,150,-0.0003515168072142222,0
CAND_0000065,0.0006022478473277454,0.0,9.7,6.83,28.75,-1.0,3,90,0.008647204793882632,0
CAND_0003294,0.0006018137754822296,0.0,1.6,1.58,19.0,45.0,1,90,0.023638089285126826,0
CAND_0003471,0.0006016520396085337,0.6,14.4,13.17,34.2,-1.0,2,60,0.29163469283177923,3
CAND_0002366,0.0006016109133708647,0.0,13.9,7.08,41.0,-1.0,3,60,0.11163382918078817,1
CAND_0001865,0.0006013200758369521,0.0,13.6,13.33,26.67,-1.0,2,60,0.111627721592576,1
CAND_0004204,0.0006010061575615858,0.4,2.2,2.17,26.0,-1.0,3,150,0.053621129308793286,0
CAND_0003300,0.000600057221563667,0.0,10.3,8.83,24.4,3.8,3,90,0.01640120165283701,0
CAND_0002664,0.0006000160426452915,0.2,6.2,2.08,24.67,-1.0,3,90,0.033600336895551114,0
CAND_0001340,0.0005999481875043754,0.2,2.2,2.17,13.0,12.6,3,60,0.10719891193759189,1
CAND_0001225,0.0005998042268754618,0.2,9.3,9.25,37.0,-1.0,3,90,0.06459588876438468,0
CAND_0003159,0.0005995891729129567,0.4,14.3,7.0,34.2,43.7,3,60,0.2762913726311721,3
CAND_0001747,0.0005995618441816434,0.0,12.8,12.67,38.0,-1.0,3,90,0.011590798727814516,0
CAND_0000516,0.0005994364236668109,0.2,8.0,6.58,23.5,0.3,2,90,0.052888164897003015,0
CAND_0002162,0.0005994288194599405,0.0,2.8,2.75,33.0,-1.0,3,90,-0.06041199479134126,0
CAND_0000276,0.0005992517219964976,0.0,1.6,1.58,19.0,-1.0,2,90,-0.07241571383807355,0
CAND_0000491,0.0005990669395472737,0.2,14.1,11.0,33.4,-1.0,3,90,0.07158040573049276,0
CAND_0002598,0.0005988561846872473,0.0,13.7,13.5,40.5,28.1,3,150,0.04067597987843219,0
CAND_0003419,0.0005979825350848892,0.2,11.4,6.0,27.0,-1.0,2,60,0.1715576332367827,2
CAND_0000151,0.0005974800198540672,0.2,6.3,4.33,24.67,23.9,3,150,0.059447080416935416,0
CAND_0001552,0.0005974113660678728,0.2,2.5,2.5,30.0,-1.0,3,90,-0.0034543613125746775,0
CAND_0002650,0.0005973359720031458,0.0,10.9,7.83,25.8,-1.0,3,120,0.01154405541206606,0
CAND_0003818,0.0005969312126917993,0.0,8.5,8.25,24.75,21.2,3,30,0.11873555546652778,1
CAND_0001737,0.0005968006418421997,0.6,13.8,5.75,32.6,25.4,3,60,0.3179328134786862,3
CAND_0002063,0.0005960280484832232,0.4,6.9,4.17,27.33,-1.0,3,30,0.20051658901814767,2
CAND_0003485,0.0005955173709492328,0.2,6.3,1.75,24.67,2.2,1,60,0.1877058647899339,2
CAND_0002150,0.0005950857085685868,0.0,12.2,1.58,36.0,-1.0,3,90,0.011496799879940317,0
CAND_0000504,0.0005948472713070583,0.0,14.8,10.92,29.33,-1.0,3,150,0.011491792697448225,0
CAND_0000626,0.0005947814858143203,0.0,8.0,3.42,31.67,-1.0,3,120,-0.008509588797899287,0
CAND_0003959,0.0005944500916447227,0.2,6.6,4.17,26.0,15.7,3,90,0.05418345192453916,0
CAND_0001607,0.0005942387741235391,0.2,10.0,7.25,39.67,32.7,3,30,0.20517901425659432,2
CAND_0004833,0.0005941927174803887,0.2,11.3,3.83,19.0,-1.0,3,30,0.17147804706708816,2
CAND_0003402,0.0005941712053363701,0.2,7.3,3.83,21.5,-1.0,3,150,0.04447759531206377,0
CAND_0004844,0.0005939907335684286,0.0,8.1,4.08,32.0,-1.0,3,90,-0.007526194595062999,0
CAND_0004511,0.0005935646595736759,0.0,13.8,8.83,27.33,-1.0,3,120,0.0114648578510472,0
CAND_0003107,0.0005931605288464288,0.0,4.0,3.08,23.5,41.9,3,90,-0.005643628894225011,0
CAND_0000546,0.0005928736898769805,0.2,1.1,1.08,13.0,-1.0,3,120,-0.01754965251258342,0
CAND_0004774,0.0005927986554399212,0.2,3.2,3.17,19.0,48.1,3,30,0.15254877176423834,1
CAND_0002279,0.0005926785429891019,0.0,14.3,5.17,28.17,-1.0,3,30,0.11144624940277115,1
CAND_0001101,0.0005921942054387993,0.0,12.1,10.17,35.75,-1.0,3,60,0.11143607831421479,1
CAND_0002098,0.0005920968457628048,0.2,12.0,11.83,35.5,-1.0,3,60,0.1714340337610189,2
CAND_0002826,0.0005920953884659299,0.0,10.5,5.58,31.0,-1.0,3,120,0.011434003157784534,0
CAND_0001304,0.0005918729873568484,0.0,8.2,8.08,32.33,-1.0,3,90,-0.006570667265506203,0
CAND_0003441,0.0005918560606060606,0.2,3.4,3.33,40.0,42.5,3,120,0.04892897727272727,0
CAND_0002782,0.0005914556823647733,0.0,10.9,6.75,25.6,-1.0,1,90,0.06142056932966025,0
CAND_0000153,0.0005913642486876105,0.0,3.8,0.0,22.5,28.0,3,30,0.07841864922243982,0
CAND_0003156,0.000590629898242336,0.0,3.8,2.67,22.5,-1.0,3,60,0.04940322786308905,0
CAND_0001829,0.000590602125262647,0.2,4.1,4.0,24.0,-1.0,3,90,0.012402644630515575,0
CAND_0003249,0.0005903917928106875,0.0,1.4,1.33,16.0,17.0,2,90,-0.05660177235097557,0
CAND_0002133,0.000590355123255576,0.4,9.4,9.33,37.33,-1.0,3,150,0.1253974575883671,1
CAND_0001383,0.0005888309811579286,0.0,2.3,0.0,13.0,48.0,3,120,-0.016634549395683512,0
CAND_0004744,0.0005884633443759754,0.2,12.3,5.08,20.71,-1.0,1,90,0.12135773023189547,1
CAND_0001917,0.0005884018593222752,0.0,2.0,2.0,24.0,32.4,3,60,0.06475643904576778,0
CAND_0002350,0.0005882582580715148,0.0,5.8,5.75,34.5,-1.0,2,60,0.0693534234195018,0
CAND_0004851,0.0005880993053240787,0.0,2.8,0.0,33.0,-1.0,3,150,-0.06064991458819436,0
CAND_0001356,0.0005876193509554778,0.2,2.2,2.17,26.0,-1.0,3,90,-0.006659993629934968,0
CAND_0004085,0.0005876005641615147,0.2,8.7,4.67,52.0,-1.0,3,30,0.15833961184739181,1
CAND_0000264,0.0005874401467738006,0.2,2.9,2.83,34.0,-1.0,3,90,0.00033624308224980415,0
CAND_0000161,0.0005873388718733502,0.2,12.4,8.5,21.0,-1.0,3,60,0.17133411630934037,2
CAND_0001906,0.0005865102639296188,0.0,4.2,0.0,25.0,53.1,3,150,0.00741671554252199,0
CAND_0003422,0.000586503278591885,0.2,3.9,3.83,23.0,-1.0,3,90,0.010316568850429586,0
CAND_0001471,0.0005858107785085473,0.0,1.7,1.67,10.0,-1.0,3,90,-0.07169797365132051,0
CAND_0004931,0.0005858049824831901,0.4,2.4,2.33,28.0,45.0,1,30,0.25130190463214697,3
CAND_0004429,0.0005856009211877118,0.2,1.2,0.0,14.0,-1.0,3,120,-0.016702380655058066,0
CAND_0002320,0.0005855241386654975,0.0,10.4,10.33,41.33,-1.0,3,90,0.01129600691197545,0
CAND_0004624,0.0005853344233359373,0.0,14.1,9.58,33.4,-1.0,2,30,0.11129202289005469,1
CAND_0001687,0.0005850306426294302,0.0,3.9,3.83,46.0,24.6,3,90,-0.02411435650478197,0
CAND_0004263,0.0005847579663265706,0.2,4.9,4.83,29.0,27.6,3,90,0.04887991729285798,0
CAND_0003983,0.0005845004645513043,0.0,12.2,12.0,36.0,-1.0,3,30,0.1112745097555774,1
CAND_0003013,0.000584385226741468,0.2,9.0,5.58,26.5,-1.0,3,150,0.06127208976157081,0
CAND_0003271,0.0005843172622783991,0.2,4.2,4.17,25.0,-1.0,3,30,0.11327066250784637,1
CAND_0003481,0.000584197027886031,0.4,8.5,4.42,20.0,23.1,3,90,0.14036813758560665,1
CAND_0004939,0.0005841254960741674,0.2,1.7,1.67,20.0,25.4,3,120,0.014666635417557514,0
CAND_0001748,0.0005840782297355828,0.2,8.5,4.83,25.0,-1.0,3,60,0.15626564282444724,1
CAND_0000020,0.0005839527630188174,0.0,6.3,6.25,25.0,-1.0,1,30,0.12426300802339517,1
CAND_0001914,0.000583003883847481,0.2,7.7,7.67,30.67,35.3,1,60,0.23454308156079706,2
CAND_0003570,0.0005829153466368316,0.0,7.4,5.0,17.4,-1.0,3,60,0.08524122227937347,1
CAND_0002288,0.0005828652067094978,0.0,9.8,9.67,29.0,-1.0,3,90,0.009240169340899454,0
CAND_0001944,0.0005826001279382426,0.0,6.3,0.5,25.0,6.6,3,90,-0.018165397313296916,0
CAND_0002418,0.0005820721769499418,0.2,2.7,0.0,16.0,-1.0,3,90,-0.0017764842840512218,0
CAND_0004440,0.0005819919723851126,0.0,9.3,3.92,22.0,-1.0,3,90,0.004221831420087363,0
CAND_0004808,0.0005818809982336734,0.0,1.3,1.25,15.0,46.6,3,90,-0.028180499037092854,0
CAND_0000474,0.0005808837470650701,0.0,8.8,2.83,26.0,20.0,3,90,0.02019855868836648,0
CAND_0001187,0.0005804528770651338,0.0,13.0,5.33,30.8,-1.0,3,90,0.011189510418367812,0
CAND_0002958,0.0005803177719281642,0.0,1.6,0.0,19.0,29.1,2,90,-0.04271332678950855,0
CAND_0001888,0.0005800379395885014,0.4,8.9,8.75,26.25,-1.0,2,90,0.12018079673135854,1
CAND_0000976,0.0005795173713865715,0.0,7.1,7.0,28.0,-1.0,3,60,0.08216986479911799,0
CAND_0001763,0.0005793179742509261,0.4,11.9,10.33,35.5,-1.0,2,60,0.23116567745926944,2
CAND_0000863,0.0005792531744013377,0.2,2.1,2.08,25.0,-1.0,2,60,0.0921643166624281,1
CAND_0001751,0.0005789706639286423,0.2,4.5,4.42,26.5,30.4,3,120,0.047558383942501475,0
CAND_0000811,0.000578908366886772,0.2,14.0,7.17,41.5,-1.0,1,60,0.22115707570462223,2
CAND_0000424,0.0005787633419212367,0.0,12.7,12.5,30.0,-1.0,3,90,0.01115403018034597,0
CAND_0004115,0.0005787037037037037,0.0,7.3,2.0,17.2,-1.0,3,120,-0.015847222222222235,0
CAND_0000380,0.000578221894634565,0.4,2.1,0.0,25.0,-1.0,3,60,0.15214265978732586,1
CAND_0004901,0.0005778095000454557,0.0,14.1,10.75,33.4,-1.0,3,120,0.011133999500954561,0
CAND_0002155,0.0005776436434564883,0.0,12.2,11.42,28.8,5.8,3,120,0.01793051651258626,0
CAND_0001992,0.0005770702743084118,0.0,12.3,4.5,20.57,-1.0,3,120,0.011118475760476643,0
CAND_0002206,0.0005768676088837611,0.0,1.2,0.0,14.0,-1.0,3,120,-0.07688578021344103,0
CAND_0001938,0.000576434551218891,0.0,12.6,12.42,37.25,-1.0,3,60,0.11110512557559671,1
CAND_0003815,0.0005763984076423072,0.0,2.3,2.25,27.0,-1.0,3,120,-0.06589563343951156,0
CAND_0003528,0.0005762152919413431,0.2,7.3,0.0,28.67,-1.0,3,60,0.1441005211307682,1
CAND_0002203,0.0005761536048156556,0.2,11.7,11.58,34.75,38.2,3,60,0.2102992257011288,2
CAND_0004304,0.000576092111022507,0.4,3.7,3.58,21.5,-1.0,3,150,0.06809793433147265,0
CAND_0004924,0.0005760914572083536,0.0,7.1,0.0,42.0,-1.0,2,30,0.08209792060137541,0
CAND_0001332,0.0005760218353373413,0.0,11.2,11.08,44.33,9.5,3,150,0.021596458542084168,0
CAND_0004312,0.0005760187165039354,0.0,9.3,3.33,36.67,-1.0,1,90,0.05409639304658265,0
CAND_0001049,0.0005760176744137836,0.0,8.5,1.83,33.67,-1.0,3,150,-0.0039036288373105466,0
CAND_0000720,0.0005753042606410207,0.2,12.6,9.83,24.83,-1.0,3,30,0.17108138947346144,2
CAND_0003975,0.0005750802928662426,0.0,7.3,4.25,21.5,-1.0,2,30,0.0840766861501911,1
CAND_0002833,0.000575051140285879,0.2,7.3,7.25,43.5,-1.0,3,150,0.04407607394600346,0
CAND_0000290,0.0005750432232833828,0.2,2.3,2.25,27.0,-1.0,3,30,0.09407590768895102,1
CAND_0002602,0.0005748616195311441,0.0,1.3,0.0,15.0,-1.0,3,120,-0.07592790598984597,0
CAND_0000169,0.0005742296918767507,0.0,14.9,14.75,29.5,-1.0,3,60,0.11105882352941177,1
CAND_0001567,0.0005741464008207672,0.2,6.6,6.5,26.0,30.2,1,90,0.11825707441723612,1
CAND_0003000,0.0005741087729056886,0.4,10.2,8.08,29.75,-1.0,3,120,0.13105628423101945,1
CAND_0002493,0.0005737735907985818,0.0,1.0,1.0,12.0,-1.0,2,60,0.021049245406770216,0
CAND_0001965,0.0005735241902607735,0.2,4.2,4.08,24.5,-1.0,3,60,0.11304400799547623,1
CAND_0001899,0.0005735051612277042,0.4,9.8,9.67,38.67,-1.0,2,150,0.12904360838578177,1
CAND_0004255,0.0005731552079369037,0.2,9.1,9.0,36.0,-1.0,1,150,0.11203625936667497,1
CAND_0003345,0.000573146935457806,0.0,13.9,2.75,41.25,20.5,3,60,0.13253608564461392,1
CAND_0003657,0.0005720823798627002,0.0,8.0,3.5,23.5,47.5,3,90,0.03951372997711669,0
CAND_0004655,0.000571430857152,0.0,1.6,0.0,19.0,-1.0,3,90,-0.07299995199980801,0
CAND_0000549,0.0005711288817036673,0.0,7.0,0.83,20.5,-1.0,3,90,-0.01900629348422299,0
CAND_0003583,0.0005709103506094757,0.0,8.5,6.83,33.67,-1.0,3,150,-0.004010882637201008,0
CAND_0004709,0.0005708352209890217,0.0,2.6,1.0,15.5,-1.0,2,60,0.03698753964076946,0
CAND_0004410,0.0005707762557077625,0.6,10.0,0.0,29.75,8.6,2,90,0.20058630136986302,2
CAND_0004714,0.0005701724338935301,0.0,11.8,7.83,35.0,-1.0,3,60,0.11097362111176413,1
CAND_0004812,0.0005701500021950297,0.0,3.6,3.58,43.0,3.0,3,30,0.05097315004609563,0
CAND_0004708,0.0005701254275940707,0.2,6.6,6.5,26.0,-1.0,3,90,0.03697263397947548,0
CAND_0003870,0.0005701024190055705,0.4,14.5,5.75,34.6,-1.0,2,90,0.13097215079911698,1
CAND_0002669,0.0005698682737179175,0.4,11.8,7.58,35.0,45.1,3,120,0.17706723374807629,2
CAND_0001623,0.0005698005698005698,0.0,2.1,2.08,25.0,24.8,2,90,-0.04223418803418804,0
CAND_0001584,0.0005697581044793241,0.0,14.5,9.08,24.57,9.4,3,90,0.021364920194065815,0
CAND_0003716,0.0005692338923495839,0.2,11.0,10.92,43.67,-1.0,3,120,0.07095391173934126,0
CAND_0000707,0.0005692052508131503,0.0,7.5,0.0,29.67,46.7,3,30,0.13365331026707616,1
CAND_0002225,0.0005691519635742744,0.2,4.3,4.25,25.5,21.8,2,30,0.13675219123505977,1
CAND_0003243,0.0005690463962227518,0.2,4.6,1.08,27.5,-1.0,2,60,0.11694997432067779,1
CAND_0001029,0.0005690116756942765,0.2,1.1,1.08,13.0,-1.0,3,150,-0.018050754810420205,0
CAND_0003647,0.0005690050458801519,0.2,9.0,4.17,26.75,-1.0,2,30,0.1609491059634832,1
CAND_0004451,0.0005689304688633116,0.2,14.2,6.67,33.6,-1.0,3,150,0.07094753984612953,0
CAND_0004108,0.0005688282138794084,0.0,5.9,3.25,23.33,-1.0,2,120,-0.03005460750853242,0
CAND_0001156,0.000568662396282508,0.2,13.2,5.42,31.2,-1.0,2,90,0.07094191032193267,0
CAND_0001379,0.000568535353374198,0.0,5.5,3.75,21.67,-1.0,2,120,-0.03406075757914184,0
CAND_0001936,0.0005684609463224594,0.2,1.1,0.0,13.0,-1.0,3,60,0.08193767987277165,0
CAND_0001646,0.000568296097647546,0.0,9.4,3.75,27.75,-1.0,3,90,0.00493421805059846,0
CAND_0004380,0.0005681818181818182,0.4,2.0,2.0,24.0,-1.0,3,60,0.15093181818181817,1
CAND_0002948,0.000567725924353589,0.0,13.0,11.08,30.8,-1.0,3,60,0.11092224441142537,1
CAND_0003900,0.0005675368898978433,0.0,3.5,3.5,21.0,-1.0,3,90,-0.05408172531214529,0
CAND_0002960,0.0005674060051377667,0.0,12.9,12.75,38.25,-1.0,3,60,0.11091552610789311,1
CAND_0002628,0.0005673394913901243,0.0,13.9,5.17,32.8,-1.0,2,90,0.010914129319192611,0
CAND_0004563,0.0005672149744753262,0.0,2.9,1.17,17.0,60.4,3,60,0.10131151446398184,1
CAND_0001139,0.0005671113620195024,0.4,13.9,10.92,33.0,-1.0,2,60,0.23090933860240956,2
CAND_0002085,0.0005670699732692136,0.2,4.2,4.08,24.5,-1.0,1,90,0.0629084694386535,0
CAND_0003915,0.0005667401871273054,0.2,9.2,9.08,27.25,-1.0,3,90,0.0629015439296734,0
CAND_0004268,0.0005665722379603399,0.0,4.5,4.42,26.5,-1.0,3,90,-0.04410198300283287,0
CAND_0003145,0.0005662514156285391,0.0,5.0,4.92,29.5,-1.0,2,90,-0.03910872027180068,0
CAND_0001208,0.0005661781766428592,0.0,5.8,1.83,22.67,-1.0,2,120,-0.031110258290499973,0
CAND_0004200,0.0005660497664705976,0.2,13.6,6.25,23.0,15.3,3,90,0.08718704509588254,1
CAND_0002970,0.0005660031002692339,0.0,4.9,1.5,29.0,-1.0,3,90,-0.040113934894346094,0
CAND_0003784,0.000565995901925024,0.6,14.3,10.33,42.25,37.1,1,60,0.3789859139404255,3
CAND_0004021,0.000565945313459163,0.2,4.8,1.58,28.5,-1.0,3,120,0.018884851582642415,0
CAND_0000606,0.0005658446914904869,0.0,7.8,5.17,23.0,-1.0,3,60,0.08888273852130021,1
CAND_0002245,0.000565161782990308,0.2,10.3,10.25,41.0,34.3,3,120,0.10616839744279646,1
CAND_0000339,0.0005649341808839541,0.0,1.6,1.58,19.0,18.5,2,120,-0.053636382201436975,0
CAND_0000854,0.000564652738565782,0.0,7.1,3.58,27.67,38.9,1,120,0.07175770750988142,0
CAND_0001463,0.0005645010929026781,0.0,9.7,5.42,28.5,29.8,3,120,0.03865452295095623,0
CAND_0002771,0.0005643102417295966,0.2,14.4,8.67,24.43,-1.0,3,60,0.17085051507632154,2
CAND_0003484,0.0005642328073761488,0.2,6.9,6.75,27.0,-1.0,3,90,0.0398488889548991,0
CAND_0000730,0.000564145331326496,0.0,4.0,3.92,15.67,-1.0,3,120,-0.04915294804214359,0
CAND_0004852,0.0005640157924421884,0.0,7.0,6.92,27.67,-1.0,1,90,0.030844331641285944,0
CAND_0003237,0.0005638751872681952,0.0,13.4,9.67,31.8,-1.0,3,120,0.010841378932632095,0
CAND_0002416,0.000563851812695476,0.0,11.6,8.33,22.83,-1.0,2,90,0.010840888066604992,0
CAND_0000248,0.0005636176727033904,0.2,4.1,4.0,16.0,-1.0,1,90,0.061835971126771166,0
CAND_0002618,0.0005628835607046379,0.0,13.0,10.83,30.8,19.7,3,150,0.0315205547747974,0
CAND_0002452,0.0005627462014631402,0.0,3.3,3.25,19.5,-1.0,2,60,0.04381767023072594,0
CAND_0001882,0.0005625493915528208,0.2,4.4,3.83,17.33,-1.0,3,90,0.014813537222609224,0
CAND_0002167,0.0005622289494911073,0.0,12.6,12.33,24.67,43.9,3,30,0.15570680793931327,1
CAND_0003191,0.0005620121121533051,0.0,5.1,3.0,30.5,-1.0,3,60,0.061802254355219396,0
CAND_0000698,0.0005618555936392454,0.0,14.1,10.67,23.86,-1.0,3,90,0.010798967466424156,0
CAND_0001630,0.0005614823133071309,0.0,4.9,4.83,29.0,32.7,2,120,-0.006508871420550261,0
CAND_0002228,0.0005614269300813505,0.2,1.1,0.0,13.0,-1.0,3,60,0.08178996553170835,0
CAND_0000278,0.0005613084141431548,0.0,1.9,0.0,22.0,-1.0,2,30,0.029787476697006248,0
CAND_0004937,0.0005612083489448339,0.2,13.0,10.58,38.5,-1.0,2,120,0.07078537532784149,0
CAND_0001250,0.0005609305581934032,0.2,4.5,3.0,27.0,-1.0,3,60,0.11577954172206147,1
CAND_0004751,0.0005608183904765888,0.4,8.3,8.17,32.67,46.8,3,30,0.26157718620000836,3
CAND_0000630,0.0005600234983202422,0.2,8.7,5.75,20.6,-1.0,3,120,0.05776049346472509,0
CAND_0000649,0.0005599104143337066,0.0,4.5,4.5,27.0,-1.0,2,120,-0.04424188129899217,0
CAND_0000641,0.0005596611067450648,0.0,12.2,9.75,24.0,-1.0,2,30,0.11075288324164637,1
CAND_0004491,0.0005595970900951316,0.2,4.7,4.67,28.0,65.7,3,90,0.08445153889199777,1
CAND_0000131,0.0005592841163310962,0.0,4.8,4.67,28.0,-1.0,3,60,0.05874496644295302,0
CAND_0001473,0.0005591326332478191,0.2,13.8,13.58,40.75,-1.0,3,120,0.07074178529820421,0
CAND_0000542,0.0005588859661901477,0.0,12.9,8.5,30.6,-1.0,2,30,0.1107366052899931,1
CAND_0004142,0.0005588491578705163,0.2,6.6,3.83,26.0,31.7,3,120,0.06943583231528086,0
CAND_0002967,0.0005583698735815829,0.0,15.0,6.25,29.5,46.7,2,60,0.15842576734521324,1
CAND_0003529,0.0005583472920156337,0.2,5.8,2.25,23.0,-1.0,3,90,0.0287252931323283,0
CAND_0000621,0.0005581478822684853,0.2,7.7,5.92,22.75,18.1,1,150,0.11682110552763816,1
CAND_0000578,0.0005580357142857143,0.2,6.9,6.83,41.0,-1.0,3,120,0.03971875,0
CAND_0002053,0.0005576653982756178,0.0,12.9,8.33,25.33,-1.0,2,90,0.01071097336378797,0
CAND_0004161,0.0005576529642523643,0.0,13.2,8.0,39.25,-1.0,3,60,0.11071071224929965,1
CAND_0000779,0.0005573477175690724,0.0,6.6,3.25,39.0,43.3,3,60,0.12100430206895052,1
CAND_0004376,0.0005571639786529694,0.0,10.2,3.75,24.0,49.7,3,150,0.06140044355171237,0
CAND_0002986,0.0005571030640668524,0.0,4.4,4.33,26.0,9.4,2,60,0.0650991643454039,0
CAND_0003268,0.0005569079196008045,0.2,7.1,5.5,28.33,-1.0,3,60,0.14169506631161688,1
CAND_0003778,0.0005568629255247846,0.2,14.8,8.33,29.17,-1.0,3,90,0.07069412143602047,0
CAND_0004385,0.0005568182583147141,0.2,10.3,2.25,30.5,-1.0,2,150,0.07069318342460898,0
CAND_0003227,0.0005567730450004537,0.4,3.8,1.0,15.0,-1.0,3,90,0.06869223394500953,0
CAND_0003121,0.0005564830272676684,0.2,7.3,5.58,29.0,-1.0,1,30,0.19368614357262104,2
CAND_0002885,0.0005561735261401557,0.0,3.9,3.83,23.0,52.9,2,120,0.003579644048943259,0
CAND_0004485,0.0005560572854050301,0.2,5.1,0.0,30.0,-1.0,3,60,0.12167720299350562,1
CAND_0003702,0.00055594266321075,0.0,6.4,6.33,38.0,20.2,3,150,-0.0041252040725742595,0
CAND_0003444,0.000555717250153353,0.0,13.1,8.58,39.25,-1.0,3,120,0.010670062253220411,0
CAND_0004013,0.0005555555555555556,0.2,3.5,1.83,20.5,-1.0,2,60,0.10566666666666666,1
CAND_0002093,0.0005555448672317797,0.0,9.3,5.5,27.5,-1.0,3,150,0.0036664422118673767,0
CAND_0002571,0.0005553415777889231,0.4,7.7,7.67,30.67,-1.0,3,120,0.10766217313356738,1
CAND_0004679,0.0005549389567147614,0.0,3.9,3.83,23.0,63.5,3,90,0.014153718091009987,0
CAND_0002466,0.0005547800125538088,0.2,13.4,13.17,31.6,-1.0,2,60,0.17065038026363,2
CAND_0001097,0.000554681586228248,0.0,4.8,3.5,18.67,38.1,2,120,-0.0022516866892068055,0
CAND_0001575,0.0005546311702717693,0.0,6.4,4.0,25.33,-1.0,2,90,-0.025352745424292847,0
CAND_0000392,0.0005544761082325849,0.0,14.7,14.5,34.8,-1.0,3,90,0.010643998272884286,0
CAND_0003545,0.0005543491843648328,0.2,1.7,1.67,20.0,41.1,2,150,0.029741332871661474,0
CAND_0000996,0.0005543237250554324,0.2,3.6,3.58,21.5,16.0,3,120,0.023640798226164078,0
CAND_0003606,0.0005541478354816836,0.4,13.2,9.0,31.4,-1.0,3,30,0.23063710454511535,2
CAND_0003137,0.0005541065898469254,0.2,2.1,2.08,25.0,-1.0,3,90,-0.008363761613214574,0
CAND_0004776,0.0005540683182179144,0.0,12.4,11.08,29.2,37.0,3,90,0.048635434682576195,0
CAND_0003536,0.000554016620498615,0.0,5.3,5.25,31.5,-1.0,2,60,0.06363434903047091,0
CAND_0004780,0.0005539489912319472,0.0,3.6,3.0,21.5,-1.0,2,120,-0.05336707118412912,0
CAND_0000613,0.0005535948645971191,0.2,5.8,0.0,34.5,38.8,3,60,0.1684254921565395,2
CAND_0001248,0.0005534034311012728,0.4,5.2,5.17,31.0,-1.0,3,90,0.08262147205312673,0
CAND_0004646,0.0005532728737613977,0.0,2.8,2.67,16.0,-1.0,3,90,-0.06138126965101066,0
CAND_0000656,0.0005532118930989771,0.2,11.0,8.83,26.2,-1.0,3,90,0.07061744975507853,0
CAND_0004517,0.0005530973451327434,0.0,3.5,1.33,20.5,44.2,3,90,-0.009184955752212398,0
CAND_0003555,0.0005528961961167773,0.2,9.8,8.67,29.0,-1.0,3,60,0.16861082011845233,2
CAND_0003898,0.000552598365058661,0.2,9.0,2.08,21.2,-1.0,3,90,0.060604565666231874,0
CAND_0001582,0.0005524911607516626,0.0,6.8,2.83,26.67,-1.0,2,120,-0.021397685624215082,0
CAND_0004611,0.0005524873621742161,0.2,14.5,5.5,28.5,43.8,2,90,0.11540223460565854,1
CAND_0002389,0.0005524861878453039,0.2,5.3,5.17,20.67,-1.0,3,60,0.12360220994475138,1
CAND_0001668,0.0005521811154058532,0.0,2.5,2.42,14.5,30.3,3,30,0.06689580342352291,0
CAND_0000009,0.0005520461320325581,0.0,11.0,6.83,32.75,-1.0,3,150,0.010592968772683717,0
CAND_0000190,0.0005518763796909492,0.0,3.7,1.0,22.0,-1.0,2,120,-0.052410596026490064,0
CAND_0002587,0.0005517546895943638,0.2,14.7,10.75,34.8,-1.0,3,60,0.17058684848148165,2
CAND_0002513,0.0005516396280069403,0.2,1.9,1.83,22.0,-1.0,1,150,0.03958443218814575,0
CAND_0001835,0.0005515719801434088,0.0,4.5,0.0,54.0,9.8,3,120,-0.033616988416988416,0
CAND_0004526,0.0005509641873278236,0.0,4.0,3.92,23.5,39.7,3,90,-0.008729752066115704,0
CAND_0003532,0.0005506607929515419,0.0,5.2,3.75,20.33,-1.0,3,120,-0.03743612334801763,0
CAND_0000597,0.0005504712639425627,0.0,14.1,5.83,28.0,-1.0,3,150,0.010559896542793809,0
CAND_0000773,0.0005504069774389867,0.2,13.0,8.42,25.5,-1.0,3,120,0.07055854652621871,0
CAND_0003765,0.000550357732526142,0.2,2.1,2.08,25.0,24.0,1,60,0.166557512383049,2
CAND_0000078,0.000550155196868198,0.2,10.3,4.58,30.75,2.5,3,150,0.07405325913423216,0
CAND_0001116,0.00055005500550055,0.2,2.6,2.58,31.0,10.0,3,30,0.10755115511551155,1
CAND_0000637,0.0005498681274689083,0.4,3.9,0.0,46.0,10.8,3,90,0.08134723067684707,0
CAND_0000670,0.0005497678903162848,0.2,10.4,10.25,30.75,-1.0,3,120,0.07054512569664198,0
CAND_0002957,0.0005497526113249038,0.0,6.0,5.83,23.33,-1.0,1,120,0.020544804837822978,0
CAND_0001952,0.000549611454509324,0.2,10.8,9.25,32.25,42.4,3,90,0.11394184054469578,1
CAND_0000616,0.0005495316333106995,0.2,6.3,2.17,37.5,-1.0,3,150,0.033540164299524694,0
CAND_0001686,0.0005489279741997134,0.4,10.1,3.0,30.25,-1.0,3,90,0.13052748745819398,1
CAND_0001241,0.0005488474204171241,0.4,7.1,7.0,21.0,-1.0,3,120,0.10152579582875956,1
CAND_0002627,0.0005488104327752028,0.0,13.0,10.08,22.0,14.5,1,60,0.17602501908827928,2
CAND_0000595,0.0005487547644736106,0.0,2.9,2.83,17.0,44.6,3,60,0.08512385005394582,1
CAND_0002979,0.0005485463521667581,0.0,7.0,4.33,27.67,-1.0,1,60,0.13051947339550193,1
CAND_0000323,0.000548370263269587,0.2,14.4,9.92,28.33,-1.0,1,60,0.2205157755286613,2
CAND_0002178,0.0005481972596597887,0.4,11.2,1.83,33.0,23.2,3,90,0.15471214245285556,1
CAND_0000440,0.000547945205479452,0.2,7.5,4.75,29.67,-1.0,2,90,0.04550684931506846,0
CAND_0001094,0.0005479213645822549,0.0,11.0,7.67,32.5,-1.0,2,60,0.11050634865622735,1
CAND_0002586,0.000547645125958379,0.0,4.0,3.92,23.5,61.1,3,120,0.012600547645125956,0
CAND_0002008,0.0005475746629285013,0.4,13.3,3.75,31.4,-1.0,3,30,0.23049906792149852,2
CAND_0004908,0.000547427070458274,0.0,5.8,1.33,22.67,-1.0,3,90,-0.03150403152037626,0
CAND_0003763,0.0005473652169327894,0.2,10.3,8.58,30.5,-1.0,2,30,0.17049466955558856,2
CAND_0001227,0.0005473453749315818,0.2,7.1,7.0,21.0,21.7,3,60,0.1641942528735632,2
CAND_0002999,0.0005469884551967518,0.2,9.9,9.75,29.25,-1.0,3,120,0.06948675755913178,0
CAND_0002728,0.0005467468562055768,0.2,5.5,5.42,32.5,-1.0,3,90,0.02548168398031711,0
CAND_0003318,0.0005467149866235727,0.2,1.9,1.83,22.0,39.8,2,90,0.03028101471909503,0
CAND_0000638,0.0005466686288501129,0.2,7.1,7.0,42.0,-1.0,2,150,0.04148004120585236,0
CAND_0004543,0.0005465777163092315,0.2,8.4,8.25,24.75,7.6,3,60,0.16307813204249386,2
CAND_0000594,0.0005465685516747371,0.2,7.4,5.33,29.33,-1.0,3,60,0.14447793958516947,1
CAND_0001394,0.000546448087431694,0.2,3.1,3.08,18.5,-1.0,3,120,0.001475409836065561,0
CAND_0002504,0.0005461879694213599,0.0,2.0,2.0,24.0,-1.0,2,60,0.030469947357848554,0
CAND_0000820,0.0005461496450027307,0.2,2.5,2.5,30.0,6.4,3,90,0.0028691425450573377,0
CAND_0000434,0.0005459456018199838,0.2,3.6,3.5,21.0,-1.0,3,90,0.006464857638219648,0
CAND_0001989,0.0005458515283842794,0.4,5.9,5.83,35.0,-1.0,3,90,0.08946288209606987,1
